  0
SECTION
  2
HEADER
  9
$ANGBASE
  50
0.0
  9
$ANGDIR
  70
1
  9
$MEASUREMENT
  70
1
  0
ENDSEC
  0
SECTION
  2
TABLES
  0
TABLE
  2
LTYPE
  70
4
  0
LTYPE
  5
40F
  2
CONTINUOUS
  70
0
  3
Solid line
  72
65
  73
0
  40
0.0
  0
LTYPE
  5
410
  2
DASHDOT
 70
0
  3
Dash Dot ____ _ ____ _
 72
65
 73
4
 40
2.0
 49
1.25
 49
-0.25
 49
0.25
 49
-0.25
  0
LTYPE
  5
411
  2
DASHED
 70
0
  3
Dashed __ __ __ __ __
 72
65
 73
2
 40
0.75
 49
0.5
 49
-0.25
  0
LTYPE
  5
43B
  2
DOTTED
 70
0
  3
Dotted .  .  .  .
 72
65
 73
2
 40
0.2
 49
0.0
 49
-0.2
  0
ENDTAB
  0
TABLE
  2
STYLE
  70
4
  0
STYLE
  2
KICAD
  70
0
  40
0
  41
1
  42
1
  50
0
  71
0
  3
isocp.shx
  0
STYLE
  2
KICADB
  70
0
  40
0
  41
1
  42
1
  50
0
  71
0
  3
isocp.shx
  0
STYLE
  2
KICADI
  70
0
  40
0
  41
1
  42
1
  50
15
  71
0
  3
isocp.shx
  0
STYLE
  2
KICADBI
  70
0
  40
0
  41
1
  42
1
  50
15
  71
0
  3
isocp.shx
  0
ENDTAB
  0
TABLE
  2
LAYER
  70
1
  0
LAYER
  2
BLACK
  70
0
  62
7
  6
CONTINUOUS
  0
ENDTAB
  0
ENDSEC
  0
SECTION
  2
ENTITIES
0
LINE
8
BLACK
6
CONTINUOUS
10
74.3590049999999962
20
-143.2710030000000074
11
74.4894060000000025
21
-143.3250170000000026
0
LINE
8
BLACK
6
CONTINUOUS
10
74.4894060000000025
20
-143.3250170000000026
11
74.6067630000000008
21
-143.4034319999999809
0
LINE
8
BLACK
6
CONTINUOUS
10
74.6067630000000008
20
-143.4034319999999809
11
74.7065679999999901
21
-143.5032369999999844
0
LINE
8
BLACK
6
CONTINUOUS
10
74.7065679999999901
20
-143.5032369999999844
11
74.7849829999999969
21
-143.6205939999999828
0
LINE
8
BLACK
6
CONTINUOUS
10
74.7849829999999969
20
-143.6205939999999828
11
74.838996999999992
21
-143.750994999999989
0
LINE
8
BLACK
6
CONTINUOUS
10
74.838996999999992
20
-143.750994999999989
11
74.8665329999999898
21
-143.889427999999981
0
LINE
8
BLACK
6
CONTINUOUS
10
74.8665329999999898
20
-143.889427999999981
11
74.8665329999999898
21
-144.0305720000000065
0
LINE
8
BLACK
6
CONTINUOUS
10
74.8665329999999898
20
-144.0305720000000065
11
74.838996999999992
21
-144.1690049999999985
0
LINE
8
BLACK
6
CONTINUOUS
10
74.838996999999992
20
-144.1690049999999985
11
74.7874999999999943
21
-144.293329
0
LINE
8
BLACK
6
CONTINUOUS
10
74.7874999999999943
20
-144.293329
11
74.7874999999999943
21
-145.8799999999999955
0
LINE
8
BLACK
6
CONTINUOUS
10
74.7874999999999943
20
-145.8799999999999955
11
74.7844300000000004
21
-145.9424860000000024
0
LINE
8
BLACK
6
CONTINUOUS
10
74.7844300000000004
20
-145.9424860000000024
11
74.7731299999999948
21
-145.9992969999999843
0
LINE
8
BLACK
6
CONTINUOUS
10
74.7731299999999948
20
-145.9992969999999843
11
74.7600489999999951
21
-146.0650559999999984
0
LINE
8
BLACK
6
CONTINUOUS
10
74.7600489999999951
20
-146.0650559999999984
11
74.7122250000000037
21
-146.1805149999999855
0
LINE
8
BLACK
6
CONTINUOUS
10
74.7122250000000037
20
-146.1805149999999855
11
74.712223999999992
21
-146.180515999999983
0
LINE
8
BLACK
6
CONTINUOUS
10
74.712223999999992
20
-146.180515999999983
11
74.642793999999995
21
-146.2844259999999963
0
LINE
8
BLACK
6
CONTINUOUS
10
74.642793999999995
20
-146.2844259999999963
11
74.6007800000000003
21
-146.3307810000000018
0
LINE
8
BLACK
6
CONTINUOUS
10
74.6007800000000003
20
-146.3307810000000018
11
72.8707809999999938
21
-148.0607809999999915
0
LINE
8
BLACK
6
CONTINUOUS
10
72.8707809999999938
20
-148.0607809999999915
11
72.824434999999994
21
-148.1027839999999856
0
LINE
8
BLACK
6
CONTINUOUS
10
72.824434999999994
20
-148.1027839999999856
11
72.8244260000000025
21
-148.1027939999999887
0
LINE
8
BLACK
6
CONTINUOUS
10
72.8244260000000025
20
-148.1027939999999887
11
72.7205149999999918
21
-148.1722249999999974
0
LINE
8
BLACK
6
CONTINUOUS
10
72.7205149999999918
20
-148.1722249999999974
11
72.6388730000000038
21
-148.206040999999999
0
LINE
8
BLACK
6
CONTINUOUS
10
72.6388730000000038
20
-148.206040999999999
11
72.6050570000000022
21
-148.2200489999999888
0
LINE
8
BLACK
6
CONTINUOUS
10
72.6050570000000022
20
-148.2200489999999888
11
72.4824859999999944
21
-148.2444299999999942
0
LINE
8
BLACK
6
CONTINUOUS
10
72.4824859999999944
20
-148.2444299999999942
11
72.4200000000000017
21
-148.2475000000000023
0
LINE
8
BLACK
6
CONTINUOUS
10
72.4200000000000017
20
-148.2475000000000023
11
64.9489420000000024
21
-148.2475000000000023
0
LINE
8
BLACK
6
CONTINUOUS
10
64.9489420000000024
20
-148.2475000000000023
11
64.8471169999999972
21
-148.3155370000000062
0
LINE
8
BLACK
6
CONTINUOUS
10
64.8471169999999972
20
-148.3155370000000062
11
64.702227999999991
21
-148.375551999999999
0
LINE
8
BLACK
6
CONTINUOUS
10
64.702227999999991
20
-148.375551999999999
11
64.548413999999994
21
-148.4061480000000017
0
LINE
8
BLACK
6
CONTINUOUS
10
64.548413999999994
20
-148.4061480000000017
11
64.3915860000000038
21
-148.4061480000000017
0
LINE
8
BLACK
6
CONTINUOUS
10
64.3915860000000038
20
-148.4061480000000017
11
64.2377719999999925
21
-148.375551999999999
0
LINE
8
BLACK
6
CONTINUOUS
10
64.2377719999999925
20
-148.375551999999999
11
64.0928830000000005
21
-148.3155370000000062
0
LINE
8
BLACK
6
CONTINUOUS
10
64.0928830000000005
20
-148.3155370000000062
11
63.9624849999999938
21
-148.2284080000000017
0
LINE
8
BLACK
6
CONTINUOUS
10
63.9624849999999938
20
-148.2284080000000017
11
63.8515919999999966
21
-148.1175149999999974
0
LINE
8
BLACK
6
CONTINUOUS
10
63.8515919999999966
20
-148.1175149999999974
11
63.7644629999999992
21
-147.9871169999999836
0
LINE
8
BLACK
6
CONTINUOUS
10
63.7644629999999992
20
-147.9871169999999836
11
63.7044479999999993
21
-147.8422280000000057
0
LINE
8
BLACK
6
CONTINUOUS
10
63.7044479999999993
20
-147.8422280000000057
11
63.6738519999999966
21
-147.6884139999999945
0
LINE
8
BLACK
6
CONTINUOUS
10
63.6738519999999966
20
-147.6884139999999945
11
63.6738519999999966
21
-147.5315860000000043
0
LINE
8
BLACK
6
CONTINUOUS
10
63.6738519999999966
20
-147.5315860000000043
11
63.7044479999999993
21
-147.3777719999999931
0
LINE
8
BLACK
6
CONTINUOUS
10
63.7044479999999993
20
-147.3777719999999931
11
63.7644629999999992
21
-147.2328829999999869
0
LINE
8
BLACK
6
CONTINUOUS
10
63.7644629999999992
20
-147.2328829999999869
11
63.8515919999999966
21
-147.1024850000000015
0
LINE
8
BLACK
6
CONTINUOUS
10
63.8515919999999966
20
-147.1024850000000015
11
63.9624849999999938
21
-146.9915919999999971
0
LINE
8
BLACK
6
CONTINUOUS
10
63.9624849999999938
20
-146.9915919999999971
11
64.0928830000000005
21
-146.9044629999999927
0
LINE
8
BLACK
6
CONTINUOUS
10
64.0928830000000005
20
-146.9044629999999927
11
64.2377719999999925
21
-146.8444479999999999
0
LINE
8
BLACK
6
CONTINUOUS
10
64.2377719999999925
20
-146.8444479999999999
11
64.3915860000000038
21
-146.8138519999999971
0
LINE
8
BLACK
6
CONTINUOUS
10
64.3915860000000038
20
-146.8138519999999971
11
64.548413999999994
21
-146.8138519999999971
0
LINE
8
BLACK
6
CONTINUOUS
10
64.548413999999994
20
-146.8138519999999971
11
64.702227999999991
21
-146.8444479999999999
0
LINE
8
BLACK
6
CONTINUOUS
10
64.702227999999991
20
-146.8444479999999999
11
64.8471169999999972
21
-146.9044629999999927
0
LINE
8
BLACK
6
CONTINUOUS
10
64.8471169999999972
20
-146.9044629999999927
11
64.9489420000000024
21
-146.9724999999999966
0
LINE
8
BLACK
6
CONTINUOUS
10
64.9489420000000024
20
-146.9724999999999966
11
72.1559379999999919
21
-146.9724999999999966
0
LINE
8
BLACK
6
CONTINUOUS
10
72.1559379999999919
20
-146.9724999999999966
11
73.5125000000000028
21
-145.6159379999999999
0
LINE
8
BLACK
6
CONTINUOUS
10
73.5125000000000028
20
-145.6159379999999999
11
73.5125000000000028
21
-144.293329
0
LINE
8
BLACK
6
CONTINUOUS
10
73.5125000000000028
20
-144.293329
11
73.4610029999999909
21
-144.1690049999999985
0
LINE
8
BLACK
6
CONTINUOUS
10
73.4610029999999909
20
-144.1690049999999985
11
73.4334669999999932
21
-144.0305720000000065
0
LINE
8
BLACK
6
CONTINUOUS
10
73.4334669999999932
20
-144.0305720000000065
11
73.4334669999999932
21
-143.889427999999981
0
LINE
8
BLACK
6
CONTINUOUS
10
73.4334669999999932
20
-143.889427999999981
11
73.4610029999999909
21
-143.750994999999989
0
LINE
8
BLACK
6
CONTINUOUS
10
73.4610029999999909
20
-143.750994999999989
11
73.5150170000000003
21
-143.6205939999999828
0
LINE
8
BLACK
6
CONTINUOUS
10
73.5150170000000003
20
-143.6205939999999828
11
73.5934319999999929
21
-143.5032369999999844
0
LINE
8
BLACK
6
CONTINUOUS
10
73.5934319999999929
20
-143.5032369999999844
11
73.6932369999999963
21
-143.4034319999999809
0
LINE
8
BLACK
6
CONTINUOUS
10
73.6932369999999963
20
-143.4034319999999809
11
73.8105939999999947
21
-143.3250170000000026
0
LINE
8
BLACK
6
CONTINUOUS
10
73.8105939999999947
20
-143.3250170000000026
11
73.9409950000000009
21
-143.2710030000000074
0
LINE
8
BLACK
6
CONTINUOUS
10
73.9409950000000009
20
-143.2710030000000074
11
74.0794279999999929
21
-143.2434669999999812
0
LINE
8
BLACK
6
CONTINUOUS
10
74.0794279999999929
20
-143.2434669999999812
11
74.22057199999999
21
-143.2434669999999812
0
LINE
8
BLACK
6
CONTINUOUS
10
74.22057199999999
20
-143.2434669999999812
11
74.3590049999999962
21
-143.2710030000000074
0
LINE
8
BLACK
6
CONTINUOUS
10
85.0722279999999955
20
-127.5444479999999885
11
85.2171170000000018
21
-127.6044629999999955
0
LINE
8
BLACK
6
CONTINUOUS
10
85.2171170000000018
20
-127.6044629999999955
11
85.3475150000000014
21
-127.691592
0
LINE
8
BLACK
6
CONTINUOUS
10
85.3475150000000014
20
-127.691592
11
85.4584079999999915
21
-127.8024849999999901
0
LINE
8
BLACK
6
CONTINUOUS
10
85.4584079999999915
20
-127.8024849999999901
11
85.5455369999999959
21
-127.9328829999999897
0
LINE
8
BLACK
6
CONTINUOUS
10
85.5455369999999959
20
-127.9328829999999897
11
85.605552000000003
21
-128.0777719999999817
0
LINE
8
BLACK
6
CONTINUOUS
10
85.605552000000003
20
-128.0777719999999817
11
85.6361479999999915
21
-128.231585999999993
0
LINE
8
BLACK
6
CONTINUOUS
10
85.6361479999999915
20
-128.231585999999993
11
85.6361479999999915
21
-128.3884139999999832
0
LINE
8
BLACK
6
CONTINUOUS
10
85.6361479999999915
20
-128.3884139999999832
11
85.605552000000003
21
-128.5422279999999944
0
LINE
8
BLACK
6
CONTINUOUS
10
85.605552000000003
20
-128.5422279999999944
11
85.5455369999999959
21
-128.6871170000000006
0
LINE
8
BLACK
6
CONTINUOUS
10
85.5455369999999959
20
-128.6871170000000006
11
85.477499999999992
21
-128.7889409999999941
0
LINE
8
BLACK
6
CONTINUOUS
10
85.477499999999992
20
-128.7889409999999941
11
85.477499999999992
21
-131.2699999999999818
0
LINE
8
BLACK
6
CONTINUOUS
10
85.477499999999992
20
-131.2699999999999818
11
85.4744299999999981
21
-131.3324859999999887
0
LINE
8
BLACK
6
CONTINUOUS
10
85.4744299999999981
20
-131.3324859999999887
11
85.4500489999999928
21
-131.4550569999999823
0
LINE
8
BLACK
6
CONTINUOUS
10
85.4500489999999928
20
-131.4550569999999823
11
85.4337400000000002
21
-131.4944299999999942
0
LINE
8
BLACK
6
CONTINUOUS
10
85.4337400000000002
20
-131.4944299999999942
11
85.4022250000000014
21
-131.5705150000000003
0
LINE
8
BLACK
6
CONTINUOUS
10
85.4022250000000014
20
-131.5705150000000003
11
85.3450069999999954
21
-131.6561480000000017
0
LINE
8
BLACK
6
CONTINUOUS
10
85.3450069999999954
20
-131.6561480000000017
11
85.3327939999999927
21
-131.6744259999999827
0
LINE
8
BLACK
6
CONTINUOUS
10
85.3327939999999927
20
-131.6744259999999827
11
85.290779999999998
21
-131.7207809999999881
0
LINE
8
BLACK
6
CONTINUOUS
10
85.290779999999998
20
-131.7207809999999881
11
83.2007809999999921
21
-133.8107809999999915
0
LINE
8
BLACK
6
CONTINUOUS
10
83.2007809999999921
20
-133.8107809999999915
11
83.1544349999999923
21
-133.8527839999999856
0
LINE
8
BLACK
6
CONTINUOUS
10
83.1544349999999923
20
-133.8527839999999856
11
83.1544260000000008
21
-133.8527939999999887
0
LINE
8
BLACK
6
CONTINUOUS
10
83.1544260000000008
20
-133.8527939999999887
11
83.0505149999999901
21
-133.9222249999999974
0
LINE
8
BLACK
6
CONTINUOUS
10
83.0505149999999901
20
-133.9222249999999974
11
82.9688730000000021
21
-133.956040999999999
0
LINE
8
BLACK
6
CONTINUOUS
10
82.9688730000000021
20
-133.956040999999999
11
82.9350570000000005
21
-133.9700489999999888
0
LINE
8
BLACK
6
CONTINUOUS
10
82.9350570000000005
20
-133.9700489999999888
11
82.8124859999999927
21
-133.9944299999999942
0
LINE
8
BLACK
6
CONTINUOUS
10
82.8124859999999927
20
-133.9944299999999942
11
82.75
21
-133.9975000000000023
0
LINE
8
BLACK
6
CONTINUOUS
10
82.75
20
-133.9975000000000023
11
78.8889420000000001
21
-133.9975000000000023
0
LINE
8
BLACK
6
CONTINUOUS
10
78.8889420000000001
20
-133.9975000000000023
11
78.787116999999995
21
-134.0655370000000062
0
LINE
8
BLACK
6
CONTINUOUS
10
78.787116999999995
20
-134.0655370000000062
11
78.6422280000000029
21
-134.125551999999999
0
LINE
8
BLACK
6
CONTINUOUS
10
78.6422280000000029
20
-134.125551999999999
11
78.4884139999999917
21
-134.1561480000000017
0
LINE
8
BLACK
6
CONTINUOUS
10
78.4884139999999917
20
-134.1561480000000017
11
78.4099999999999966
21
-134.1599999999999966
0
LINE
8
BLACK
6
CONTINUOUS
10
78.4099999999999966
20
-134.1599999999999966
11
77.6099999999999994
21
-134.1599999999999966
0
LINE
8
BLACK
6
CONTINUOUS
10
77.6099999999999994
20
-134.1599999999999966
11
77.5315859999999901
21
-134.1561480000000017
0
LINE
8
BLACK
6
CONTINUOUS
10
77.5315859999999901
20
-134.1561480000000017
11
77.3777719999999931
21
-134.125551999999999
0
LINE
8
BLACK
6
CONTINUOUS
10
77.3777719999999931
20
-134.125551999999999
11
77.2328830000000011
21
-134.0655370000000062
0
LINE
8
BLACK
6
CONTINUOUS
10
77.2328830000000011
20
-134.0655370000000062
11
77.1310579999999959
21
-133.9975000000000023
0
LINE
8
BLACK
6
CONTINUOUS
10
77.1310579999999959
20
-133.9975000000000023
11
76.5640609999999953
21
-133.9975000000000023
0
LINE
8
BLACK
6
CONTINUOUS
10
76.5640609999999953
20
-133.9975000000000023
11
75.477499999999992
21
-135.0840609999999913
0
LINE
8
BLACK
6
CONTINUOUS
10
75.477499999999992
20
-135.0840609999999913
11
75.477499999999992
21
-139.1859379999999931
0
LINE
8
BLACK
6
CONTINUOUS
10
75.477499999999992
20
-139.1859379999999931
11
77.1407809999999898
21
-140.8492190000000051
0
LINE
8
BLACK
6
CONTINUOUS
10
77.1407809999999898
20
-140.8492190000000051
11
77.1827940000000012
21
-140.8955739999999821
0
LINE
8
BLACK
6
CONTINUOUS
10
77.1827940000000012
20
-140.8955739999999821
11
77.2522249999999957
21
-140.9994849999999929
0
LINE
8
BLACK
6
CONTINUOUS
10
77.2522249999999957
20
-140.9994849999999929
11
77.2762469999999979
21
-141.0574809999999957
0
LINE
8
BLACK
6
CONTINUOUS
10
77.2762469999999979
20
-141.0574809999999957
11
77.2948059999999941
21
-141.1022869999999898
0
LINE
8
BLACK
6
CONTINUOUS
10
77.2948059999999941
20
-141.1022869999999898
11
77.3000490000000013
21
-141.11494399999998
0
LINE
8
BLACK
6
CONTINUOUS
10
77.3000490000000013
20
-141.11494399999998
11
77.3244299999999924
21
-141.2375140000000044
0
LINE
8
BLACK
6
CONTINUOUS
10
77.3244299999999924
20
-141.2375140000000044
11
77.3275000000000006
21
-141.2999999999999829
0
LINE
8
BLACK
6
CONTINUOUS
10
77.3275000000000006
20
-141.2999999999999829
11
77.3275000000000006
21
-143.3224999999999909
0
LINE
8
BLACK
6
CONTINUOUS
10
77.3275000000000006
20
-143.3224999999999909
11
78.8966709999999978
21
-143.3224999999999909
0
LINE
8
BLACK
6
CONTINUOUS
10
78.8966709999999978
20
-143.3224999999999909
11
79.0209949999999992
21
-143.2710030000000074
0
LINE
8
BLACK
6
CONTINUOUS
10
79.0209949999999992
20
-143.2710030000000074
11
79.1594279999999912
21
-143.2434669999999812
0
LINE
8
BLACK
6
CONTINUOUS
10
79.1594279999999912
20
-143.2434669999999812
11
79.3005720000000025
21
-143.2434669999999812
0
LINE
8
BLACK
6
CONTINUOUS
10
79.3005720000000025
20
-143.2434669999999812
11
79.4390049999999945
21
-143.2710030000000074
0
LINE
8
BLACK
6
CONTINUOUS
10
79.4390049999999945
20
-143.2710030000000074
11
79.5694060000000007
21
-143.3250170000000026
0
LINE
8
BLACK
6
CONTINUOUS
10
79.5694060000000007
20
-143.3250170000000026
11
79.6867629999999991
21
-143.4034319999999809
0
LINE
8
BLACK
6
CONTINUOUS
10
79.6867629999999991
20
-143.4034319999999809
11
79.7865680000000026
21
-143.5032369999999844
0
LINE
8
BLACK
6
CONTINUOUS
10
79.7865680000000026
20
-143.5032369999999844
11
79.8649829999999952
21
-143.6205939999999828
0
LINE
8
BLACK
6
CONTINUOUS
10
79.8649829999999952
20
-143.6205939999999828
11
79.9189969999999903
21
-143.750994999999989
0
LINE
8
BLACK
6
CONTINUOUS
10
79.9189969999999903
20
-143.750994999999989
11
79.9465330000000023
21
-143.889427999999981
0
LINE
8
BLACK
6
CONTINUOUS
10
79.9465330000000023
20
-143.889427999999981
11
79.9465330000000023
21
-144.0305720000000065
0
LINE
8
BLACK
6
CONTINUOUS
10
79.9465330000000023
20
-144.0305720000000065
11
79.9189969999999903
21
-144.1690049999999985
0
LINE
8
BLACK
6
CONTINUOUS
10
79.9189969999999903
20
-144.1690049999999985
11
79.8649829999999952
21
-144.2994060000000047
0
LINE
8
BLACK
6
CONTINUOUS
10
79.8649829999999952
20
-144.2994060000000047
11
79.7865680000000026
21
-144.4167630000000031
0
LINE
8
BLACK
6
CONTINUOUS
10
79.7865680000000026
20
-144.4167630000000031
11
79.6867629999999991
21
-144.5165680000000066
0
LINE
8
BLACK
6
CONTINUOUS
10
79.6867629999999991
20
-144.5165680000000066
11
79.5694060000000007
21
-144.5949829999999849
0
LINE
8
BLACK
6
CONTINUOUS
10
79.5694060000000007
20
-144.5949829999999849
11
79.4390049999999945
21
-144.6489969999999801
0
LINE
8
BLACK
6
CONTINUOUS
10
79.4390049999999945
20
-144.6489969999999801
11
79.3005720000000025
21
-144.6765330000000063
0
LINE
8
BLACK
6
CONTINUOUS
10
79.3005720000000025
20
-144.6765330000000063
11
79.1594279999999912
21
-144.6765330000000063
0
LINE
8
BLACK
6
CONTINUOUS
10
79.1594279999999912
20
-144.6765330000000063
11
79.0209949999999992
21
-144.6489969999999801
0
LINE
8
BLACK
6
CONTINUOUS
10
79.0209949999999992
20
-144.6489969999999801
11
78.8966709999999978
21
-144.5974999999999966
0
LINE
8
BLACK
6
CONTINUOUS
10
78.8966709999999978
20
-144.5974999999999966
11
77.0233289999999897
21
-144.5974999999999966
0
LINE
8
BLACK
6
CONTINUOUS
10
77.0233289999999897
20
-144.5974999999999966
11
76.8990050000000025
21
-144.6489969999999801
0
LINE
8
BLACK
6
CONTINUOUS
10
76.8990050000000025
20
-144.6489969999999801
11
76.7605719999999963
21
-144.6765330000000063
0
LINE
8
BLACK
6
CONTINUOUS
10
76.7605719999999963
20
-144.6765330000000063
11
76.6194279999999992
21
-144.6765330000000063
0
LINE
8
BLACK
6
CONTINUOUS
10
76.6194279999999992
20
-144.6765330000000063
11
76.480994999999993
21
-144.6489969999999801
0
LINE
8
BLACK
6
CONTINUOUS
10
76.480994999999993
20
-144.6489969999999801
11
76.350594000000001
21
-144.5949829999999849
0
LINE
8
BLACK
6
CONTINUOUS
10
76.350594000000001
20
-144.5949829999999849
11
76.2332370000000026
21
-144.5165680000000066
0
LINE
8
BLACK
6
CONTINUOUS
10
76.2332370000000026
20
-144.5165680000000066
11
76.1334319999999991
21
-144.4167630000000031
0
LINE
8
BLACK
6
CONTINUOUS
10
76.1334319999999991
20
-144.4167630000000031
11
76.0550169999999923
21
-144.2994060000000047
0
LINE
8
BLACK
6
CONTINUOUS
10
76.0550169999999923
20
-144.2994060000000047
11
76.0010029999999972
21
-144.1690049999999985
0
LINE
8
BLACK
6
CONTINUOUS
10
76.0010029999999972
20
-144.1690049999999985
11
75.9734669999999994
21
-144.0305720000000065
0
LINE
8
BLACK
6
CONTINUOUS
10
75.9734669999999994
20
-144.0305720000000065
11
75.9734669999999994
21
-143.889427999999981
0
LINE
8
BLACK
6
CONTINUOUS
10
75.9734669999999994
20
-143.889427999999981
11
76.0010029999999972
21
-143.750994999999989
0
LINE
8
BLACK
6
CONTINUOUS
10
76.0010029999999972
20
-143.750994999999989
11
76.0524999999999949
21
-143.6266699999999901
0
LINE
8
BLACK
6
CONTINUOUS
10
76.0524999999999949
20
-143.6266699999999901
11
76.0524999999999949
21
-141.5640620000000069
0
LINE
8
BLACK
6
CONTINUOUS
10
76.0524999999999949
20
-141.5640620000000069
11
74.3892189999999971
21
-139.9007809999999949
0
LINE
8
BLACK
6
CONTINUOUS
10
74.3892189999999971
20
-139.9007809999999949
11
74.3472149999999914
21
-139.8544349999999952
0
LINE
8
BLACK
6
CONTINUOUS
10
74.3472149999999914
20
-139.8544349999999952
11
74.3472059999999999
21
-139.8544259999999895
0
LINE
8
BLACK
6
CONTINUOUS
10
74.3472059999999999
20
-139.8544259999999895
11
74.2777749999999912
21
-139.7505150000000071
0
LINE
8
BLACK
6
CONTINUOUS
10
74.2777749999999912
20
-139.7505150000000071
11
74.2299509999999998
21
-139.6350559999999916
0
LINE
8
BLACK
6
CONTINUOUS
10
74.2299509999999998
20
-139.6350559999999916
11
74.2055699999999945
21
-139.5124859999999956
0
LINE
8
BLACK
6
CONTINUOUS
10
74.2055699999999945
20
-139.5124859999999956
11
74.2025000000000006
21
-139.4499999999999886
0
LINE
8
BLACK
6
CONTINUOUS
10
74.2025000000000006
20
-139.4499999999999886
11
74.2025000000000006
21
-134.8199999999999932
0
LINE
8
BLACK
6
CONTINUOUS
10
74.2025000000000006
20
-134.8199999999999932
11
74.2055699999999945
21
-134.7575139999999863
0
LINE
8
BLACK
6
CONTINUOUS
10
74.2055699999999945
20
-134.7575139999999863
11
74.212176999999997
21
-134.724300999999997
0
LINE
8
BLACK
6
CONTINUOUS
10
74.212176999999997
20
-134.724300999999997
11
74.2299509999999998
21
-134.6349429999999927
0
LINE
8
BLACK
6
CONTINUOUS
10
74.2299509999999998
20
-134.6349429999999927
11
74.2439579999999921
21
-134.6011259999999936
0
LINE
8
BLACK
6
CONTINUOUS
10
74.2439579999999921
20
-134.6011259999999936
11
74.2777749999999912
21
-134.5194850000000031
0
LINE
8
BLACK
6
CONTINUOUS
10
74.2777749999999912
20
-134.5194850000000031
11
74.3472059999999999
21
-134.4155739999999923
0
LINE
8
BLACK
6
CONTINUOUS
10
74.3472059999999999
20
-134.4155739999999923
11
74.3472149999999914
21
-134.4155639999999892
0
LINE
8
BLACK
6
CONTINUOUS
10
74.3472149999999914
20
-134.4155639999999892
11
74.3892189999999971
21
-134.3692189999999869
0
LINE
8
BLACK
6
CONTINUOUS
10
74.3892189999999971
20
-134.3692189999999869
11
75.8492200000000025
21
-132.9092190000000073
0
LINE
8
BLACK
6
CONTINUOUS
10
75.8492200000000025
20
-132.9092190000000073
11
75.8955639999999931
21
-132.8672149999999874
0
LINE
8
BLACK
6
CONTINUOUS
10
75.8955639999999931
20
-132.8672149999999874
11
75.8955739999999963
21
-132.8672059999999817
0
LINE
8
BLACK
6
CONTINUOUS
10
75.8955739999999963
20
-132.8672059999999817
11
75.9994849999999929
21
-132.7977750000000015
0
LINE
8
BLACK
6
CONTINUOUS
10
75.9994849999999929
20
-132.7977750000000015
11
76.0811259999999976
21
-132.7639580000000024
0
LINE
8
BLACK
6
CONTINUOUS
10
76.0811259999999976
20
-132.7639580000000024
11
76.1149429999999967
21
-132.7499509999999816
0
LINE
8
BLACK
6
CONTINUOUS
10
76.1149429999999967
20
-132.7499509999999816
11
76.1762289999999922
21
-132.7377599999999802
0
LINE
8
BLACK
6
CONTINUOUS
10
76.1762289999999922
20
-132.7377599999999802
11
76.2375139999999902
21
-132.7255700000000047
0
LINE
8
BLACK
6
CONTINUOUS
10
76.2375139999999902
20
-132.7255700000000047
11
76.2999999999999972
21
-132.7224999999999966
0
LINE
8
BLACK
6
CONTINUOUS
10
76.2999999999999972
20
-132.7224999999999966
11
77.1310579999999959
21
-132.7224999999999966
0
LINE
8
BLACK
6
CONTINUOUS
10
77.1310579999999959
20
-132.7224999999999966
11
77.2328830000000011
21
-132.6544629999999927
0
LINE
8
BLACK
6
CONTINUOUS
10
77.2328830000000011
20
-132.6544629999999927
11
77.3777719999999931
21
-132.5944479999999999
0
LINE
8
BLACK
6
CONTINUOUS
10
77.3777719999999931
20
-132.5944479999999999
11
77.5315859999999901
21
-132.5638519999999971
0
LINE
8
BLACK
6
CONTINUOUS
10
77.5315859999999901
20
-132.5638519999999971
11
77.6099999999999994
21
-132.5600000000000023
0
LINE
8
BLACK
6
CONTINUOUS
10
77.6099999999999994
20
-132.5600000000000023
11
78.4099999999999966
21
-132.5600000000000023
0
LINE
8
BLACK
6
CONTINUOUS
10
78.4099999999999966
20
-132.5600000000000023
11
78.4884139999999917
21
-132.5638519999999971
0
LINE
8
BLACK
6
CONTINUOUS
10
78.4884139999999917
20
-132.5638519999999971
11
78.6422280000000029
21
-132.5944479999999999
0
LINE
8
BLACK
6
CONTINUOUS
10
78.6422280000000029
20
-132.5944479999999999
11
78.787116999999995
21
-132.6544629999999927
0
LINE
8
BLACK
6
CONTINUOUS
10
78.787116999999995
20
-132.6544629999999927
11
78.8889420000000001
21
-132.7224999999999966
0
LINE
8
BLACK
6
CONTINUOUS
10
78.8889420000000001
20
-132.7224999999999966
11
82.4859379999999902
21
-132.7224999999999966
0
LINE
8
BLACK
6
CONTINUOUS
10
82.4859379999999902
20
-132.7224999999999966
11
84.2025000000000006
21
-131.0059379999999862
0
LINE
8
BLACK
6
CONTINUOUS
10
84.2025000000000006
20
-131.0059379999999862
11
84.2025000000000006
21
-128.7889409999999941
0
LINE
8
BLACK
6
CONTINUOUS
10
84.2025000000000006
20
-128.7889409999999941
11
84.1344629999999967
21
-128.6871170000000006
0
LINE
8
BLACK
6
CONTINUOUS
10
84.1344629999999967
20
-128.6871170000000006
11
84.0744479999999896
21
-128.5422279999999944
0
LINE
8
BLACK
6
CONTINUOUS
10
84.0744479999999896
20
-128.5422279999999944
11
84.0438520000000011
21
-128.3884139999999832
0
LINE
8
BLACK
6
CONTINUOUS
10
84.0438520000000011
20
-128.3884139999999832
11
84.0438520000000011
21
-128.231585999999993
0
LINE
8
BLACK
6
CONTINUOUS
10
84.0438520000000011
20
-128.231585999999993
11
84.0744479999999896
21
-128.0777719999999817
0
LINE
8
BLACK
6
CONTINUOUS
10
84.0744479999999896
20
-128.0777719999999817
11
84.1344629999999967
21
-127.9328829999999897
0
LINE
8
BLACK
6
CONTINUOUS
10
84.1344629999999967
20
-127.9328829999999897
11
84.2215920000000011
21
-127.8024849999999901
0
LINE
8
BLACK
6
CONTINUOUS
10
84.2215920000000011
20
-127.8024849999999901
11
84.3324849999999913
21
-127.691592
0
LINE
8
BLACK
6
CONTINUOUS
10
84.3324849999999913
20
-127.691592
11
84.4628829999999908
21
-127.6044629999999955
0
LINE
8
BLACK
6
CONTINUOUS
10
84.4628829999999908
20
-127.6044629999999955
11
84.6077719999999971
21
-127.5444479999999885
0
LINE
8
BLACK
6
CONTINUOUS
10
84.6077719999999971
20
-127.5444479999999885
11
84.7615859999999941
21
-127.513852
0
LINE
8
BLACK
6
CONTINUOUS
10
84.7615859999999941
20
-127.513852
11
84.9184139999999985
21
-127.513852
0
LINE
8
BLACK
6
CONTINUOUS
10
84.9184139999999985
20
-127.513852
11
85.0722279999999955
21
-127.5444479999999885
0
LINE
8
BLACK
6
CONTINUOUS
10
82.3900000000000006
20
-122.2924999999999898
11
91.9144959999999998
21
-122.2924999999999898
0
LINE
8
BLACK
6
CONTINUOUS
10
91.9144959999999998
20
-122.2924999999999898
11
91.9705939999999913
21
-122.2550169999999952
0
LINE
8
BLACK
6
CONTINUOUS
10
91.9705939999999913
20
-122.2550169999999952
11
92.1009949999999975
21
-122.201003
0
LINE
8
BLACK
6
CONTINUOUS
10
92.1009949999999975
20
-122.201003
11
92.2394279999999895
21
-122.173466999999988
0
LINE
8
BLACK
6
CONTINUOUS
10
92.2394279999999895
20
-122.173466999999988
11
92.3805720000000008
21
-122.173466999999988
0
LINE
8
BLACK
6
CONTINUOUS
10
92.3805720000000008
20
-122.173466999999988
11
92.5190049999999928
21
-122.201003
0
LINE
8
BLACK
6
CONTINUOUS
10
92.5190049999999928
20
-122.201003
11
92.649405999999999
21
-122.2550169999999952
0
LINE
8
BLACK
6
CONTINUOUS
10
92.649405999999999
20
-122.2550169999999952
11
92.7667629999999974
21
-122.3334319999999877
0
LINE
8
BLACK
6
CONTINUOUS
10
92.7667629999999974
20
-122.3334319999999877
11
92.8665680000000009
21
-122.4332369999999912
0
LINE
8
BLACK
6
CONTINUOUS
10
92.8665680000000009
20
-122.4332369999999912
11
92.9449829999999935
21
-122.5505939999999896
0
LINE
8
BLACK
6
CONTINUOUS
10
92.9449829999999935
20
-122.5505939999999896
11
92.9989970000000028
21
-122.6809949999999958
0
LINE
8
BLACK
6
CONTINUOUS
10
92.9989970000000028
20
-122.6809949999999958
11
93.0265330000000006
21
-122.8194279999999878
0
LINE
8
BLACK
6
CONTINUOUS
10
93.0265330000000006
20
-122.8194279999999878
11
93.0265330000000006
21
-122.9605719999999991
0
LINE
8
BLACK
6
CONTINUOUS
10
93.0265330000000006
20
-122.9605719999999991
11
92.9989970000000028
21
-123.0990049999999911
0
LINE
8
BLACK
6
CONTINUOUS
10
92.9989970000000028
20
-123.0990049999999911
11
92.9474999999999909
21
-123.2233289999999926
0
LINE
8
BLACK
6
CONTINUOUS
10
92.9474999999999909
20
-123.2233289999999926
11
92.9474999999999909
21
-125.0966699999999889
0
LINE
8
BLACK
6
CONTINUOUS
10
92.9474999999999909
20
-125.0966699999999889
11
92.9989970000000028
21
-125.2209949999999878
0
LINE
8
BLACK
6
CONTINUOUS
10
92.9989970000000028
20
-125.2209949999999878
11
93.0265330000000006
21
-125.3594279999999941
0
LINE
8
BLACK
6
CONTINUOUS
10
93.0265330000000006
20
-125.3594279999999941
11
93.0265330000000006
21
-125.5005719999999911
0
LINE
8
BLACK
6
CONTINUOUS
10
93.0265330000000006
20
-125.5005719999999911
11
92.9989970000000028
21
-125.6390049999999974
0
LINE
8
BLACK
6
CONTINUOUS
10
92.9989970000000028
20
-125.6390049999999974
11
92.9474999999999909
21
-125.7633289999999988
0
LINE
8
BLACK
6
CONTINUOUS
10
92.9474999999999909
20
-125.7633289999999988
11
92.9474999999999909
21
-130.6500000000000057
0
LINE
8
BLACK
6
CONTINUOUS
10
92.9474999999999909
20
-130.6500000000000057
11
92.9444309999999945
21
-130.7124649999999804
0
LINE
8
BLACK
6
CONTINUOUS
10
92.9444309999999945
20
-130.7124649999999804
11
92.9444309999999945
21
-130.7124849999999867
0
LINE
8
BLACK
6
CONTINUOUS
10
92.9444309999999945
20
-130.7124849999999867
11
92.9200499999999892
21
-130.8350570000000062
0
LINE
8
BLACK
6
CONTINUOUS
10
92.9200499999999892
20
-130.8350570000000062
11
92.8938059999999979
21
-130.8984140000000025
0
LINE
8
BLACK
6
CONTINUOUS
10
92.8938059999999979
20
-130.8984140000000025
11
92.8722250000000003
21
-130.9505149999999958
0
LINE
8
BLACK
6
CONTINUOUS
10
92.8722250000000003
20
-130.9505149999999958
11
92.8027939999999916
21
-131.0544260000000065
0
LINE
8
BLACK
6
CONTINUOUS
10
92.8027939999999916
20
-131.0544260000000065
11
92.8027840000000026
21
-131.0544349999999838
0
LINE
8
BLACK
6
CONTINUOUS
10
92.8027840000000026
20
-131.0544349999999838
11
92.7607809999999944
21
-131.1007799999999861
0
LINE
8
BLACK
6
CONTINUOUS
10
92.7607809999999944
20
-131.1007799999999861
11
87.4807809999999932
21
-136.3807809999999847
0
LINE
8
BLACK
6
CONTINUOUS
10
87.4807809999999932
20
-136.3807809999999847
11
87.4344349999999935
21
-136.4227840000000072
0
LINE
8
BLACK
6
CONTINUOUS
10
87.4344349999999935
20
-136.4227840000000072
11
87.434426000000002
21
-136.4227939999999819
0
LINE
8
BLACK
6
CONTINUOUS
10
87.434426000000002
20
-136.4227939999999819
11
87.3305149999999912
21
-136.4922249999999906
0
LINE
8
BLACK
6
CONTINUOUS
10
87.3305149999999912
20
-136.4922249999999906
11
87.248872999999989
21
-136.5260409999999922
0
LINE
8
BLACK
6
CONTINUOUS
10
87.248872999999989
20
-136.5260409999999922
11
87.2150570000000016
21
-136.540048999999982
0
LINE
8
BLACK
6
CONTINUOUS
10
87.2150570000000016
20
-136.540048999999982
11
87.0924859999999939
21
-136.5644299999999873
0
LINE
8
BLACK
6
CONTINUOUS
10
87.0924859999999939
20
-136.5644299999999873
11
87.0300000000000011
21
-136.5674999999999955
0
LINE
8
BLACK
6
CONTINUOUS
10
87.0300000000000011
20
-136.5674999999999955
11
85.3189419999999927
21
-136.5674999999999955
0
LINE
8
BLACK
6
CONTINUOUS
10
85.3189419999999927
20
-136.5674999999999955
11
85.2171170000000018
21
-136.6355369999999994
0
LINE
8
BLACK
6
CONTINUOUS
10
85.2171170000000018
20
-136.6355369999999994
11
85.0722279999999955
21
-136.6955519999999922
0
LINE
8
BLACK
6
CONTINUOUS
10
85.0722279999999955
20
-136.6955519999999922
11
84.9184139999999985
21
-136.7261479999999949
0
LINE
8
BLACK
6
CONTINUOUS
10
84.9184139999999985
20
-136.7261479999999949
11
84.7615859999999941
21
-136.7261479999999949
0
LINE
8
BLACK
6
CONTINUOUS
10
84.7615859999999941
20
-136.7261479999999949
11
84.6077719999999971
21
-136.6955519999999922
0
LINE
8
BLACK
6
CONTINUOUS
10
84.6077719999999971
20
-136.6955519999999922
11
84.4628829999999908
21
-136.6355369999999994
0
LINE
8
BLACK
6
CONTINUOUS
10
84.4628829999999908
20
-136.6355369999999994
11
84.3324849999999913
21
-136.5484079999999949
0
LINE
8
BLACK
6
CONTINUOUS
10
84.3324849999999913
20
-136.5484079999999949
11
84.3215769999999907
21
-136.5374999999999943
0
LINE
8
BLACK
6
CONTINUOUS
10
84.3215769999999907
20
-136.5374999999999943
11
79.1925949999999972
21
-136.5374999999999943
0
LINE
8
BLACK
6
CONTINUOUS
10
79.1925949999999972
20
-136.5374999999999943
11
79.190969999999993
21
-136.5456709999999987
0
LINE
8
BLACK
6
CONTINUOUS
10
79.190969999999993
20
-136.5456709999999987
11
79.136776999999995
21
-136.6267770000000041
0
LINE
8
BLACK
6
CONTINUOUS
10
79.136776999999995
20
-136.6267770000000041
11
79.0556709999999896
21
-136.6809700000000021
0
LINE
8
BLACK
6
CONTINUOUS
10
79.0556709999999896
20
-136.6809700000000021
11
78.9599999999999937
21
-136.6999999999999886
0
LINE
8
BLACK
6
CONTINUOUS
10
78.9599999999999937
20
-136.6999999999999886
11
77.0600000000000023
21
-136.6999999999999886
0
LINE
8
BLACK
6
CONTINUOUS
10
77.0600000000000023
20
-136.6999999999999886
11
76.9643289999999922
21
-136.6809700000000021
0
LINE
8
BLACK
6
CONTINUOUS
10
76.9643289999999922
20
-136.6809700000000021
11
76.883223000000001
21
-136.6267770000000041
0
LINE
8
BLACK
6
CONTINUOUS
10
76.883223000000001
20
-136.6267770000000041
11
76.829030000000003
21
-136.5456709999999987
0
LINE
8
BLACK
6
CONTINUOUS
10
76.829030000000003
20
-136.5456709999999987
11
76.8100000000000023
21
-136.4499999999999886
0
LINE
8
BLACK
6
CONTINUOUS
10
76.8100000000000023
20
-136.4499999999999886
11
76.8100000000000023
21
-135.3499999999999943
0
LINE
8
BLACK
6
CONTINUOUS
10
76.8100000000000023
20
-135.3499999999999943
11
76.829030000000003
21
-135.2543289999999843
0
LINE
8
BLACK
6
CONTINUOUS
10
76.829030000000003
20
-135.2543289999999843
11
76.883223000000001
21
-135.1732230000000072
0
LINE
8
BLACK
6
CONTINUOUS
10
76.883223000000001
20
-135.1732230000000072
11
76.9643289999999922
21
-135.1190299999999809
0
LINE
8
BLACK
6
CONTINUOUS
10
76.9643289999999922
20
-135.1190299999999809
11
77.0600000000000023
21
-135.0999999999999943
0
LINE
8
BLACK
6
CONTINUOUS
10
77.0600000000000023
20
-135.0999999999999943
11
78.9599999999999937
21
-135.0999999999999943
0
LINE
8
BLACK
6
CONTINUOUS
10
78.9599999999999937
20
-135.0999999999999943
11
79.0556709999999896
21
-135.1190299999999809
0
LINE
8
BLACK
6
CONTINUOUS
10
79.0556709999999896
20
-135.1190299999999809
11
79.136776999999995
21
-135.1732230000000072
0
LINE
8
BLACK
6
CONTINUOUS
10
79.136776999999995
20
-135.1732230000000072
11
79.190969999999993
21
-135.2543289999999843
0
LINE
8
BLACK
6
CONTINUOUS
10
79.190969999999993
20
-135.2543289999999843
11
79.1925949999999972
21
-135.2624999999999886
0
LINE
8
BLACK
6
CONTINUOUS
10
79.1925949999999972
20
-135.2624999999999886
11
84.4059570000000008
21
-135.2624999999999886
0
LINE
8
BLACK
6
CONTINUOUS
10
84.4059570000000008
20
-135.2624999999999886
11
84.4628829999999908
21
-135.2244629999999859
0
LINE
8
BLACK
6
CONTINUOUS
10
84.4628829999999908
20
-135.2244629999999859
11
84.6077719999999971
21
-135.164447999999993
0
LINE
8
BLACK
6
CONTINUOUS
10
84.6077719999999971
20
-135.164447999999993
11
84.7615859999999941
21
-135.1338519999999903
0
LINE
8
BLACK
6
CONTINUOUS
10
84.7615859999999941
20
-135.1338519999999903
11
84.9184139999999985
21
-135.1338519999999903
0
LINE
8
BLACK
6
CONTINUOUS
10
84.9184139999999985
20
-135.1338519999999903
11
85.0722279999999955
21
-135.164447999999993
0
LINE
8
BLACK
6
CONTINUOUS
10
85.0722279999999955
20
-135.164447999999993
11
85.2171170000000018
21
-135.2244629999999859
0
LINE
8
BLACK
6
CONTINUOUS
10
85.2171170000000018
20
-135.2244629999999859
11
85.3189419999999927
21
-135.2924999999999898
0
LINE
8
BLACK
6
CONTINUOUS
10
85.3189419999999927
20
-135.2924999999999898
11
86.7659379999999913
21
-135.2924999999999898
0
LINE
8
BLACK
6
CONTINUOUS
10
86.7659379999999913
20
-135.2924999999999898
11
91.6724999999999994
21
-130.3859379999999817
0
LINE
8
BLACK
6
CONTINUOUS
10
91.6724999999999994
20
-130.3859379999999817
11
91.6724999999999994
21
-125.7633289999999988
0
LINE
8
BLACK
6
CONTINUOUS
10
91.6724999999999994
20
-125.7633289999999988
11
91.6210030000000017
21
-125.6390049999999974
0
LINE
8
BLACK
6
CONTINUOUS
10
91.6210030000000017
20
-125.6390049999999974
11
91.5934669999999898
21
-125.5005719999999911
0
LINE
8
BLACK
6
CONTINUOUS
10
91.5934669999999898
20
-125.5005719999999911
11
91.5934669999999898
21
-125.3594279999999941
0
LINE
8
BLACK
6
CONTINUOUS
10
91.5934669999999898
20
-125.3594279999999941
11
91.6210030000000017
21
-125.2209949999999878
0
LINE
8
BLACK
6
CONTINUOUS
10
91.6210030000000017
20
-125.2209949999999878
11
91.6724999999999994
21
-125.0966699999999889
0
LINE
8
BLACK
6
CONTINUOUS
10
91.6724999999999994
20
-125.0966699999999889
11
91.6724999999999994
21
-123.5674999999999955
0
LINE
8
BLACK
6
CONTINUOUS
10
91.6724999999999994
20
-123.5674999999999955
11
82.3900000000000006
21
-123.5674999999999955
0
LINE
8
BLACK
6
CONTINUOUS
10
82.3900000000000006
20
-123.5674999999999955
11
82.3900000000000006
21
-123.7800000000000011
0
LINE
8
BLACK
6
CONTINUOUS
10
82.3900000000000006
20
-123.7800000000000011
11
80.6899999999999977
21
-123.7800000000000011
0
LINE
8
BLACK
6
CONTINUOUS
10
80.6899999999999977
20
-123.7800000000000011
11
80.6899999999999977
21
-122.0799999999999983
0
LINE
8
BLACK
6
CONTINUOUS
10
80.6899999999999977
20
-122.0799999999999983
11
82.3900000000000006
21
-122.0799999999999983
0
LINE
8
BLACK
6
CONTINUOUS
10
82.3900000000000006
20
-122.0799999999999983
11
82.3900000000000006
21
-122.2924999999999898
0
LINE
8
BLACK
6
CONTINUOUS
10
74.8922280000000029
20
-119.5944479999999999
11
75.037116999999995
21
-119.6544629999999927
0
LINE
8
BLACK
6
CONTINUOUS
10
75.037116999999995
20
-119.6544629999999927
11
75.1389420000000001
21
-119.7224999999999966
0
LINE
8
BLACK
6
CONTINUOUS
10
75.1389420000000001
20
-119.7224999999999966
11
91.9593950000000007
21
-119.7224999999999966
0
LINE
8
BLACK
6
CONTINUOUS
10
91.9593950000000007
20
-119.7224999999999966
11
91.9705939999999913
21
-119.7150169999999889
0
LINE
8
BLACK
6
CONTINUOUS
10
91.9705939999999913
20
-119.7150169999999889
11
92.1009949999999975
21
-119.6610029999999938
0
LINE
8
BLACK
6
CONTINUOUS
10
92.1009949999999975
20
-119.6610029999999938
11
92.2394279999999895
21
-119.633466999999996
0
LINE
8
BLACK
6
CONTINUOUS
10
92.2394279999999895
20
-119.633466999999996
11
92.3805720000000008
21
-119.633466999999996
0
LINE
8
BLACK
6
CONTINUOUS
10
92.3805720000000008
20
-119.633466999999996
11
92.5190049999999928
21
-119.6610029999999938
0
LINE
8
BLACK
6
CONTINUOUS
10
92.5190049999999928
20
-119.6610029999999938
11
92.649405999999999
21
-119.7150169999999889
0
LINE
8
BLACK
6
CONTINUOUS
10
92.649405999999999
20
-119.7150169999999889
11
92.7667629999999974
21
-119.7934319999999957
0
LINE
8
BLACK
6
CONTINUOUS
10
92.7667629999999974
20
-119.7934319999999957
11
92.8665680000000009
21
-119.8932369999999992
0
LINE
8
BLACK
6
CONTINUOUS
10
92.8665680000000009
20
-119.8932369999999992
11
92.9449829999999935
21
-120.0105939999999975
0
LINE
8
BLACK
6
CONTINUOUS
10
92.9449829999999935
20
-120.0105939999999975
11
92.9989970000000028
21
-120.1409949999999895
0
LINE
8
BLACK
6
CONTINUOUS
10
92.9989970000000028
20
-120.1409949999999895
11
93.0265330000000006
21
-120.2794279999999958
0
LINE
8
BLACK
6
CONTINUOUS
10
93.0265330000000006
20
-120.2794279999999958
11
93.0265330000000006
21
-120.4205719999999928
0
LINE
8
BLACK
6
CONTINUOUS
10
93.0265330000000006
20
-120.4205719999999928
11
92.9989970000000028
21
-120.5590049999999991
0
LINE
8
BLACK
6
CONTINUOUS
10
92.9989970000000028
20
-120.5590049999999991
11
92.9449829999999935
21
-120.6894059999999911
0
LINE
8
BLACK
6
CONTINUOUS
10
92.9449829999999935
20
-120.6894059999999911
11
92.8665680000000009
21
-120.8067629999999895
0
LINE
8
BLACK
6
CONTINUOUS
10
92.8665680000000009
20
-120.8067629999999895
11
92.7667629999999974
21
-120.9065679999999929
0
LINE
8
BLACK
6
CONTINUOUS
10
92.7667629999999974
20
-120.9065679999999929
11
92.649405999999999
21
-120.9849829999999997
0
LINE
8
BLACK
6
CONTINUOUS
10
92.649405999999999
20
-120.9849829999999997
11
92.5190049999999928
21
-121.0389969999999948
0
LINE
8
BLACK
6
CONTINUOUS
10
92.5190049999999928
20
-121.0389969999999948
11
92.3805720000000008
21
-121.0665329999999926
0
LINE
8
BLACK
6
CONTINUOUS
10
92.3805720000000008
20
-121.0665329999999926
11
92.2394279999999895
21
-121.0665329999999926
0
LINE
8
BLACK
6
CONTINUOUS
10
92.2394279999999895
20
-121.0665329999999926
11
92.1009949999999975
21
-121.0389969999999948
0
LINE
8
BLACK
6
CONTINUOUS
10
92.1009949999999975
20
-121.0389969999999948
11
92.0008129999999937
21
-120.9974999999999881
0
LINE
8
BLACK
6
CONTINUOUS
10
92.0008129999999937
20
-120.9974999999999881
11
75.1389420000000001
21
-120.9974999999999881
0
LINE
8
BLACK
6
CONTINUOUS
10
75.1389420000000001
20
-120.9974999999999881
11
75.037116999999995
21
-121.065536999999992
0
LINE
8
BLACK
6
CONTINUOUS
10
75.037116999999995
20
-121.065536999999992
11
74.8922280000000029
21
-121.125551999999999
0
LINE
8
BLACK
6
CONTINUOUS
10
74.8922280000000029
20
-121.125551999999999
11
74.7384139999999917
21
-121.1561479999999875
0
LINE
8
BLACK
6
CONTINUOUS
10
74.7384139999999917
20
-121.1561479999999875
11
74.5815860000000015
21
-121.1561479999999875
0
LINE
8
BLACK
6
CONTINUOUS
10
74.5815860000000015
20
-121.1561479999999875
11
74.4277719999999903
21
-121.125551999999999
0
LINE
8
BLACK
6
CONTINUOUS
10
74.4277719999999903
20
-121.125551999999999
11
74.2828829999999982
21
-121.065536999999992
0
LINE
8
BLACK
6
CONTINUOUS
10
74.2828829999999982
20
-121.065536999999992
11
74.1524849999999986
21
-120.9784079999999875
0
LINE
8
BLACK
6
CONTINUOUS
10
74.1524849999999986
20
-120.9784079999999875
11
74.0415919999999943
21
-120.8675149999999974
0
LINE
8
BLACK
6
CONTINUOUS
10
74.0415919999999943
20
-120.8675149999999974
11
73.9544629999999898
21
-120.7371169999999978
0
LINE
8
BLACK
6
CONTINUOUS
10
73.9544629999999898
20
-120.7371169999999978
11
73.894447999999997
21
-120.5922279999999915
0
LINE
8
BLACK
6
CONTINUOUS
10
73.894447999999997
20
-120.5922279999999915
11
73.8638519999999943
21
-120.4384139999999945
0
LINE
8
BLACK
6
CONTINUOUS
10
73.8638519999999943
20
-120.4384139999999945
11
73.8638519999999943
21
-120.2815859999999901
0
LINE
8
BLACK
6
CONTINUOUS
10
73.8638519999999943
20
-120.2815859999999901
11
73.894447999999997
21
-120.1277719999999931
0
LINE
8
BLACK
6
CONTINUOUS
10
73.894447999999997
20
-120.1277719999999931
11
73.9544629999999898
21
-119.9828830000000011
0
LINE
8
BLACK
6
CONTINUOUS
10
73.9544629999999898
20
-119.9828830000000011
11
74.0415919999999943
21
-119.8524850000000015
0
LINE
8
BLACK
6
CONTINUOUS
10
74.0415919999999943
20
-119.8524850000000015
11
74.1524849999999986
21
-119.7415919999999971
0
LINE
8
BLACK
6
CONTINUOUS
10
74.1524849999999986
20
-119.7415919999999971
11
74.2828829999999982
21
-119.6544629999999927
0
LINE
8
BLACK
6
CONTINUOUS
10
74.2828829999999982
20
-119.6544629999999927
11
74.4277719999999903
21
-119.5944479999999999
0
LINE
8
BLACK
6
CONTINUOUS
10
74.4277719999999903
20
-119.5944479999999999
11
74.5815860000000015
21
-119.5638519999999971
0
LINE
8
BLACK
6
CONTINUOUS
10
74.5815860000000015
20
-119.5638519999999971
11
74.7384139999999917
21
-119.5638519999999971
0
LINE
8
BLACK
6
CONTINUOUS
10
74.7384139999999917
20
-119.5638519999999971
11
74.8922280000000029
21
-119.5944479999999999
0
LINE
8
BLACK
6
CONTINUOUS
10
43.9581710000000001
20
-73.4790299999999945
11
44.0392769999999985
21
-73.5332229999999925
0
LINE
8
BLACK
6
CONTINUOUS
10
44.0392769999999985
20
-73.5332229999999925
11
44.0934699999999964
21
-73.6143289999999979
0
LINE
8
BLACK
6
CONTINUOUS
10
44.0934699999999964
20
-73.6143289999999979
11
44.1124999999999972
21
-73.7099999999999937
0
LINE
8
BLACK
6
CONTINUOUS
10
44.1124999999999972
20
-73.7099999999999937
11
44.1124999999999972
21
-74.1225000000000023
0
LINE
8
BLACK
6
CONTINUOUS
10
44.1124999999999972
20
-74.1225000000000023
11
54.1540770000000009
21
-74.1225000000000023
0
LINE
8
BLACK
6
CONTINUOUS
10
54.1540770000000009
20
-74.1225000000000023
11
54.1849849999999975
21
-74.0915919999999915
0
LINE
8
BLACK
6
CONTINUOUS
10
54.1849849999999975
20
-74.0915919999999915
11
54.3153829999999971
21
-74.0044630000000012
0
LINE
8
BLACK
6
CONTINUOUS
10
54.3153829999999971
20
-74.0044630000000012
11
54.4602719999999962
21
-73.9444479999999942
0
LINE
8
BLACK
6
CONTINUOUS
10
54.4602719999999962
20
-73.9444479999999942
11
54.6140860000000004
21
-73.9138519999999914
0
LINE
8
BLACK
6
CONTINUOUS
10
54.6140860000000004
20
-73.9138519999999914
11
54.7709139999999977
21
-73.9138519999999914
0
LINE
8
BLACK
6
CONTINUOUS
10
54.7709139999999977
20
-73.9138519999999914
11
54.9247279999999947
21
-73.9444479999999942
0
LINE
8
BLACK
6
CONTINUOUS
10
54.9247279999999947
20
-73.9444479999999942
11
55.0696170000000009
21
-74.0044630000000012
0
LINE
8
BLACK
6
CONTINUOUS
10
55.0696170000000009
20
-74.0044630000000012
11
55.171441999999999
21
-74.0724999999999909
0
LINE
8
BLACK
6
CONTINUOUS
10
55.171441999999999
20
-74.0724999999999909
11
64.5999999999999943
21
-74.0724999999999909
0
LINE
8
BLACK
6
CONTINUOUS
10
64.5999999999999943
20
-74.0724999999999909
11
64.6624860000000012
21
-74.075569999999999
0
LINE
8
BLACK
6
CONTINUOUS
10
64.6624860000000012
20
-74.075569999999999
11
64.7850569999999948
21
-74.0999509999999901
0
LINE
8
BLACK
6
CONTINUOUS
10
64.7850569999999948
20
-74.0999509999999901
11
64.8188729999999964
21
-74.1139579999999967
0
LINE
8
BLACK
6
CONTINUOUS
10
64.8188729999999964
20
-74.1139579999999967
11
64.9005149999999986
21
-74.1477749999999958
0
LINE
8
BLACK
6
CONTINUOUS
10
64.9005149999999986
20
-74.1477749999999958
11
65.0044259999999952
21
-74.2172059999999902
0
LINE
8
BLACK
6
CONTINUOUS
10
65.0044259999999952
20
-74.2172059999999902
11
65.0044350000000009
21
-74.2172149999999959
0
LINE
8
BLACK
6
CONTINUOUS
10
65.0044350000000009
20
-74.2172149999999959
11
65.0507810000000006
21
-74.2592190000000016
0
LINE
8
BLACK
6
CONTINUOUS
10
65.0507810000000006
20
-74.2592190000000016
11
70.3707799999999963
21
-79.5792189999999948
0
LINE
8
BLACK
6
CONTINUOUS
10
70.3707799999999963
20
-79.5792189999999948
11
70.412793999999991
21
-79.6255740000000003
0
LINE
8
BLACK
6
CONTINUOUS
10
70.412793999999991
20
-79.6255740000000003
11
70.4822249999999997
21
-79.7294849999999968
0
LINE
8
BLACK
6
CONTINUOUS
10
70.4822249999999997
20
-79.7294849999999968
11
70.5046200000000027
21
-79.7835520000000002
0
LINE
8
BLACK
6
CONTINUOUS
10
70.5046200000000027
20
-79.7835520000000002
11
70.5300489999999911
21
-79.8449430000000007
0
LINE
8
BLACK
6
CONTINUOUS
10
70.5300489999999911
20
-79.8449430000000007
11
70.5395060000000029
21
-79.892485999999991
0
LINE
8
BLACK
6
CONTINUOUS
10
70.5395060000000029
20
-79.892485999999991
11
70.5544299999999964
21
-79.9675139999999942
0
LINE
8
BLACK
6
CONTINUOUS
10
70.5544299999999964
20
-79.9675139999999942
11
70.5574999999999903
21
-80.0300000000000011
0
LINE
8
BLACK
6
CONTINUOUS
10
70.5574999999999903
20
-80.0300000000000011
11
70.5574999999999903
21
-87.4166309999999953
0
LINE
8
BLACK
6
CONTINUOUS
10
70.5574999999999903
20
-87.4166309999999953
11
70.6971169999999915
21
-87.4744630000000001
0
LINE
8
BLACK
6
CONTINUOUS
10
70.6971169999999915
20
-87.4744630000000001
11
70.8275149999999911
21
-87.5615919999999903
0
LINE
8
BLACK
6
CONTINUOUS
10
70.8275149999999911
20
-87.5615919999999903
11
70.9384079999999955
21
-87.6724849999999947
0
LINE
8
BLACK
6
CONTINUOUS
10
70.9384079999999955
20
-87.6724849999999947
11
71.0255369999999999
21
-87.8028829999999942
0
LINE
8
BLACK
6
CONTINUOUS
10
71.0255369999999999
20
-87.8028829999999942
11
71.0855519999999927
21
-87.9477720000000005
0
LINE
8
BLACK
6
CONTINUOUS
10
71.0855519999999927
20
-87.9477720000000005
11
71.1161479999999955
21
-88.1015859999999975
0
LINE
8
BLACK
6
CONTINUOUS
10
71.1161479999999955
20
-88.1015859999999975
11
71.1161479999999955
21
-88.2584140000000019
0
LINE
8
BLACK
6
CONTINUOUS
10
71.1161479999999955
20
-88.2584140000000019
11
71.0855519999999927
21
-88.4122279999999989
0
LINE
8
BLACK
6
CONTINUOUS
10
71.0855519999999927
20
-88.4122279999999989
11
71.0255369999999999
21
-88.557116999999991
0
LINE
8
BLACK
6
CONTINUOUS
10
71.0255369999999999
20
-88.557116999999991
11
70.9384079999999955
21
-88.6875149999999906
0
LINE
8
BLACK
6
CONTINUOUS
10
70.9384079999999955
20
-88.6875149999999906
11
70.8275149999999911
21
-88.7984079999999949
0
LINE
8
BLACK
6
CONTINUOUS
10
70.8275149999999911
20
-88.7984079999999949
11
70.6971169999999915
21
-88.8855369999999994
0
LINE
8
BLACK
6
CONTINUOUS
10
70.6971169999999915
20
-88.8855369999999994
11
70.5522279999999995
21
-88.9455519999999922
0
LINE
8
BLACK
6
CONTINUOUS
10
70.5522279999999995
20
-88.9455519999999922
11
70.3984140000000025
21
-88.9761479999999949
0
LINE
8
BLACK
6
CONTINUOUS
10
70.3984140000000025
20
-88.9761479999999949
11
70.3199999999999932
21
-88.9799999999999898
0
LINE
8
BLACK
6
CONTINUOUS
10
70.3199999999999932
20
-88.9799999999999898
11
69.519999999999996
21
-88.9799999999999898
0
LINE
8
BLACK
6
CONTINUOUS
10
69.519999999999996
20
-88.9799999999999898
11
69.4415860000000009
21
-88.9761479999999949
0
LINE
8
BLACK
6
CONTINUOUS
10
69.4415860000000009
20
-88.9761479999999949
11
69.2877720000000039
21
-88.9455519999999922
0
LINE
8
BLACK
6
CONTINUOUS
10
69.2877720000000039
20
-88.9455519999999922
11
69.1428829999999977
21
-88.8855369999999994
0
LINE
8
BLACK
6
CONTINUOUS
10
69.1428829999999977
20
-88.8855369999999994
11
69.0124849999999981
21
-88.7984079999999949
0
LINE
8
BLACK
6
CONTINUOUS
10
69.0124849999999981
20
-88.7984079999999949
11
68.9015919999999937
21
-88.6875149999999906
0
LINE
8
BLACK
6
CONTINUOUS
10
68.9015919999999937
20
-88.6875149999999906
11
68.8144630000000035
21
-88.557116999999991
0
LINE
8
BLACK
6
CONTINUOUS
10
68.8144630000000035
20
-88.557116999999991
11
68.7544479999999965
21
-88.4122279999999989
0
LINE
8
BLACK
6
CONTINUOUS
10
68.7544479999999965
20
-88.4122279999999989
11
68.7238519999999937
21
-88.2584140000000019
0
LINE
8
BLACK
6
CONTINUOUS
10
68.7238519999999937
20
-88.2584140000000019
11
68.7238519999999937
21
-88.1015859999999975
0
LINE
8
BLACK
6
CONTINUOUS
10
68.7238519999999937
20
-88.1015859999999975
11
68.7544479999999965
21
-87.9477720000000005
0
LINE
8
BLACK
6
CONTINUOUS
10
68.7544479999999965
20
-87.9477720000000005
11
68.8144630000000035
21
-87.8028829999999942
0
LINE
8
BLACK
6
CONTINUOUS
10
68.8144630000000035
20
-87.8028829999999942
11
68.9015919999999937
21
-87.6724849999999947
0
LINE
8
BLACK
6
CONTINUOUS
10
68.9015919999999937
20
-87.6724849999999947
11
69.0124849999999981
21
-87.5615919999999903
0
LINE
8
BLACK
6
CONTINUOUS
10
69.0124849999999981
20
-87.5615919999999903
11
69.1428829999999977
21
-87.4744630000000001
0
LINE
8
BLACK
6
CONTINUOUS
10
69.1428829999999977
20
-87.4744630000000001
11
69.2824999999999989
21
-87.4166309999999953
0
LINE
8
BLACK
6
CONTINUOUS
10
69.2824999999999989
20
-87.4166309999999953
11
69.2824999999999989
21
-80.2940609999999992
0
LINE
8
BLACK
6
CONTINUOUS
10
69.2824999999999989
20
-80.2940609999999992
11
64.3359379999999987
21
-75.3474999999999966
0
LINE
8
BLACK
6
CONTINUOUS
10
64.3359379999999987
20
-75.3474999999999966
11
55.171441999999999
21
-75.3474999999999966
0
LINE
8
BLACK
6
CONTINUOUS
10
55.171441999999999
20
-75.3474999999999966
11
55.0696170000000009
21
-75.4155370000000005
0
LINE
8
BLACK
6
CONTINUOUS
10
55.0696170000000009
20
-75.4155370000000005
11
54.9247279999999947
21
-75.4755519999999933
0
LINE
8
BLACK
6
CONTINUOUS
10
54.9247279999999947
20
-75.4755519999999933
11
54.7709139999999977
21
-75.506147999999996
0
LINE
8
BLACK
6
CONTINUOUS
10
54.7709139999999977
20
-75.506147999999996
11
54.6140860000000004
21
-75.506147999999996
0
LINE
8
BLACK
6
CONTINUOUS
10
54.6140860000000004
20
-75.506147999999996
11
54.4602719999999962
21
-75.4755519999999933
0
LINE
8
BLACK
6
CONTINUOUS
10
54.4602719999999962
20
-75.4755519999999933
11
54.3153829999999971
21
-75.4155370000000005
0
LINE
8
BLACK
6
CONTINUOUS
10
54.3153829999999971
20
-75.4155370000000005
11
54.2883889999999951
21
-75.3974999999999937
0
LINE
8
BLACK
6
CONTINUOUS
10
54.2883889999999951
20
-75.3974999999999937
11
44.1124999999999972
21
-75.3974999999999937
0
LINE
8
BLACK
6
CONTINUOUS
10
44.1124999999999972
20
-75.3974999999999937
11
44.1124999999999972
21
-75.8100000000000023
0
LINE
8
BLACK
6
CONTINUOUS
10
44.1124999999999972
20
-75.8100000000000023
11
44.0934699999999964
21
-75.9056709999999981
0
LINE
8
BLACK
6
CONTINUOUS
10
44.0934699999999964
20
-75.9056709999999981
11
44.0392769999999985
21
-75.9867770000000036
0
LINE
8
BLACK
6
CONTINUOUS
10
44.0392769999999985
20
-75.9867770000000036
11
43.9581710000000001
21
-76.0409700000000015
0
LINE
8
BLACK
6
CONTINUOUS
10
43.9581710000000001
20
-76.0409700000000015
11
43.8624999999999972
21
-76.0600000000000023
0
LINE
8
BLACK
6
CONTINUOUS
10
43.8624999999999972
20
-76.0600000000000023
11
41.7624999999999957
21
-76.0600000000000023
0
LINE
8
BLACK
6
CONTINUOUS
10
41.7624999999999957
20
-76.0600000000000023
11
41.6668289999999999
21
-76.0409700000000015
0
LINE
8
BLACK
6
CONTINUOUS
10
41.6668289999999999
20
-76.0409700000000015
11
41.5857230000000015
21
-75.9867770000000036
0
LINE
8
BLACK
6
CONTINUOUS
10
41.5857230000000015
20
-75.9867770000000036
11
41.5315299999999965
21
-75.9056709999999981
0
LINE
8
BLACK
6
CONTINUOUS
10
41.5315299999999965
20
-75.9056709999999981
11
41.5124999999999957
21
-75.8100000000000023
0
LINE
8
BLACK
6
CONTINUOUS
10
41.5124999999999957
20
-75.8100000000000023
11
41.5124999999999957
21
-75.3974999999999937
0
LINE
8
BLACK
6
CONTINUOUS
10
41.5124999999999957
20
-75.3974999999999937
11
39.8540610000000015
21
-75.3974999999999937
0
LINE
8
BLACK
6
CONTINUOUS
10
39.8540610000000015
20
-75.3974999999999937
11
36.5775000000000006
21
-78.6740609999999947
0
LINE
8
BLACK
6
CONTINUOUS
10
36.5775000000000006
20
-78.6740609999999947
11
36.5775000000000006
21
-127.3159379999999885
0
LINE
8
BLACK
6
CONTINUOUS
10
36.5775000000000006
20
-127.3159379999999885
11
52.9040609999999987
21
-143.6424999999999841
0
LINE
8
BLACK
6
CONTINUOUS
10
52.9040609999999987
20
-143.6424999999999841
11
67.0559379999999976
21
-143.6424999999999841
0
LINE
8
BLACK
6
CONTINUOUS
10
67.0559379999999976
20
-143.6424999999999841
11
69.7524999999999977
21
-140.945937999999984
0
LINE
8
BLACK
6
CONTINUOUS
10
69.7524999999999977
20
-140.945937999999984
11
69.7524999999999977
21
-136.6633679999999913
0
LINE
8
BLACK
6
CONTINUOUS
10
69.7524999999999977
20
-136.6633679999999913
11
69.6128829999999965
21
-136.6055369999999982
0
LINE
8
BLACK
6
CONTINUOUS
10
69.6128829999999965
20
-136.6055369999999982
11
69.4824849999999969
21
-136.5184079999999938
0
LINE
8
BLACK
6
CONTINUOUS
10
69.4824849999999969
20
-136.5184079999999938
11
69.3715919999999926
21
-136.4075149999999894
0
LINE
8
BLACK
6
CONTINUOUS
10
69.3715919999999926
20
-136.4075149999999894
11
69.2844630000000024
21
-136.2771170000000041
0
LINE
8
BLACK
6
CONTINUOUS
10
69.2844630000000024
20
-136.2771170000000041
11
69.2244479999999953
21
-136.1322279999999978
0
LINE
8
BLACK
6
CONTINUOUS
10
69.2244479999999953
20
-136.1322279999999978
11
69.1938519999999926
21
-135.9784139999999866
0
LINE
8
BLACK
6
CONTINUOUS
10
69.1938519999999926
20
-135.9784139999999866
11
69.1938519999999926
21
-135.8215859999999964
0
LINE
8
BLACK
6
CONTINUOUS
10
69.1938519999999926
20
-135.8215859999999964
11
69.2244479999999953
21
-135.6677719999999852
0
LINE
8
BLACK
6
CONTINUOUS
10
69.2244479999999953
20
-135.6677719999999852
11
69.2844630000000024
21
-135.5228830000000073
0
LINE
8
BLACK
6
CONTINUOUS
10
69.2844630000000024
20
-135.5228830000000073
11
69.3715919999999926
21
-135.3924849999999935
0
LINE
8
BLACK
6
CONTINUOUS
10
69.3715919999999926
20
-135.3924849999999935
11
69.4824849999999969
21
-135.2815919999999892
0
LINE
8
BLACK
6
CONTINUOUS
10
69.4824849999999969
20
-135.2815919999999892
11
69.6128829999999965
21
-135.1944629999999847
0
LINE
8
BLACK
6
CONTINUOUS
10
69.6128829999999965
20
-135.1944629999999847
11
69.7577720000000028
21
-135.1344479999999919
0
LINE
8
BLACK
6
CONTINUOUS
10
69.7577720000000028
20
-135.1344479999999919
11
69.9115859999999998
21
-135.1038519999999892
0
LINE
8
BLACK
6
CONTINUOUS
10
69.9115859999999998
20
-135.1038519999999892
11
69.9899999999999949
21
-135.0999999999999943
0
LINE
8
BLACK
6
CONTINUOUS
10
69.9899999999999949
20
-135.0999999999999943
11
70.789999999999992
21
-135.0999999999999943
0
LINE
8
BLACK
6
CONTINUOUS
10
70.789999999999992
20
-135.0999999999999943
11
70.8684140000000014
21
-135.1038519999999892
0
LINE
8
BLACK
6
CONTINUOUS
10
70.8684140000000014
20
-135.1038519999999892
11
71.0222279999999984
21
-135.1344479999999919
0
LINE
8
BLACK
6
CONTINUOUS
10
71.0222279999999984
20
-135.1344479999999919
11
71.1671169999999904
21
-135.1944629999999847
0
LINE
8
BLACK
6
CONTINUOUS
10
71.1671169999999904
20
-135.1944629999999847
11
71.29751499999999
21
-135.2815919999999892
0
LINE
8
BLACK
6
CONTINUOUS
10
71.29751499999999
20
-135.2815919999999892
11
71.4084079999999943
21
-135.3924849999999935
0
LINE
8
BLACK
6
CONTINUOUS
10
71.4084079999999943
20
-135.3924849999999935
11
71.4955369999999988
21
-135.5228830000000073
0
LINE
8
BLACK
6
CONTINUOUS
10
71.4955369999999988
20
-135.5228830000000073
11
71.5555519999999916
21
-135.6677719999999852
0
LINE
8
BLACK
6
CONTINUOUS
10
71.5555519999999916
20
-135.6677719999999852
11
71.5861479999999943
21
-135.8215859999999964
0
LINE
8
BLACK
6
CONTINUOUS
10
71.5861479999999943
20
-135.8215859999999964
11
71.5861479999999943
21
-135.9784139999999866
0
LINE
8
BLACK
6
CONTINUOUS
10
71.5861479999999943
20
-135.9784139999999866
11
71.5555519999999916
21
-136.1322279999999978
0
LINE
8
BLACK
6
CONTINUOUS
10
71.5555519999999916
20
-136.1322279999999978
11
71.4955369999999988
21
-136.2771170000000041
0
LINE
8
BLACK
6
CONTINUOUS
10
71.4955369999999988
20
-136.2771170000000041
11
71.4084079999999943
21
-136.4075149999999894
0
LINE
8
BLACK
6
CONTINUOUS
10
71.4084079999999943
20
-136.4075149999999894
11
71.29751499999999
21
-136.5184079999999938
0
LINE
8
BLACK
6
CONTINUOUS
10
71.29751499999999
20
-136.5184079999999938
11
71.1671169999999904
21
-136.6055369999999982
0
LINE
8
BLACK
6
CONTINUOUS
10
71.1671169999999904
20
-136.6055369999999982
11
71.0275000000000034
21
-136.6633679999999913
0
LINE
8
BLACK
6
CONTINUOUS
10
71.0275000000000034
20
-136.6633679999999913
11
71.0275000000000034
21
-141.2099999999999795
0
LINE
8
BLACK
6
CONTINUOUS
10
71.0275000000000034
20
-141.2099999999999795
11
71.0244309999999928
21
-141.2724649999999826
0
LINE
8
BLACK
6
CONTINUOUS
10
71.0244309999999928
20
-141.2724649999999826
11
71.0244309999999928
21
-141.272484999999989
0
LINE
8
BLACK
6
CONTINUOUS
10
71.0244309999999928
20
-141.272484999999989
11
71.0000500000000017
21
-141.39505699999998
0
LINE
8
BLACK
6
CONTINUOUS
10
71.0000500000000017
20
-141.39505699999998
11
70.9788539999999983
21
-141.4462269999999933
0
LINE
8
BLACK
6
CONTINUOUS
10
70.9788539999999983
20
-141.4462269999999933
11
70.9522249999999985
21
-141.5105149999999981
0
LINE
8
BLACK
6
CONTINUOUS
10
70.9522249999999985
20
-141.5105149999999981
11
70.8827939999999899
21
-141.6144259999999804
0
LINE
8
BLACK
6
CONTINUOUS
10
70.8827939999999899
20
-141.6144259999999804
11
70.8827840000000009
21
-141.6144349999999861
0
LINE
8
BLACK
6
CONTINUOUS
10
70.8827840000000009
20
-141.6144349999999861
11
70.8407809999999927
21
-141.6607799999999884
0
LINE
8
BLACK
6
CONTINUOUS
10
70.8407809999999927
20
-141.6607799999999884
11
67.7707809999999995
21
-144.7307810000000075
0
LINE
8
BLACK
6
CONTINUOUS
10
67.7707809999999995
20
-144.7307810000000075
11
67.7244349999999997
21
-144.7727840000000015
0
LINE
8
BLACK
6
CONTINUOUS
10
67.7244349999999997
20
-144.7727840000000015
11
67.724425999999994
21
-144.7727940000000046
0
LINE
8
BLACK
6
CONTINUOUS
10
67.724425999999994
20
-144.7727940000000046
11
67.6205149999999975
21
-144.8422249999999849
0
LINE
8
BLACK
6
CONTINUOUS
10
67.6205149999999975
20
-144.8422249999999849
11
67.5388729999999953
21
-144.8760409999999865
0
LINE
8
BLACK
6
CONTINUOUS
10
67.5388729999999953
20
-144.8760409999999865
11
67.5050569999999936
21
-144.8900490000000048
0
LINE
8
BLACK
6
CONTINUOUS
10
67.5050569999999936
20
-144.8900490000000048
11
67.3824860000000001
21
-144.9144299999999816
0
LINE
8
BLACK
6
CONTINUOUS
10
67.3824860000000001
20
-144.9144299999999816
11
67.3199999999999932
21
-144.9174999999999898
0
LINE
8
BLACK
6
CONTINUOUS
10
67.3199999999999932
20
-144.9174999999999898
11
52.6400000000000006
21
-144.9174999999999898
0
LINE
8
BLACK
6
CONTINUOUS
10
52.6400000000000006
20
-144.9174999999999898
11
52.5775140000000007
21
-144.9144299999999816
0
LINE
8
BLACK
6
CONTINUOUS
10
52.5775140000000007
20
-144.9144299999999816
11
52.4549430000000001
21
-144.8900490000000048
0
LINE
8
BLACK
6
CONTINUOUS
10
52.4549430000000001
20
-144.8900490000000048
11
52.4071189999999945
21
-144.870238999999998
0
LINE
8
BLACK
6
CONTINUOUS
10
52.4071189999999945
20
-144.870238999999998
11
52.3394849999999963
21
-144.8422249999999849
0
LINE
8
BLACK
6
CONTINUOUS
10
52.3394849999999963
20
-144.8422249999999849
11
52.2355739999999997
21
-144.7727940000000046
0
LINE
8
BLACK
6
CONTINUOUS
10
52.2355739999999997
20
-144.7727940000000046
11
52.1892189999999943
21
-144.7307799999999816
0
LINE
8
BLACK
6
CONTINUOUS
10
52.1892189999999943
20
-144.7307799999999816
11
35.4892189999999985
21
-128.0307809999999904
0
LINE
8
BLACK
6
CONTINUOUS
10
35.4892189999999985
20
-128.0307809999999904
11
35.4472149999999999
21
-127.9844349999999906
0
LINE
8
BLACK
6
CONTINUOUS
10
35.4472149999999999
20
-127.9844349999999906
11
35.4472060000000013
21
-127.9844259999999991
0
LINE
8
BLACK
6
CONTINUOUS
10
35.4472060000000013
20
-127.9844259999999991
11
35.3777749999999997
21
-127.8805149999999884
0
LINE
8
BLACK
6
CONTINUOUS
10
35.3777749999999997
20
-127.8805149999999884
11
35.3299510000000012
21
-127.7650560000000013
0
LINE
8
BLACK
6
CONTINUOUS
10
35.3299510000000012
20
-127.7650560000000013
11
35.3265129999999985
21
-127.7477749999999901
0
LINE
8
BLACK
6
CONTINUOUS
10
35.3265129999999985
20
-127.7477749999999901
11
35.3055699999999959
21
-127.642485999999991
0
LINE
8
BLACK
6
CONTINUOUS
10
35.3055699999999959
20
-127.642485999999991
11
35.3024999999999949
21
-127.5799999999999983
0
LINE
8
BLACK
6
CONTINUOUS
10
35.3024999999999949
20
-127.5799999999999983
11
35.3024999999999949
21
-78.4099999999999966
0
LINE
8
BLACK
6
CONTINUOUS
10
35.3024999999999949
20
-78.4099999999999966
11
35.3055699999999959
21
-78.3475139999999897
0
LINE
8
BLACK
6
CONTINUOUS
10
35.3055699999999959
20
-78.3475139999999897
11
35.3229490000000013
21
-78.2601429999999993
0
LINE
8
BLACK
6
CONTINUOUS
10
35.3229490000000013
20
-78.2601429999999993
11
35.3299510000000012
21
-78.2249429999999961
0
LINE
8
BLACK
6
CONTINUOUS
10
35.3299510000000012
20
-78.2249429999999961
11
35.3439580000000007
21
-78.191125999999997
0
LINE
8
BLACK
6
CONTINUOUS
10
35.3439580000000007
20
-78.191125999999997
11
35.3777749999999997
21
-78.1094849999999923
0
LINE
8
BLACK
6
CONTINUOUS
10
35.3777749999999997
20
-78.1094849999999923
11
35.4472060000000013
21
-78.0055739999999957
0
LINE
8
BLACK
6
CONTINUOUS
10
35.4472060000000013
20
-78.0055739999999957
11
35.4472149999999999
21
-78.0055639999999926
0
LINE
8
BLACK
6
CONTINUOUS
10
35.4472149999999999
20
-78.0055639999999926
11
35.4892189999999985
21
-77.9592189999999903
0
LINE
8
BLACK
6
CONTINUOUS
10
35.4892189999999985
20
-77.9592189999999903
11
39.1392200000000017
21
-74.3092189999999988
0
LINE
8
BLACK
6
CONTINUOUS
10
39.1392200000000017
20
-74.3092189999999988
11
39.1855639999999994
21
-74.2672149999999931
0
LINE
8
BLACK
6
CONTINUOUS
10
39.1855639999999994
20
-74.2672149999999931
11
39.1855739999999955
21
-74.2672060000000016
0
LINE
8
BLACK
6
CONTINUOUS
10
39.1855739999999955
20
-74.2672060000000016
11
39.2894849999999991
21
-74.1977749999999929
0
LINE
8
BLACK
6
CONTINUOUS
10
39.2894849999999991
20
-74.1977749999999929
11
39.3525399999999976
21
-74.1716569999999962
0
LINE
8
BLACK
6
CONTINUOUS
10
39.3525399999999976
20
-74.1716569999999962
11
39.4049429999999958
21
-74.1499499999999898
0
LINE
8
BLACK
6
CONTINUOUS
10
39.4049429999999958
20
-74.1499499999999898
11
39.5275150000000011
21
-74.1255689999999987
0
LINE
8
BLACK
6
CONTINUOUS
10
39.5275150000000011
20
-74.1255689999999987
11
39.5275339999999957
21
-74.1255689999999987
0
LINE
8
BLACK
6
CONTINUOUS
10
39.5275339999999957
20
-74.1255689999999987
11
39.5899999999999963
21
-74.1225000000000023
0
LINE
8
BLACK
6
CONTINUOUS
10
39.5899999999999963
20
-74.1225000000000023
11
41.5124999999999957
21
-74.1225000000000023
0
LINE
8
BLACK
6
CONTINUOUS
10
41.5124999999999957
20
-74.1225000000000023
11
41.5124999999999957
21
-73.7099999999999937
0
LINE
8
BLACK
6
CONTINUOUS
10
41.5124999999999957
20
-73.7099999999999937
11
41.5315299999999965
21
-73.6143289999999979
0
LINE
8
BLACK
6
CONTINUOUS
10
41.5315299999999965
20
-73.6143289999999979
11
41.5857230000000015
21
-73.5332229999999925
0
LINE
8
BLACK
6
CONTINUOUS
10
41.5857230000000015
20
-73.5332229999999925
11
41.6668289999999999
21
-73.4790299999999945
0
LINE
8
BLACK
6
CONTINUOUS
10
41.6668289999999999
20
-73.4790299999999945
11
41.7624999999999957
21
-73.4599999999999937
0
LINE
8
BLACK
6
CONTINUOUS
10
41.7624999999999957
20
-73.4599999999999937
11
43.8624999999999972
21
-73.4599999999999937
0
LINE
8
BLACK
6
CONTINUOUS
10
43.8624999999999972
20
-73.4599999999999937
11
43.9581710000000001
21
-73.4790299999999945
0
LINE
8
BLACK
6
CONTINUOUS
10
70.8684140000000014
20
-132.5638519999999971
11
71.0222279999999984
21
-132.5944479999999999
0
LINE
8
BLACK
6
CONTINUOUS
10
71.0222279999999984
20
-132.5944479999999999
11
71.1671169999999904
21
-132.6544629999999927
0
LINE
8
BLACK
6
CONTINUOUS
10
71.1671169999999904
20
-132.6544629999999927
11
71.29751499999999
21
-132.7415919999999971
0
LINE
8
BLACK
6
CONTINUOUS
10
71.29751499999999
20
-132.7415919999999971
11
71.4084079999999943
21
-132.8524850000000015
0
LINE
8
BLACK
6
CONTINUOUS
10
71.4084079999999943
20
-132.8524850000000015
11
71.4955369999999988
21
-132.9828829999999869
0
LINE
8
BLACK
6
CONTINUOUS
10
71.4955369999999988
20
-132.9828829999999869
11
71.5555519999999916
21
-133.1277719999999931
0
LINE
8
BLACK
6
CONTINUOUS
10
71.5555519999999916
20
-133.1277719999999931
11
71.5861479999999943
21
-133.2815860000000043
0
LINE
8
BLACK
6
CONTINUOUS
10
71.5861479999999943
20
-133.2815860000000043
11
71.5861479999999943
21
-133.4384139999999945
0
LINE
8
BLACK
6
CONTINUOUS
10
71.5861479999999943
20
-133.4384139999999945
11
71.5555519999999916
21
-133.5922280000000057
0
LINE
8
BLACK
6
CONTINUOUS
10
71.5555519999999916
20
-133.5922280000000057
11
71.4955369999999988
21
-133.7371169999999836
0
LINE
8
BLACK
6
CONTINUOUS
10
71.4955369999999988
20
-133.7371169999999836
11
71.4084079999999943
21
-133.8675149999999974
0
LINE
8
BLACK
6
CONTINUOUS
10
71.4084079999999943
20
-133.8675149999999974
11
71.29751499999999
21
-133.9784080000000017
0
LINE
8
BLACK
6
CONTINUOUS
10
71.29751499999999
20
-133.9784080000000017
11
71.1671169999999904
21
-134.0655370000000062
0
LINE
8
BLACK
6
CONTINUOUS
10
71.1671169999999904
20
-134.0655370000000062
11
71.0222279999999984
21
-134.125551999999999
0
LINE
8
BLACK
6
CONTINUOUS
10
71.0222279999999984
20
-134.125551999999999
11
70.8684140000000014
21
-134.1561480000000017
0
LINE
8
BLACK
6
CONTINUOUS
10
70.8684140000000014
20
-134.1561480000000017
11
70.789999999999992
21
-134.1599999999999966
0
LINE
8
BLACK
6
CONTINUOUS
10
70.789999999999992
20
-134.1599999999999966
11
69.9899999999999949
21
-134.1599999999999966
0
LINE
8
BLACK
6
CONTINUOUS
10
69.9899999999999949
20
-134.1599999999999966
11
69.9115859999999998
21
-134.1561480000000017
0
LINE
8
BLACK
6
CONTINUOUS
10
69.9115859999999998
20
-134.1561480000000017
11
69.7577720000000028
21
-134.125551999999999
0
LINE
8
BLACK
6
CONTINUOUS
10
69.7577720000000028
20
-134.125551999999999
11
69.6128829999999965
21
-134.0655370000000062
0
LINE
8
BLACK
6
CONTINUOUS
10
69.6128829999999965
20
-134.0655370000000062
11
69.5110579999999914
21
-133.9975000000000023
0
LINE
8
BLACK
6
CONTINUOUS
10
69.5110579999999914
20
-133.9975000000000023
11
66.2240609999999919
21
-133.9975000000000023
0
LINE
8
BLACK
6
CONTINUOUS
10
66.2240609999999919
20
-133.9975000000000023
11
65.0874999999999915
21
-135.1340610000000027
0
LINE
8
BLACK
6
CONTINUOUS
10
65.0874999999999915
20
-135.1340610000000027
11
65.0874999999999915
21
-135.3810579999999959
0
LINE
8
BLACK
6
CONTINUOUS
10
65.0874999999999915
20
-135.3810579999999959
11
65.1555369999999954
21
-135.4828829999999869
0
LINE
8
BLACK
6
CONTINUOUS
10
65.1555369999999954
20
-135.4828829999999869
11
65.2155520000000024
21
-135.6277719999999931
0
LINE
8
BLACK
6
CONTINUOUS
10
65.2155520000000024
20
-135.6277719999999931
11
65.2461479999999909
21
-135.7815860000000043
0
LINE
8
BLACK
6
CONTINUOUS
10
65.2461479999999909
20
-135.7815860000000043
11
65.2461479999999909
21
-135.9384139999999945
0
LINE
8
BLACK
6
CONTINUOUS
10
65.2461479999999909
20
-135.9384139999999945
11
65.2155520000000024
21
-136.0922280000000057
0
LINE
8
BLACK
6
CONTINUOUS
10
65.2155520000000024
20
-136.0922280000000057
11
65.1555369999999954
21
-136.2371169999999836
0
LINE
8
BLACK
6
CONTINUOUS
10
65.1555369999999954
20
-136.2371169999999836
11
65.1075000000000017
21
-136.3090090000000032
0
LINE
8
BLACK
6
CONTINUOUS
10
65.1075000000000017
20
-136.3090090000000032
11
65.1075000000000017
21
-139.5110579999999914
0
LINE
8
BLACK
6
CONTINUOUS
10
65.1075000000000017
20
-139.5110579999999914
11
65.1755369999999914
21
-139.6128829999999823
0
LINE
8
BLACK
6
CONTINUOUS
10
65.1755369999999914
20
-139.6128829999999823
11
65.2355519999999984
21
-139.7577719999999886
0
LINE
8
BLACK
6
CONTINUOUS
10
65.2355519999999984
20
-139.7577719999999886
11
65.2661480000000012
21
-139.9115859999999998
0
LINE
8
BLACK
6
CONTINUOUS
10
65.2661480000000012
20
-139.9115859999999998
11
65.2661480000000012
21
-140.06841399999999
0
LINE
8
BLACK
6
CONTINUOUS
10
65.2661480000000012
20
-140.06841399999999
11
65.2355519999999984
21
-140.2222280000000012
0
LINE
8
BLACK
6
CONTINUOUS
10
65.2355519999999984
20
-140.2222280000000012
11
65.1755369999999914
21
-140.3671170000000075
0
LINE
8
BLACK
6
CONTINUOUS
10
65.1755369999999914
20
-140.3671170000000075
11
65.0884080000000012
21
-140.4975149999999928
0
LINE
8
BLACK
6
CONTINUOUS
10
65.0884080000000012
20
-140.4975149999999928
11
64.9775149999999968
21
-140.6084079999999972
0
LINE
8
BLACK
6
CONTINUOUS
10
64.9775149999999968
20
-140.6084079999999972
11
64.8471169999999972
21
-140.6955370000000016
0
LINE
8
BLACK
6
CONTINUOUS
10
64.8471169999999972
20
-140.6955370000000016
11
64.702227999999991
21
-140.7555519999999945
0
LINE
8
BLACK
6
CONTINUOUS
10
64.702227999999991
20
-140.7555519999999945
11
64.548413999999994
21
-140.7861479999999972
0
LINE
8
BLACK
6
CONTINUOUS
10
64.548413999999994
20
-140.7861479999999972
11
64.3915860000000038
21
-140.7861479999999972
0
LINE
8
BLACK
6
CONTINUOUS
10
64.3915860000000038
20
-140.7861479999999972
11
64.2377719999999925
21
-140.7555519999999945
0
LINE
8
BLACK
6
CONTINUOUS
10
64.2377719999999925
20
-140.7555519999999945
11
64.1941910000000036
21
-140.7374999999999829
0
LINE
8
BLACK
6
CONTINUOUS
10
64.1941910000000036
20
-140.7374999999999829
11
59.6199999999999974
21
-140.7374999999999829
0
LINE
8
BLACK
6
CONTINUOUS
10
59.6199999999999974
20
-140.7374999999999829
11
59.6199999999999974
21
-140.9499999999999886
0
LINE
8
BLACK
6
CONTINUOUS
10
59.6199999999999974
20
-140.9499999999999886
11
57.9199999999999946
21
-140.9499999999999886
0
LINE
8
BLACK
6
CONTINUOUS
10
57.9199999999999946
20
-140.9499999999999886
11
57.9199999999999946
21
-139.25
0
LINE
8
BLACK
6
CONTINUOUS
10
57.9199999999999946
20
-139.25
11
59.6199999999999974
21
-139.25
0
LINE
8
BLACK
6
CONTINUOUS
10
59.6199999999999974
20
-139.25
11
59.6199999999999974
21
-139.4625000000000057
0
LINE
8
BLACK
6
CONTINUOUS
10
59.6199999999999974
20
-139.4625000000000057
11
63.832499999999996
21
-139.4625000000000057
0
LINE
8
BLACK
6
CONTINUOUS
10
63.832499999999996
20
-139.4625000000000057
11
63.832499999999996
21
-136.3684230000000071
0
LINE
8
BLACK
6
CONTINUOUS
10
63.832499999999996
20
-136.3684230000000071
11
63.8315920000000006
21
-136.3675149999999974
0
LINE
8
BLACK
6
CONTINUOUS
10
63.8315920000000006
20
-136.3675149999999974
11
63.7444629999999961
21
-136.2371169999999836
0
LINE
8
BLACK
6
CONTINUOUS
10
63.7444629999999961
20
-136.2371169999999836
11
63.6844479999999962
21
-136.0922280000000057
0
LINE
8
BLACK
6
CONTINUOUS
10
63.6844479999999962
20
-136.0922280000000057
11
63.6538520000000005
21
-135.9384139999999945
0
LINE
8
BLACK
6
CONTINUOUS
10
63.6538520000000005
20
-135.9384139999999945
11
63.6538520000000005
21
-135.7815860000000043
0
LINE
8
BLACK
6
CONTINUOUS
10
63.6538520000000005
20
-135.7815860000000043
11
63.6844479999999962
21
-135.6277719999999931
0
LINE
8
BLACK
6
CONTINUOUS
10
63.6844479999999962
20
-135.6277719999999931
11
63.7444629999999961
21
-135.4828829999999869
0
LINE
8
BLACK
6
CONTINUOUS
10
63.7444629999999961
20
-135.4828829999999869
11
63.8125
21
-135.3810579999999959
0
LINE
8
BLACK
6
CONTINUOUS
10
63.8125
20
-135.3810579999999959
11
63.8125
21
-134.8700000000000045
0
LINE
8
BLACK
6
CONTINUOUS
10
63.8125
20
-134.8700000000000045
11
63.8155699999999939
21
-134.8075139999999976
0
LINE
8
BLACK
6
CONTINUOUS
10
63.8155699999999939
20
-134.8075139999999976
11
63.8285429999999963
21
-134.7422929999999894
0
LINE
8
BLACK
6
CONTINUOUS
10
63.8285429999999963
20
-134.7422929999999894
11
63.8399509999999992
21
-134.6849430000000041
0
LINE
8
BLACK
6
CONTINUOUS
10
63.8399509999999992
20
-134.6849430000000041
11
63.8590099999999978
21
-134.6389299999999878
0
LINE
8
BLACK
6
CONTINUOUS
10
63.8590099999999978
20
-134.6389299999999878
11
63.8877749999999978
21
-134.569484999999986
0
LINE
8
BLACK
6
CONTINUOUS
10
63.8877749999999978
20
-134.569484999999986
11
63.9572059999999993
21
-134.4655740000000037
0
LINE
8
BLACK
6
CONTINUOUS
10
63.9572059999999993
20
-134.4655740000000037
11
63.9572149999999979
21
-134.4655640000000005
0
LINE
8
BLACK
6
CONTINUOUS
10
63.9572149999999979
20
-134.4655640000000005
11
63.9992189999999965
21
-134.4192189999999982
0
LINE
8
BLACK
6
CONTINUOUS
10
63.9992189999999965
20
-134.4192189999999982
11
65.5092190000000016
21
-132.9092200000000048
0
LINE
8
BLACK
6
CONTINUOUS
10
65.5092190000000016
20
-132.9092200000000048
11
65.5555739999999929
21
-132.8672059999999817
0
LINE
8
BLACK
6
CONTINUOUS
10
65.5555739999999929
20
-132.8672059999999817
11
65.659483999999992
21
-132.7977759999999989
0
LINE
8
BLACK
6
CONTINUOUS
10
65.659483999999992
20
-132.7977759999999989
11
65.6594850000000037
21
-132.7977750000000015
0
LINE
8
BLACK
6
CONTINUOUS
10
65.6594850000000037
20
-132.7977750000000015
11
65.7271190000000018
21
-132.7697599999999909
0
LINE
8
BLACK
6
CONTINUOUS
10
65.7271190000000018
20
-132.7697599999999909
11
65.7749429999999933
21
-132.7499509999999816
0
LINE
8
BLACK
6
CONTINUOUS
10
65.7749429999999933
20
-132.7499509999999816
11
65.897514000000001
21
-132.7255700000000047
0
LINE
8
BLACK
6
CONTINUOUS
10
65.897514000000001
20
-132.7255700000000047
11
65.9599999999999937
21
-132.7224999999999966
0
LINE
8
BLACK
6
CONTINUOUS
10
65.9599999999999937
20
-132.7224999999999966
11
69.5110579999999914
21
-132.7224999999999966
0
LINE
8
BLACK
6
CONTINUOUS
10
69.5110579999999914
20
-132.7224999999999966
11
69.6128829999999965
21
-132.6544629999999927
0
LINE
8
BLACK
6
CONTINUOUS
10
69.6128829999999965
20
-132.6544629999999927
11
69.7577720000000028
21
-132.5944479999999999
0
LINE
8
BLACK
6
CONTINUOUS
10
69.7577720000000028
20
-132.5944479999999999
11
69.9115859999999998
21
-132.5638519999999971
0
LINE
8
BLACK
6
CONTINUOUS
10
69.9115859999999998
20
-132.5638519999999971
11
69.9899999999999949
21
-132.5600000000000023
0
LINE
8
BLACK
6
CONTINUOUS
10
69.9899999999999949
20
-132.5600000000000023
11
70.789999999999992
21
-132.5600000000000023
0
LINE
8
BLACK
6
CONTINUOUS
10
70.789999999999992
20
-132.5600000000000023
11
70.8684140000000014
21
-132.5638519999999971
0
LINE
8
BLACK
6
CONTINUOUS
10
53.3022279999999995
20
-122.7044479999999993
11
53.4471169999999987
21
-122.7644629999999921
0
LINE
8
BLACK
6
CONTINUOUS
10
53.4471169999999987
20
-122.7644629999999921
11
53.5775149999999982
21
-122.8515919999999966
0
LINE
8
BLACK
6
CONTINUOUS
10
53.5775149999999982
20
-122.8515919999999966
11
53.6884079999999955
21
-122.9624850000000009
0
LINE
8
BLACK
6
CONTINUOUS
10
53.6884079999999955
20
-122.9624850000000009
11
53.7755369999999999
21
-123.0928830000000005
0
LINE
8
BLACK
6
CONTINUOUS
10
53.7755369999999999
20
-123.0928830000000005
11
53.8355519999999999
21
-123.2377719999999925
0
LINE
8
BLACK
6
CONTINUOUS
10
53.8355519999999999
20
-123.2377719999999925
11
53.8661479999999955
21
-123.3915859999999896
0
LINE
8
BLACK
6
CONTINUOUS
10
53.8661479999999955
20
-123.3915859999999896
11
53.8661479999999955
21
-123.548413999999994
0
LINE
8
BLACK
6
CONTINUOUS
10
53.8661479999999955
20
-123.548413999999994
11
53.8355519999999999
21
-123.702227999999991
0
LINE
8
BLACK
6
CONTINUOUS
10
53.8355519999999999
20
-123.702227999999991
11
53.7974999999999994
21
-123.7940929999999895
0
LINE
8
BLACK
6
CONTINUOUS
10
53.7974999999999994
20
-123.7940929999999895
11
53.7974999999999994
21
-130.636669999999981
0
LINE
8
BLACK
6
CONTINUOUS
10
53.7974999999999994
20
-130.636669999999981
11
53.8489969999999971
21
-130.7609949999999799
0
LINE
8
BLACK
6
CONTINUOUS
10
53.8489969999999971
20
-130.7609949999999799
11
53.8765329999999949
21
-130.8994280000000003
0
LINE
8
BLACK
6
CONTINUOUS
10
53.8765329999999949
20
-130.8994280000000003
11
53.8765329999999949
21
-131.0405719999999974
0
LINE
8
BLACK
6
CONTINUOUS
10
53.8765329999999949
20
-131.0405719999999974
11
53.8489969999999971
21
-131.1790049999999894
0
LINE
8
BLACK
6
CONTINUOUS
10
53.8489969999999971
20
-131.1790049999999894
11
53.7949829999999949
21
-131.3094059999999956
0
LINE
8
BLACK
6
CONTINUOUS
10
53.7949829999999949
20
-131.3094059999999956
11
53.7165679999999952
21
-131.426762999999994
0
LINE
8
BLACK
6
CONTINUOUS
10
53.7165679999999952
20
-131.426762999999994
11
53.6167629999999988
21
-131.5265679999999975
0
LINE
8
BLACK
6
CONTINUOUS
10
53.6167629999999988
20
-131.5265679999999975
11
53.4994060000000005
21
-131.6049830000000043
0
LINE
8
BLACK
6
CONTINUOUS
10
53.4994060000000005
20
-131.6049830000000043
11
53.3690049999999943
21
-131.6589969999999994
0
LINE
8
BLACK
6
CONTINUOUS
10
53.3690049999999943
20
-131.6589969999999994
11
53.2305719999999951
21
-131.6865329999999972
0
LINE
8
BLACK
6
CONTINUOUS
10
53.2305719999999951
20
-131.6865329999999972
11
53.0894279999999981
21
-131.6865329999999972
0
LINE
8
BLACK
6
CONTINUOUS
10
53.0894279999999981
20
-131.6865329999999972
11
52.9509949999999989
21
-131.6589969999999994
0
LINE
8
BLACK
6
CONTINUOUS
10
52.9509949999999989
20
-131.6589969999999994
11
52.8205939999999998
21
-131.6049830000000043
0
LINE
8
BLACK
6
CONTINUOUS
10
52.8205939999999998
20
-131.6049830000000043
11
52.7032369999999943
21
-131.5265679999999975
0
LINE
8
BLACK
6
CONTINUOUS
10
52.7032369999999943
20
-131.5265679999999975
11
52.603431999999998
21
-131.426762999999994
0
LINE
8
BLACK
6
CONTINUOUS
10
52.603431999999998
20
-131.426762999999994
11
52.5250169999999983
21
-131.3094059999999956
0
LINE
8
BLACK
6
CONTINUOUS
10
52.5250169999999983
20
-131.3094059999999956
11
52.4710029999999961
21
-131.1790049999999894
0
LINE
8
BLACK
6
CONTINUOUS
10
52.4710029999999961
20
-131.1790049999999894
11
52.4434669999999983
21
-131.0405719999999974
0
LINE
8
BLACK
6
CONTINUOUS
10
52.4434669999999983
20
-131.0405719999999974
11
52.4434669999999983
21
-130.9821859999999845
0
LINE
8
BLACK
6
CONTINUOUS
10
52.4434669999999983
20
-130.9821859999999845
11
52.4355699999999985
21
-130.9424860000000024
0
LINE
8
BLACK
6
CONTINUOUS
10
52.4355699999999985
20
-130.9424860000000024
11
52.4355699999999985
21
-130.8175139999999885
0
LINE
8
BLACK
6
CONTINUOUS
10
52.4355699999999985
20
-130.8175139999999885
11
52.4599509999999967
21
-130.694942999999995
0
LINE
8
BLACK
6
CONTINUOUS
10
52.4599509999999967
20
-130.694942999999995
11
52.5077759999999998
21
-130.5794850000000054
0
LINE
8
BLACK
6
CONTINUOUS
10
52.5077759999999998
20
-130.5794850000000054
11
52.5225000000000009
21
-130.5574479999999937
0
LINE
8
BLACK
6
CONTINUOUS
10
52.5225000000000009
20
-130.5574479999999937
11
52.5225000000000009
21
-124.0484229999999997
0
LINE
8
BLACK
6
CONTINUOUS
10
52.5225000000000009
20
-124.0484229999999997
11
52.451591999999998
21
-123.9775149999999968
0
LINE
8
BLACK
6
CONTINUOUS
10
52.451591999999998
20
-123.9775149999999968
11
52.3644630000000006
21
-123.8471169999999972
0
LINE
8
BLACK
6
CONTINUOUS
10
52.3644630000000006
20
-123.8471169999999972
11
52.3044480000000007
21
-123.702227999999991
0
LINE
8
BLACK
6
CONTINUOUS
10
52.3044480000000007
20
-123.702227999999991
11
52.273851999999998
21
-123.548413999999994
0
LINE
8
BLACK
6
CONTINUOUS
10
52.273851999999998
20
-123.548413999999994
11
52.273851999999998
21
-123.3915859999999896
0
LINE
8
BLACK
6
CONTINUOUS
10
52.273851999999998
20
-123.3915859999999896
11
52.3044480000000007
21
-123.2377719999999925
0
LINE
8
BLACK
6
CONTINUOUS
10
52.3044480000000007
20
-123.2377719999999925
11
52.3644630000000006
21
-123.0928830000000005
0
LINE
8
BLACK
6
CONTINUOUS
10
52.3644630000000006
20
-123.0928830000000005
11
52.451591999999998
21
-122.9624850000000009
0
LINE
8
BLACK
6
CONTINUOUS
10
52.451591999999998
20
-122.9624850000000009
11
52.5624849999999952
21
-122.8515919999999966
0
LINE
8
BLACK
6
CONTINUOUS
10
52.5624849999999952
20
-122.8515919999999966
11
52.6928829999999948
21
-122.7644629999999921
0
LINE
8
BLACK
6
CONTINUOUS
10
52.6928829999999948
20
-122.7644629999999921
11
52.8377720000000011
21
-122.7044479999999993
0
LINE
8
BLACK
6
CONTINUOUS
10
52.8377720000000011
20
-122.7044479999999993
11
52.9915859999999981
21
-122.6738519999999966
0
LINE
8
BLACK
6
CONTINUOUS
10
52.9915859999999981
20
-122.6738519999999966
11
53.1484139999999954
21
-122.6738519999999966
0
LINE
8
BLACK
6
CONTINUOUS
10
53.1484139999999954
20
-122.6738519999999966
11
53.3022279999999995
21
-122.7044479999999993
0
LINE
8
BLACK
6
CONTINUOUS
10
70.8684140000000014
20
-130.0238520000000051
11
71.0222279999999984
21
-130.0544480000000078
0
LINE
8
BLACK
6
CONTINUOUS
10
71.0222279999999984
20
-130.0544480000000078
11
71.1671169999999904
21
-130.1144630000000006
0
LINE
8
BLACK
6
CONTINUOUS
10
71.1671169999999904
20
-130.1144630000000006
11
71.29751499999999
21
-130.2015920000000051
0
LINE
8
BLACK
6
CONTINUOUS
10
71.29751499999999
20
-130.2015920000000051
11
71.4084079999999943
21
-130.312484999999981
0
LINE
8
BLACK
6
CONTINUOUS
10
71.4084079999999943
20
-130.312484999999981
11
71.4955369999999988
21
-130.4428829999999948
0
LINE
8
BLACK
6
CONTINUOUS
10
71.4955369999999988
20
-130.4428829999999948
11
71.5555519999999916
21
-130.5877720000000011
0
LINE
8
BLACK
6
CONTINUOUS
10
71.5555519999999916
20
-130.5877720000000011
11
71.5861479999999943
21
-130.7415859999999839
0
LINE
8
BLACK
6
CONTINUOUS
10
71.5861479999999943
20
-130.7415859999999839
11
71.5861479999999943
21
-130.8984140000000025
0
LINE
8
BLACK
6
CONTINUOUS
10
71.5861479999999943
20
-130.8984140000000025
11
71.5555519999999916
21
-131.0522279999999853
0
LINE
8
BLACK
6
CONTINUOUS
10
71.5555519999999916
20
-131.0522279999999853
11
71.4955369999999988
21
-131.1971169999999915
0
LINE
8
BLACK
6
CONTINUOUS
10
71.4955369999999988
20
-131.1971169999999915
11
71.4084079999999943
21
-131.3275150000000053
0
LINE
8
BLACK
6
CONTINUOUS
10
71.4084079999999943
20
-131.3275150000000053
11
71.29751499999999
21
-131.4384079999999813
0
LINE
8
BLACK
6
CONTINUOUS
10
71.29751499999999
20
-131.4384079999999813
11
71.1671169999999904
21
-131.5255369999999857
0
LINE
8
BLACK
6
CONTINUOUS
10
71.1671169999999904
20
-131.5255369999999857
11
71.0222279999999984
21
-131.585552000000007
0
LINE
8
BLACK
6
CONTINUOUS
10
71.0222279999999984
20
-131.585552000000007
11
70.8684140000000014
21
-131.6161479999999813
0
LINE
8
BLACK
6
CONTINUOUS
10
70.8684140000000014
20
-131.6161479999999813
11
70.789999999999992
21
-131.6200000000000045
0
LINE
8
BLACK
6
CONTINUOUS
10
70.789999999999992
20
-131.6200000000000045
11
69.9899999999999949
21
-131.6200000000000045
0
LINE
8
BLACK
6
CONTINUOUS
10
69.9899999999999949
20
-131.6200000000000045
11
69.9115859999999998
21
-131.6161479999999813
0
LINE
8
BLACK
6
CONTINUOUS
10
69.9115859999999998
20
-131.6161479999999813
11
69.7577720000000028
21
-131.585552000000007
0
LINE
8
BLACK
6
CONTINUOUS
10
69.7577720000000028
20
-131.585552000000007
11
69.6128829999999965
21
-131.5255369999999857
0
LINE
8
BLACK
6
CONTINUOUS
10
69.6128829999999965
20
-131.5255369999999857
11
69.5709229999999934
21
-131.4975000000000023
0
LINE
8
BLACK
6
CONTINUOUS
10
69.5709229999999934
20
-131.4975000000000023
11
64.9289419999999922
21
-131.4975000000000023
0
LINE
8
BLACK
6
CONTINUOUS
10
64.9289419999999922
20
-131.4975000000000023
11
64.8271170000000012
21
-131.5655370000000062
0
LINE
8
BLACK
6
CONTINUOUS
10
64.8271170000000012
20
-131.5655370000000062
11
64.6822279999999949
21
-131.625551999999999
0
LINE
8
BLACK
6
CONTINUOUS
10
64.6822279999999949
20
-131.625551999999999
11
64.5284139999999979
21
-131.6561480000000017
0
LINE
8
BLACK
6
CONTINUOUS
10
64.5284139999999979
20
-131.6561480000000017
11
64.3715859999999935
21
-131.6561480000000017
0
LINE
8
BLACK
6
CONTINUOUS
10
64.3715859999999935
20
-131.6561480000000017
11
64.2177719999999965
21
-131.625551999999999
0
LINE
8
BLACK
6
CONTINUOUS
10
64.2177719999999965
20
-131.625551999999999
11
64.1741909999999933
21
-131.6074999999999875
0
LINE
8
BLACK
6
CONTINUOUS
10
64.1741909999999933
20
-131.6074999999999875
11
58.573328999999994
21
-131.6074999999999875
0
LINE
8
BLACK
6
CONTINUOUS
10
58.573328999999994
20
-131.6074999999999875
11
58.4490049999999997
21
-131.6589969999999994
0
LINE
8
BLACK
6
CONTINUOUS
10
58.4490049999999997
20
-131.6589969999999994
11
58.3105720000000005
21
-131.6865329999999972
0
LINE
8
BLACK
6
CONTINUOUS
10
58.3105720000000005
20
-131.6865329999999972
11
58.1694279999999964
21
-131.6865329999999972
0
LINE
8
BLACK
6
CONTINUOUS
10
58.1694279999999964
20
-131.6865329999999972
11
58.0309949999999972
21
-131.6589969999999994
0
LINE
8
BLACK
6
CONTINUOUS
10
58.0309949999999972
20
-131.6589969999999994
11
57.9066709999999958
21
-131.6074999999999875
0
LINE
8
BLACK
6
CONTINUOUS
10
57.9066709999999958
20
-131.6074999999999875
11
56.0333289999999948
21
-131.6074999999999875
0
LINE
8
BLACK
6
CONTINUOUS
10
56.0333289999999948
20
-131.6074999999999875
11
55.9090050000000005
21
-131.6589969999999994
0
LINE
8
BLACK
6
CONTINUOUS
10
55.9090050000000005
20
-131.6589969999999994
11
55.7705719999999943
21
-131.6865329999999972
0
LINE
8
BLACK
6
CONTINUOUS
10
55.7705719999999943
20
-131.6865329999999972
11
55.6294279999999972
21
-131.6865329999999972
0
LINE
8
BLACK
6
CONTINUOUS
10
55.6294279999999972
20
-131.6865329999999972
11
55.4909949999999981
21
-131.6589969999999994
0
LINE
8
BLACK
6
CONTINUOUS
10
55.4909949999999981
20
-131.6589969999999994
11
55.360593999999999
21
-131.6049830000000043
0
LINE
8
BLACK
6
CONTINUOUS
10
55.360593999999999
20
-131.6049830000000043
11
55.2432370000000006
21
-131.5265679999999975
0
LINE
8
BLACK
6
CONTINUOUS
10
55.2432370000000006
20
-131.5265679999999975
11
55.1434319999999971
21
-131.426762999999994
0
LINE
8
BLACK
6
CONTINUOUS
10
55.1434319999999971
20
-131.426762999999994
11
55.0650169999999974
21
-131.3094059999999956
0
LINE
8
BLACK
6
CONTINUOUS
10
55.0650169999999974
20
-131.3094059999999956
11
55.0110029999999952
21
-131.1790049999999894
0
LINE
8
BLACK
6
CONTINUOUS
10
55.0110029999999952
20
-131.1790049999999894
11
54.9834669999999974
21
-131.0405719999999974
0
LINE
8
BLACK
6
CONTINUOUS
10
54.9834669999999974
20
-131.0405719999999974
11
54.9834669999999974
21
-130.8994280000000003
0
LINE
8
BLACK
6
CONTINUOUS
10
54.9834669999999974
20
-130.8994280000000003
11
55.0110029999999952
21
-130.7609949999999799
0
LINE
8
BLACK
6
CONTINUOUS
10
55.0110029999999952
20
-130.7609949999999799
11
55.0650169999999974
21
-130.6305940000000021
0
LINE
8
BLACK
6
CONTINUOUS
10
55.0650169999999974
20
-130.6305940000000021
11
55.1434319999999971
21
-130.5132370000000037
0
LINE
8
BLACK
6
CONTINUOUS
10
55.1434319999999971
20
-130.5132370000000037
11
55.2432370000000006
21
-130.4134320000000002
0
LINE
8
BLACK
6
CONTINUOUS
10
55.2432370000000006
20
-130.4134320000000002
11
55.360593999999999
21
-130.3350169999999935
0
LINE
8
BLACK
6
CONTINUOUS
10
55.360593999999999
20
-130.3350169999999935
11
55.4909949999999981
21
-130.2810029999999983
0
LINE
8
BLACK
6
CONTINUOUS
10
55.4909949999999981
20
-130.2810029999999983
11
55.6294279999999972
21
-130.2534670000000006
0
LINE
8
BLACK
6
CONTINUOUS
10
55.6294279999999972
20
-130.2534670000000006
11
55.7705719999999943
21
-130.2534670000000006
0
LINE
8
BLACK
6
CONTINUOUS
10
55.7705719999999943
20
-130.2534670000000006
11
55.9090050000000005
21
-130.2810029999999983
0
LINE
8
BLACK
6
CONTINUOUS
10
55.9090050000000005
20
-130.2810029999999983
11
56.0333289999999948
21
-130.3324999999999818
0
LINE
8
BLACK
6
CONTINUOUS
10
56.0333289999999948
20
-130.3324999999999818
11
57.9066709999999958
21
-130.3324999999999818
0
LINE
8
BLACK
6
CONTINUOUS
10
57.9066709999999958
20
-130.3324999999999818
11
58.0309949999999972
21
-130.2810029999999983
0
LINE
8
BLACK
6
CONTINUOUS
10
58.0309949999999972
20
-130.2810029999999983
11
58.1694279999999964
21
-130.2534670000000006
0
LINE
8
BLACK
6
CONTINUOUS
10
58.1694279999999964
20
-130.2534670000000006
11
58.3105720000000005
21
-130.2534670000000006
0
LINE
8
BLACK
6
CONTINUOUS
10
58.3105720000000005
20
-130.2534670000000006
11
58.4490049999999997
21
-130.2810029999999983
0
LINE
8
BLACK
6
CONTINUOUS
10
58.4490049999999997
20
-130.2810029999999983
11
58.573328999999994
21
-130.3324999999999818
0
LINE
8
BLACK
6
CONTINUOUS
10
58.573328999999994
20
-130.3324999999999818
11
63.8515769999999989
21
-130.3324999999999818
0
LINE
8
BLACK
6
CONTINUOUS
10
63.8515769999999989
20
-130.3324999999999818
11
63.9424849999999978
21
-130.2415919999999971
0
LINE
8
BLACK
6
CONTINUOUS
10
63.9424849999999978
20
-130.2415919999999971
11
64.0728829999999903
21
-130.1544629999999927
0
LINE
8
BLACK
6
CONTINUOUS
10
64.0728829999999903
20
-130.1544629999999927
11
64.2177719999999965
21
-130.0944479999999999
0
LINE
8
BLACK
6
CONTINUOUS
10
64.2177719999999965
20
-130.0944479999999999
11
64.3715859999999935
21
-130.0638519999999971
0
LINE
8
BLACK
6
CONTINUOUS
10
64.3715859999999935
20
-130.0638519999999971
11
64.5284139999999979
21
-130.0638519999999971
0
LINE
8
BLACK
6
CONTINUOUS
10
64.5284139999999979
20
-130.0638519999999971
11
64.6822279999999949
21
-130.0944479999999999
0
LINE
8
BLACK
6
CONTINUOUS
10
64.6822279999999949
20
-130.0944479999999999
11
64.8271170000000012
21
-130.1544629999999927
0
LINE
8
BLACK
6
CONTINUOUS
10
64.8271170000000012
20
-130.1544629999999927
11
64.9289419999999922
21
-130.2224999999999966
0
LINE
8
BLACK
6
CONTINUOUS
10
64.9289419999999922
20
-130.2224999999999966
11
69.4615769999999912
21
-130.2224999999999966
0
LINE
8
BLACK
6
CONTINUOUS
10
69.4615769999999912
20
-130.2224999999999966
11
69.4824849999999969
21
-130.2015920000000051
0
LINE
8
BLACK
6
CONTINUOUS
10
69.4824849999999969
20
-130.2015920000000051
11
69.6128829999999965
21
-130.1144630000000006
0
LINE
8
BLACK
6
CONTINUOUS
10
69.6128829999999965
20
-130.1144630000000006
11
69.7577720000000028
21
-130.0544480000000078
0
LINE
8
BLACK
6
CONTINUOUS
10
69.7577720000000028
20
-130.0544480000000078
11
69.9115859999999998
21
-130.0238520000000051
0
LINE
8
BLACK
6
CONTINUOUS
10
69.9115859999999998
20
-130.0238520000000051
11
69.9899999999999949
21
-130.0199999999999818
0
LINE
8
BLACK
6
CONTINUOUS
10
69.9899999999999949
20
-130.0199999999999818
11
70.789999999999992
21
-130.0199999999999818
0
LINE
8
BLACK
6
CONTINUOUS
10
70.789999999999992
20
-130.0199999999999818
11
70.8684140000000014
21
-130.0238520000000051
0
LINE
8
BLACK
6
CONTINUOUS
10
70.3984140000000025
20
-92.4638520000000028
11
70.5522279999999995
21
-92.4944479999999913
0
LINE
8
BLACK
6
CONTINUOUS
10
70.5522279999999995
20
-92.4944479999999913
11
70.6971169999999915
21
-92.5544629999999984
0
LINE
8
BLACK
6
CONTINUOUS
10
70.6971169999999915
20
-92.5544629999999984
11
70.7989419999999967
21
-92.6225000000000023
0
LINE
8
BLACK
6
CONTINUOUS
10
70.7989419999999967
20
-92.6225000000000023
11
73.3400000000000034
21
-92.6225000000000023
0
LINE
8
BLACK
6
CONTINUOUS
10
73.3400000000000034
20
-92.6225000000000023
11
73.4024859999999961
21
-92.6255699999999962
0
LINE
8
BLACK
6
CONTINUOUS
10
73.4024859999999961
20
-92.6255699999999962
11
73.5250569999999897
21
-92.6499510000000015
0
LINE
8
BLACK
6
CONTINUOUS
10
73.5250569999999897
20
-92.6499510000000015
11
73.5588729999999913
21
-92.6639579999999938
0
LINE
8
BLACK
6
CONTINUOUS
10
73.5588729999999913
20
-92.6639579999999938
11
73.6405149999999935
21
-92.6977749999999929
0
LINE
8
BLACK
6
CONTINUOUS
10
73.6405149999999935
20
-92.6977749999999929
11
73.74442599999999
21
-92.7672060000000016
0
LINE
8
BLACK
6
CONTINUOUS
10
73.74442599999999
20
-92.7672060000000016
11
73.7444349999999957
21
-92.7672149999999931
0
LINE
8
BLACK
6
CONTINUOUS
10
73.7444349999999957
20
-92.7672149999999931
11
73.7907809999999955
21
-92.8092189999999988
0
LINE
8
BLACK
6
CONTINUOUS
10
73.7907809999999955
20
-92.8092189999999988
11
76.7507799999999918
21
-95.7692189999999925
0
LINE
8
BLACK
6
CONTINUOUS
10
76.7507799999999918
20
-95.7692189999999925
11
76.7927940000000007
21
-95.815573999999998
0
LINE
8
BLACK
6
CONTINUOUS
10
76.7927940000000007
20
-95.815573999999998
11
76.8622249999999951
21
-95.9194849999999946
0
LINE
8
BLACK
6
CONTINUOUS
10
76.8622249999999951
20
-95.9194849999999946
11
76.8893849999999901
21
-95.9850560000000002
0
LINE
8
BLACK
6
CONTINUOUS
10
76.8893849999999901
20
-95.9850560000000002
11
76.9100490000000008
21
-96.0349429999999984
0
LINE
8
BLACK
6
CONTINUOUS
10
76.9100490000000008
20
-96.0349429999999984
11
76.9238919999999951
21
-96.104535999999996
0
LINE
8
BLACK
6
CONTINUOUS
10
76.9238919999999951
20
-96.104535999999996
11
76.9344299999999919
21
-96.1575139999999919
0
LINE
8
BLACK
6
CONTINUOUS
10
76.9344299999999919
20
-96.1575139999999919
11
76.9375
21
-96.2199999999999989
0
LINE
8
BLACK
6
CONTINUOUS
10
76.9375
20
-96.2199999999999989
11
76.9375
21
-97.8210579999999936
0
LINE
8
BLACK
6
CONTINUOUS
10
76.9375
20
-97.8210579999999936
11
77.0055369999999897
21
-97.9228829999999988
0
LINE
8
BLACK
6
CONTINUOUS
10
77.0055369999999897
20
-97.9228829999999988
11
77.0655519999999967
21
-98.0677719999999908
0
LINE
8
BLACK
6
CONTINUOUS
10
77.0655519999999967
20
-98.0677719999999908
11
77.0961479999999995
21
-98.2215860000000021
0
LINE
8
BLACK
6
CONTINUOUS
10
77.0961479999999995
20
-98.2215860000000021
11
77.0961479999999995
21
-98.3784139999999923
0
LINE
8
BLACK
6
CONTINUOUS
10
77.0961479999999995
20
-98.3784139999999923
11
77.0655519999999967
21
-98.5322279999999893
0
LINE
8
BLACK
6
CONTINUOUS
10
77.0655519999999967
20
-98.5322279999999893
11
77.0074999999999932
21
-98.6723769999999973
0
LINE
8
BLACK
6
CONTINUOUS
10
77.0074999999999932
20
-98.6723769999999973
11
77.0074999999999932
21
-103.3810579999999959
0
LINE
8
BLACK
6
CONTINUOUS
10
77.0074999999999932
20
-103.3810579999999959
11
77.0755369999999971
21
-103.4828830000000011
0
LINE
8
BLACK
6
CONTINUOUS
10
77.0755369999999971
20
-103.4828830000000011
11
77.1355519999999899
21
-103.6277719999999931
0
LINE
8
BLACK
6
CONTINUOUS
10
77.1355519999999899
20
-103.6277719999999931
11
77.1661479999999926
21
-103.7815859999999901
0
LINE
8
BLACK
6
CONTINUOUS
10
77.1661479999999926
20
-103.7815859999999901
11
77.1661479999999926
21
-103.9384139999999945
0
LINE
8
BLACK
6
CONTINUOUS
10
77.1661479999999926
20
-103.9384139999999945
11
77.1355519999999899
21
-104.0922279999999915
0
LINE
8
BLACK
6
CONTINUOUS
10
77.1355519999999899
20
-104.0922279999999915
11
77.0755369999999971
21
-104.2371169999999978
0
LINE
8
BLACK
6
CONTINUOUS
10
77.0755369999999971
20
-104.2371169999999978
11
76.9884079999999926
21
-104.3675149999999974
0
LINE
8
BLACK
6
CONTINUOUS
10
76.9884079999999926
20
-104.3675149999999974
11
76.8775150000000025
21
-104.4784080000000017
0
LINE
8
BLACK
6
CONTINUOUS
10
76.8775150000000025
20
-104.4784080000000017
11
76.7471170000000029
21
-104.565536999999992
0
LINE
8
BLACK
6
CONTINUOUS
10
76.7471170000000029
20
-104.565536999999992
11
76.6022279999999967
21
-104.625551999999999
0
LINE
8
BLACK
6
CONTINUOUS
10
76.6022279999999967
20
-104.625551999999999
11
76.4484139999999996
21
-104.6561480000000017
0
LINE
8
BLACK
6
CONTINUOUS
10
76.4484139999999996
20
-104.6561480000000017
11
76.2915859999999952
21
-104.6561480000000017
0
LINE
8
BLACK
6
CONTINUOUS
10
76.2915859999999952
20
-104.6561480000000017
11
76.1377719999999982
21
-104.625551999999999
0
LINE
8
BLACK
6
CONTINUOUS
10
76.1377719999999982
20
-104.625551999999999
11
75.992882999999992
21
-104.565536999999992
0
LINE
8
BLACK
6
CONTINUOUS
10
75.992882999999992
20
-104.565536999999992
11
75.8624849999999924
21
-104.4784080000000017
0
LINE
8
BLACK
6
CONTINUOUS
10
75.8624849999999924
20
-104.4784080000000017
11
75.7515920000000023
21
-104.3675149999999974
0
LINE
8
BLACK
6
CONTINUOUS
10
75.7515920000000023
20
-104.3675149999999974
11
75.7248549999999909
21
-104.3275000000000006
0
LINE
8
BLACK
6
CONTINUOUS
10
75.7248549999999909
20
-104.3275000000000006
11
70.9289419999999922
21
-104.3275000000000006
0
LINE
8
BLACK
6
CONTINUOUS
10
70.9289419999999922
20
-104.3275000000000006
11
70.8271170000000012
21
-104.3955369999999903
0
LINE
8
BLACK
6
CONTINUOUS
10
70.8271170000000012
20
-104.3955369999999903
11
70.6822279999999949
21
-104.4555519999999973
0
LINE
8
BLACK
6
CONTINUOUS
10
70.6822279999999949
20
-104.4555519999999973
11
70.5284139999999979
21
-104.486148
0
LINE
8
BLACK
6
CONTINUOUS
10
70.5284139999999979
20
-104.486148
11
70.3715859999999935
21
-104.486148
0
LINE
8
BLACK
6
CONTINUOUS
10
70.3715859999999935
20
-104.486148
11
70.2177719999999965
21
-104.4555519999999973
0
LINE
8
BLACK
6
CONTINUOUS
10
70.2177719999999965
20
-104.4555519999999973
11
70.0728829999999903
21
-104.3955369999999903
0
LINE
8
BLACK
6
CONTINUOUS
10
70.0728829999999903
20
-104.3955369999999903
11
69.9424849999999907
21
-104.308408
0
LINE
8
BLACK
6
CONTINUOUS
10
69.9424849999999907
20
-104.308408
11
69.8315920000000006
21
-104.1975149999999957
0
LINE
8
BLACK
6
CONTINUOUS
10
69.8315920000000006
20
-104.1975149999999957
11
69.7444629999999961
21
-104.0671169999999961
0
LINE
8
BLACK
6
CONTINUOUS
10
69.7444629999999961
20
-104.0671169999999961
11
69.6844480000000033
21
-103.9222279999999898
0
LINE
8
BLACK
6
CONTINUOUS
10
69.6844480000000033
20
-103.9222279999999898
11
69.6538520000000005
21
-103.7684139999999928
0
LINE
8
BLACK
6
CONTINUOUS
10
69.6538520000000005
20
-103.7684139999999928
11
69.6538520000000005
21
-103.6115859999999884
0
LINE
8
BLACK
6
CONTINUOUS
10
69.6538520000000005
20
-103.6115859999999884
11
69.6844480000000033
21
-103.4577719999999914
0
LINE
8
BLACK
6
CONTINUOUS
10
69.6844480000000033
20
-103.4577719999999914
11
69.7444629999999961
21
-103.3128829999999994
0
LINE
8
BLACK
6
CONTINUOUS
10
69.7444629999999961
20
-103.3128829999999994
11
69.8315920000000006
21
-103.1824849999999998
0
LINE
8
BLACK
6
CONTINUOUS
10
69.8315920000000006
20
-103.1824849999999998
11
69.9424849999999907
21
-103.0715919999999954
0
LINE
8
BLACK
6
CONTINUOUS
10
69.9424849999999907
20
-103.0715919999999954
11
70.0728829999999903
21
-102.984462999999991
0
LINE
8
BLACK
6
CONTINUOUS
10
70.0728829999999903
20
-102.984462999999991
11
70.2177719999999965
21
-102.9244479999999982
0
LINE
8
BLACK
6
CONTINUOUS
10
70.2177719999999965
20
-102.9244479999999982
11
70.3715859999999935
21
-102.8938519999999954
0
LINE
8
BLACK
6
CONTINUOUS
10
70.3715859999999935
20
-102.8938519999999954
11
70.5284139999999979
21
-102.8938519999999954
0
LINE
8
BLACK
6
CONTINUOUS
10
70.5284139999999979
20
-102.8938519999999954
11
70.6822279999999949
21
-102.9244479999999982
0
LINE
8
BLACK
6
CONTINUOUS
10
70.6822279999999949
20
-102.9244479999999982
11
70.8271170000000012
21
-102.984462999999991
0
LINE
8
BLACK
6
CONTINUOUS
10
70.8271170000000012
20
-102.984462999999991
11
70.9289419999999922
21
-103.0524999999999949
0
LINE
8
BLACK
6
CONTINUOUS
10
70.9289419999999922
20
-103.0524999999999949
11
75.7325000000000017
21
-103.0524999999999949
0
LINE
8
BLACK
6
CONTINUOUS
10
75.7325000000000017
20
-103.0524999999999949
11
75.7325000000000017
21
-98.8584230000000019
0
LINE
8
BLACK
6
CONTINUOUS
10
75.7325000000000017
20
-98.8584230000000019
11
75.6815919999999949
21
-98.8075149999999951
0
LINE
8
BLACK
6
CONTINUOUS
10
75.6815919999999949
20
-98.8075149999999951
11
75.5944629999999904
21
-98.6771169999999955
0
LINE
8
BLACK
6
CONTINUOUS
10
75.5944629999999904
20
-98.6771169999999955
11
75.5344479999999976
21
-98.5322279999999893
0
LINE
8
BLACK
6
CONTINUOUS
10
75.5344479999999976
20
-98.5322279999999893
11
75.5038519999999949
21
-98.3784139999999923
0
LINE
8
BLACK
6
CONTINUOUS
10
75.5038519999999949
20
-98.3784139999999923
11
75.5038519999999949
21
-98.2215860000000021
0
LINE
8
BLACK
6
CONTINUOUS
10
75.5038519999999949
20
-98.2215860000000021
11
75.5344479999999976
21
-98.0677719999999908
0
LINE
8
BLACK
6
CONTINUOUS
10
75.5344479999999976
20
-98.0677719999999908
11
75.5944629999999904
21
-97.9228829999999988
0
LINE
8
BLACK
6
CONTINUOUS
10
75.5944629999999904
20
-97.9228829999999988
11
75.6624999999999943
21
-97.8210579999999936
0
LINE
8
BLACK
6
CONTINUOUS
10
75.6624999999999943
20
-97.8210579999999936
11
75.6624999999999943
21
-96.484060999999997
0
LINE
8
BLACK
6
CONTINUOUS
10
75.6624999999999943
20
-96.484060999999997
11
73.0759379999999936
21
-93.8974999999999937
0
LINE
8
BLACK
6
CONTINUOUS
10
73.0759379999999936
20
-93.8974999999999937
11
70.7989419999999967
21
-93.8974999999999937
0
LINE
8
BLACK
6
CONTINUOUS
10
70.7989419999999967
20
-93.8974999999999937
11
70.6971169999999915
21
-93.9655369999999976
0
LINE
8
BLACK
6
CONTINUOUS
10
70.6971169999999915
20
-93.9655369999999976
11
70.5522279999999995
21
-94.0255519999999905
0
LINE
8
BLACK
6
CONTINUOUS
10
70.5522279999999995
20
-94.0255519999999905
11
70.3984140000000025
21
-94.0561479999999932
0
LINE
8
BLACK
6
CONTINUOUS
10
70.3984140000000025
20
-94.0561479999999932
11
70.3199999999999932
21
-94.0600000000000023
0
LINE
8
BLACK
6
CONTINUOUS
10
70.3199999999999932
20
-94.0600000000000023
11
69.519999999999996
21
-94.0600000000000023
0
LINE
8
BLACK
6
CONTINUOUS
10
69.519999999999996
20
-94.0600000000000023
11
69.4415860000000009
21
-94.0561479999999932
0
LINE
8
BLACK
6
CONTINUOUS
10
69.4415860000000009
20
-94.0561479999999932
11
69.2877720000000039
21
-94.0255519999999905
0
LINE
8
BLACK
6
CONTINUOUS
10
69.2877720000000039
20
-94.0255519999999905
11
69.1428829999999977
21
-93.9655369999999976
0
LINE
8
BLACK
6
CONTINUOUS
10
69.1428829999999977
20
-93.9655369999999976
11
69.0124849999999981
21
-93.8784079999999932
0
LINE
8
BLACK
6
CONTINUOUS
10
69.0124849999999981
20
-93.8784079999999932
11
68.9015919999999937
21
-93.7675149999999888
0
LINE
8
BLACK
6
CONTINUOUS
10
68.9015919999999937
20
-93.7675149999999888
11
68.8144630000000035
21
-93.6371169999999893
0
LINE
8
BLACK
6
CONTINUOUS
10
68.8144630000000035
20
-93.6371169999999893
11
68.7544479999999965
21
-93.4922279999999972
0
LINE
8
BLACK
6
CONTINUOUS
10
68.7544479999999965
20
-93.4922279999999972
11
68.7238519999999937
21
-93.3384140000000002
0
LINE
8
BLACK
6
CONTINUOUS
10
68.7238519999999937
20
-93.3384140000000002
11
68.7238519999999937
21
-93.1815859999999958
0
LINE
8
BLACK
6
CONTINUOUS
10
68.7238519999999937
20
-93.1815859999999958
11
68.7544479999999965
21
-93.0277719999999988
0
LINE
8
BLACK
6
CONTINUOUS
10
68.7544479999999965
20
-93.0277719999999988
11
68.8144630000000035
21
-92.8828829999999925
0
LINE
8
BLACK
6
CONTINUOUS
10
68.8144630000000035
20
-92.8828829999999925
11
68.9015919999999937
21
-92.752484999999993
0
LINE
8
BLACK
6
CONTINUOUS
10
68.9015919999999937
20
-92.752484999999993
11
69.0124849999999981
21
-92.6415920000000028
0
LINE
8
BLACK
6
CONTINUOUS
10
69.0124849999999981
20
-92.6415920000000028
11
69.1428829999999977
21
-92.5544629999999984
0
LINE
8
BLACK
6
CONTINUOUS
10
69.1428829999999977
20
-92.5544629999999984
11
69.2877720000000039
21
-92.4944479999999913
0
LINE
8
BLACK
6
CONTINUOUS
10
69.2877720000000039
20
-92.4944479999999913
11
69.4415860000000009
21
-92.4638520000000028
0
LINE
8
BLACK
6
CONTINUOUS
10
69.4415860000000009
20
-92.4638520000000028
11
69.519999999999996
21
-92.4599999999999937
0
LINE
8
BLACK
6
CONTINUOUS
10
69.519999999999996
20
-92.4599999999999937
11
70.3199999999999932
21
-92.4599999999999937
0
LINE
8
BLACK
6
CONTINUOUS
10
70.3199999999999932
20
-92.4599999999999937
11
70.3984140000000025
21
-92.4638520000000028
0
LINE
8
BLACK
6
CONTINUOUS
10
76.5734789999999919
20
-74.4259189999999933
11
76.7674880000000002
21
-74.4889569999999992
0
LINE
8
BLACK
6
CONTINUOUS
10
76.7674880000000002
20
-74.4889569999999992
11
76.9492479999999972
21
-74.5815679999999901
0
LINE
8
BLACK
6
CONTINUOUS
10
76.9492479999999972
20
-74.5815679999999901
11
77.1142820000000029
21
-74.7014719999999954
0
LINE
8
BLACK
6
CONTINUOUS
10
77.1142820000000029
20
-74.7014719999999954
11
77.2585279999999983
21
-74.8457179999999909
0
LINE
8
BLACK
6
CONTINUOUS
10
77.2585279999999983
20
-74.8457179999999909
11
77.3784319999999894
21
-75.0107519999999965
0
LINE
8
BLACK
6
CONTINUOUS
10
77.3784319999999894
20
-75.0107519999999965
11
77.4710429999999945
21
-75.1925119999999936
0
LINE
8
BLACK
6
CONTINUOUS
10
77.4710429999999945
20
-75.1925119999999936
11
77.5340810000000005
21
-75.3865210000000019
0
LINE
8
BLACK
6
CONTINUOUS
10
77.5340810000000005
20
-75.3865210000000019
11
77.5659929999999918
21
-75.5880030000000005
0
LINE
8
BLACK
6
CONTINUOUS
10
77.5659929999999918
20
-75.5880030000000005
11
77.5659929999999918
21
-75.791996999999995
0
LINE
8
BLACK
6
CONTINUOUS
10
77.5659929999999918
20
-75.791996999999995
11
77.5340810000000005
21
-75.9934789999999936
0
LINE
8
BLACK
6
CONTINUOUS
10
77.5340810000000005
20
-75.9934789999999936
11
77.4710429999999945
21
-76.1874880000000019
0
LINE
8
BLACK
6
CONTINUOUS
10
77.4710429999999945
20
-76.1874880000000019
11
77.3784319999999894
21
-76.3692479999999989
0
LINE
8
BLACK
6
CONTINUOUS
10
77.3784319999999894
20
-76.3692479999999989
11
77.2585279999999983
21
-76.5342819999999904
0
LINE
8
BLACK
6
CONTINUOUS
10
77.2585279999999983
20
-76.5342819999999904
11
77.1142820000000029
21
-76.678528
0
LINE
8
BLACK
6
CONTINUOUS
10
77.1142820000000029
20
-76.678528
11
76.9492479999999972
21
-76.7984319999999911
0
LINE
8
BLACK
6
CONTINUOUS
10
76.9492479999999972
20
-76.7984319999999911
11
76.9074999999999989
21
-76.8197029999999899
0
LINE
8
BLACK
6
CONTINUOUS
10
76.9074999999999989
20
-76.8197029999999899
11
76.9074999999999989
21
-90.0424999999999898
0
LINE
8
BLACK
6
CONTINUOUS
10
76.9074999999999989
20
-90.0424999999999898
11
81.9699999999999989
21
-90.0424999999999898
0
LINE
8
BLACK
6
CONTINUOUS
10
81.9699999999999989
20
-90.0424999999999898
11
81.9699999999999989
21
-89.9500000000000028
0
LINE
8
BLACK
6
CONTINUOUS
10
81.9699999999999989
20
-89.9500000000000028
11
83.6700000000000017
21
-89.9500000000000028
0
LINE
8
BLACK
6
CONTINUOUS
10
83.6700000000000017
20
-89.9500000000000028
11
83.6700000000000017
21
-91.6499999999999915
0
LINE
8
BLACK
6
CONTINUOUS
10
83.6700000000000017
20
-91.6499999999999915
11
81.9699999999999989
21
-91.6499999999999915
0
LINE
8
BLACK
6
CONTINUOUS
10
81.9699999999999989
20
-91.6499999999999915
11
81.9699999999999989
21
-91.3174999999999955
0
LINE
8
BLACK
6
CONTINUOUS
10
81.9699999999999989
20
-91.3174999999999955
11
76.7789420000000007
21
-91.3174999999999955
0
LINE
8
BLACK
6
CONTINUOUS
10
76.7789420000000007
20
-91.3174999999999955
11
76.6771169999999955
21
-91.3855369999999994
0
LINE
8
BLACK
6
CONTINUOUS
10
76.6771169999999955
20
-91.3855369999999994
11
76.5322280000000035
21
-91.4455519999999922
0
LINE
8
BLACK
6
CONTINUOUS
10
76.5322280000000035
20
-91.4455519999999922
11
76.3784139999999923
21
-91.4761479999999949
0
LINE
8
BLACK
6
CONTINUOUS
10
76.3784139999999923
20
-91.4761479999999949
11
76.2215860000000021
21
-91.4761479999999949
0
LINE
8
BLACK
6
CONTINUOUS
10
76.2215860000000021
20
-91.4761479999999949
11
76.0677719999999908
21
-91.4455519999999922
0
LINE
8
BLACK
6
CONTINUOUS
10
76.0677719999999908
20
-91.4455519999999922
11
75.9228829999999988
21
-91.3855369999999994
0
LINE
8
BLACK
6
CONTINUOUS
10
75.9228829999999988
20
-91.3855369999999994
11
75.8809229999999957
21
-91.3575000000000017
0
LINE
8
BLACK
6
CONTINUOUS
10
75.8809229999999957
20
-91.3575000000000017
11
70.7989419999999967
21
-91.3575000000000017
0
LINE
8
BLACK
6
CONTINUOUS
10
70.7989419999999967
20
-91.3575000000000017
11
70.6971169999999915
21
-91.4255369999999914
0
LINE
8
BLACK
6
CONTINUOUS
10
70.6971169999999915
20
-91.4255369999999914
11
70.5522279999999995
21
-91.4855519999999984
0
LINE
8
BLACK
6
CONTINUOUS
10
70.5522279999999995
20
-91.4855519999999984
11
70.3984140000000025
21
-91.5161480000000012
0
LINE
8
BLACK
6
CONTINUOUS
10
70.3984140000000025
20
-91.5161480000000012
11
70.3199999999999932
21
-91.519999999999996
0
LINE
8
BLACK
6
CONTINUOUS
10
70.3199999999999932
20
-91.519999999999996
11
69.519999999999996
21
-91.519999999999996
0
LINE
8
BLACK
6
CONTINUOUS
10
69.519999999999996
20
-91.519999999999996
11
69.4415860000000009
21
-91.5161480000000012
0
LINE
8
BLACK
6
CONTINUOUS
10
69.4415860000000009
20
-91.5161480000000012
11
69.2877720000000039
21
-91.4855519999999984
0
LINE
8
BLACK
6
CONTINUOUS
10
69.2877720000000039
20
-91.4855519999999984
11
69.1428829999999977
21
-91.4255369999999914
0
LINE
8
BLACK
6
CONTINUOUS
10
69.1428829999999977
20
-91.4255369999999914
11
69.0124849999999981
21
-91.3384080000000012
0
LINE
8
BLACK
6
CONTINUOUS
10
69.0124849999999981
20
-91.3384080000000012
11
68.9015919999999937
21
-91.2275149999999968
0
LINE
8
BLACK
6
CONTINUOUS
10
68.9015919999999937
20
-91.2275149999999968
11
68.8144630000000035
21
-91.0971169999999972
0
LINE
8
BLACK
6
CONTINUOUS
10
68.8144630000000035
20
-91.0971169999999972
11
68.7544479999999965
21
-90.952227999999991
0
LINE
8
BLACK
6
CONTINUOUS
10
68.7544479999999965
20
-90.952227999999991
11
68.7238519999999937
21
-90.798413999999994
0
LINE
8
BLACK
6
CONTINUOUS
10
68.7238519999999937
20
-90.798413999999994
11
68.7238519999999937
21
-90.6415859999999896
0
LINE
8
BLACK
6
CONTINUOUS
10
68.7238519999999937
20
-90.6415859999999896
11
68.7544479999999965
21
-90.4877719999999925
0
LINE
8
BLACK
6
CONTINUOUS
10
68.7544479999999965
20
-90.4877719999999925
11
68.8144630000000035
21
-90.3428830000000005
0
LINE
8
BLACK
6
CONTINUOUS
10
68.8144630000000035
20
-90.3428830000000005
11
68.9015919999999937
21
-90.2124850000000009
0
LINE
8
BLACK
6
CONTINUOUS
10
68.9015919999999937
20
-90.2124850000000009
11
69.0124849999999981
21
-90.1015919999999966
0
LINE
8
BLACK
6
CONTINUOUS
10
69.0124849999999981
20
-90.1015919999999966
11
69.1428829999999977
21
-90.0144629999999921
0
LINE
8
BLACK
6
CONTINUOUS
10
69.1428829999999977
20
-90.0144629999999921
11
69.2877720000000039
21
-89.9544479999999993
0
LINE
8
BLACK
6
CONTINUOUS
10
69.2877720000000039
20
-89.9544479999999993
11
69.4415860000000009
21
-89.9238519999999966
0
LINE
8
BLACK
6
CONTINUOUS
10
69.4415860000000009
20
-89.9238519999999966
11
69.519999999999996
21
-89.9200000000000017
0
LINE
8
BLACK
6
CONTINUOUS
10
69.519999999999996
20
-89.9200000000000017
11
70.3199999999999932
21
-89.9200000000000017
0
LINE
8
BLACK
6
CONTINUOUS
10
70.3199999999999932
20
-89.9200000000000017
11
70.3984140000000025
21
-89.9238519999999966
0
LINE
8
BLACK
6
CONTINUOUS
10
70.3984140000000025
20
-89.9238519999999966
11
70.5522279999999995
21
-89.9544479999999993
0
LINE
8
BLACK
6
CONTINUOUS
10
70.5522279999999995
20
-89.9544479999999993
11
70.6971169999999915
21
-90.0144629999999921
0
LINE
8
BLACK
6
CONTINUOUS
10
70.6971169999999915
20
-90.0144629999999921
11
70.7989419999999967
21
-90.082499999999996
0
LINE
8
BLACK
6
CONTINUOUS
10
70.7989419999999967
20
-90.082499999999996
11
75.6324999999999932
21
-90.082499999999996
0
LINE
8
BLACK
6
CONTINUOUS
10
75.6324999999999932
20
-90.082499999999996
11
75.6324999999999932
21
-76.8197029999999899
0
LINE
8
BLACK
6
CONTINUOUS
10
75.6324999999999932
20
-76.8197029999999899
11
75.5907519999999948
21
-76.7984319999999911
0
LINE
8
BLACK
6
CONTINUOUS
10
75.5907519999999948
20
-76.7984319999999911
11
75.4257180000000034
21
-76.678528
0
LINE
8
BLACK
6
CONTINUOUS
10
75.4257180000000034
20
-76.678528
11
75.2814719999999937
21
-76.5342819999999904
0
LINE
8
BLACK
6
CONTINUOUS
10
75.2814719999999937
20
-76.5342819999999904
11
75.1615680000000026
21
-76.3692479999999989
0
LINE
8
BLACK
6
CONTINUOUS
10
75.1615680000000026
20
-76.3692479999999989
11
75.0689569999999975
21
-76.1874880000000019
0
LINE
8
BLACK
6
CONTINUOUS
10
75.0689569999999975
20
-76.1874880000000019
11
75.0059189999999916
21
-75.9934789999999936
0
LINE
8
BLACK
6
CONTINUOUS
10
75.0059189999999916
20
-75.9934789999999936
11
74.9740070000000003
21
-75.791996999999995
0
LINE
8
BLACK
6
CONTINUOUS
10
74.9740070000000003
20
-75.791996999999995
11
74.9740070000000003
21
-75.5880030000000005
0
LINE
8
BLACK
6
CONTINUOUS
10
74.9740070000000003
20
-75.5880030000000005
11
75.0059189999999916
21
-75.3865210000000019
0
LINE
8
BLACK
6
CONTINUOUS
10
75.0059189999999916
20
-75.3865210000000019
11
75.0689569999999975
21
-75.1925119999999936
0
LINE
8
BLACK
6
CONTINUOUS
10
75.0689569999999975
20
-75.1925119999999936
11
75.1615680000000026
21
-75.0107519999999965
0
LINE
8
BLACK
6
CONTINUOUS
10
75.1615680000000026
20
-75.0107519999999965
11
75.2814719999999937
21
-74.8457179999999909
0
LINE
8
BLACK
6
CONTINUOUS
10
75.2814719999999937
20
-74.8457179999999909
11
75.4257180000000034
21
-74.7014719999999954
0
LINE
8
BLACK
6
CONTINUOUS
10
75.4257180000000034
20
-74.7014719999999954
11
75.5907519999999948
21
-74.5815679999999901
0
LINE
8
BLACK
6
CONTINUOUS
10
75.5907519999999948
20
-74.5815679999999901
11
75.7725119999999919
21
-74.4889569999999992
0
LINE
8
BLACK
6
CONTINUOUS
10
75.7725119999999919
20
-74.4889569999999992
11
75.9665210000000002
21
-74.4259189999999933
0
LINE
8
BLACK
6
CONTINUOUS
10
75.9665210000000002
20
-74.4259189999999933
11
76.1680029999999988
21
-74.394007000000002
0
LINE
8
BLACK
6
CONTINUOUS
10
76.1680029999999988
20
-74.394007000000002
11
76.3719969999999932
21
-74.394007000000002
0
LINE
8
BLACK
6
CONTINUOUS
10
76.3719969999999932
20
-74.394007000000002
11
76.5734789999999919
21
-74.4259189999999933
0
LINE
8
BLACK
6
CONTINUOUS
10
43.1159789999999958
20
-83.4959190000000007
11
43.309987999999997
21
-83.5589569999999924
0
LINE
8
BLACK
6
CONTINUOUS
10
43.309987999999997
20
-83.5589569999999924
11
43.4917480000000012
21
-83.6515679999999975
0
LINE
8
BLACK
6
CONTINUOUS
10
43.4917480000000012
20
-83.6515679999999975
11
43.6567819999999998
21
-83.7714720000000028
0
LINE
8
BLACK
6
CONTINUOUS
10
43.6567819999999998
20
-83.7714720000000028
11
43.8010279999999952
21
-83.9157179999999983
0
LINE
8
BLACK
6
CONTINUOUS
10
43.8010279999999952
20
-83.9157179999999983
11
43.9209320000000005
21
-84.0807519999999897
0
LINE
8
BLACK
6
CONTINUOUS
10
43.9209320000000005
20
-84.0807519999999897
11
43.9778699999999958
21
-84.1924999999999955
0
LINE
8
BLACK
6
CONTINUOUS
10
43.9778699999999958
20
-84.1924999999999955
11
49.953558000000001
21
-84.1924999999999955
0
LINE
8
BLACK
6
CONTINUOUS
10
49.953558000000001
20
-84.1924999999999955
11
50.0553829999999991
21
-84.1244629999999916
0
LINE
8
BLACK
6
CONTINUOUS
10
50.0553829999999991
20
-84.1244629999999916
11
50.2002719999999982
21
-84.0644479999999987
0
LINE
8
BLACK
6
CONTINUOUS
10
50.2002719999999982
20
-84.0644479999999987
11
50.3540859999999952
21
-84.033851999999996
0
LINE
8
BLACK
6
CONTINUOUS
10
50.3540859999999952
20
-84.033851999999996
11
50.5109139999999996
21
-84.033851999999996
0
LINE
8
BLACK
6
CONTINUOUS
10
50.5109139999999996
20
-84.033851999999996
11
50.6647279999999967
21
-84.0644479999999987
0
LINE
8
BLACK
6
CONTINUOUS
10
50.6647279999999967
20
-84.0644479999999987
11
50.8096169999999958
21
-84.1244629999999916
0
LINE
8
BLACK
6
CONTINUOUS
10
50.8096169999999958
20
-84.1244629999999916
11
50.9400149999999954
21
-84.211591999999996
0
LINE
8
BLACK
6
CONTINUOUS
10
50.9400149999999954
20
-84.211591999999996
11
51.0509079999999997
21
-84.3224850000000004
0
LINE
8
BLACK
6
CONTINUOUS
10
51.0509079999999997
20
-84.3224850000000004
11
51.1380369999999971
21
-84.4528829999999999
0
LINE
8
BLACK
6
CONTINUOUS
10
51.1380369999999971
20
-84.4528829999999999
11
51.198051999999997
21
-84.597771999999992
0
LINE
8
BLACK
6
CONTINUOUS
10
51.198051999999997
20
-84.597771999999992
11
51.2286479999999997
21
-84.7515860000000032
0
LINE
8
BLACK
6
CONTINUOUS
10
51.2286479999999997
20
-84.7515860000000032
11
51.2286479999999997
21
-84.9084139999999934
0
LINE
8
BLACK
6
CONTINUOUS
10
51.2286479999999997
20
-84.9084139999999934
11
51.198051999999997
21
-85.0622279999999904
0
LINE
8
BLACK
6
CONTINUOUS
10
51.198051999999997
20
-85.0622279999999904
11
51.1380369999999971
21
-85.2071169999999967
0
LINE
8
BLACK
6
CONTINUOUS
10
51.1380369999999971
20
-85.2071169999999967
11
51.0509079999999997
21
-85.3375149999999962
0
LINE
8
BLACK
6
CONTINUOUS
10
51.0509079999999997
20
-85.3375149999999962
11
50.9400149999999954
21
-85.4484080000000006
0
LINE
8
BLACK
6
CONTINUOUS
10
50.9400149999999954
20
-85.4484080000000006
11
50.8096169999999958
21
-85.5355369999999908
0
LINE
8
BLACK
6
CONTINUOUS
10
50.8096169999999958
20
-85.5355369999999908
11
50.6647279999999967
21
-85.5955519999999979
0
LINE
8
BLACK
6
CONTINUOUS
10
50.6647279999999967
20
-85.5955519999999979
11
50.5109139999999996
21
-85.6261480000000006
0
LINE
8
BLACK
6
CONTINUOUS
10
50.5109139999999996
20
-85.6261480000000006
11
50.3540859999999952
21
-85.6261480000000006
0
LINE
8
BLACK
6
CONTINUOUS
10
50.3540859999999952
20
-85.6261480000000006
11
50.2002719999999982
21
-85.5955519999999979
0
LINE
8
BLACK
6
CONTINUOUS
10
50.2002719999999982
20
-85.5955519999999979
11
50.0553829999999991
21
-85.5355369999999908
0
LINE
8
BLACK
6
CONTINUOUS
10
50.0553829999999991
20
-85.5355369999999908
11
49.953558000000001
21
-85.4675000000000011
0
LINE
8
BLACK
6
CONTINUOUS
10
49.953558000000001
20
-85.4675000000000011
11
43.9004059999999967
21
-85.4675000000000011
0
LINE
8
BLACK
6
CONTINUOUS
10
43.9004059999999967
20
-85.4675000000000011
11
43.8010279999999952
21
-85.6042819999999978
0
LINE
8
BLACK
6
CONTINUOUS
10
43.8010279999999952
20
-85.6042819999999978
11
43.6567819999999998
21
-85.7485279999999932
0
LINE
8
BLACK
6
CONTINUOUS
10
43.6567819999999998
20
-85.7485279999999932
11
43.4917480000000012
21
-85.8684319999999985
0
LINE
8
BLACK
6
CONTINUOUS
10
43.4917480000000012
20
-85.8684319999999985
11
43.309987999999997
21
-85.9610429999999894
0
LINE
8
BLACK
6
CONTINUOUS
10
43.309987999999997
20
-85.9610429999999894
11
43.1159789999999958
21
-86.0240809999999954
0
LINE
8
BLACK
6
CONTINUOUS
10
43.1159789999999958
20
-86.0240809999999954
11
42.9144969999999972
21
-86.0559930000000008
0
LINE
8
BLACK
6
CONTINUOUS
10
42.9144969999999972
20
-86.0559930000000008
11
42.7105029999999957
21
-86.0559930000000008
0
LINE
8
BLACK
6
CONTINUOUS
10
42.7105029999999957
20
-86.0559930000000008
11
42.5090209999999971
21
-86.0240809999999954
0
LINE
8
BLACK
6
CONTINUOUS
10
42.5090209999999971
20
-86.0240809999999954
11
42.3150119999999959
21
-85.9610429999999894
0
LINE
8
BLACK
6
CONTINUOUS
10
42.3150119999999959
20
-85.9610429999999894
11
42.1332519999999988
21
-85.8684319999999985
0
LINE
8
BLACK
6
CONTINUOUS
10
42.1332519999999988
20
-85.8684319999999985
11
41.9682180000000002
21
-85.7485279999999932
0
LINE
8
BLACK
6
CONTINUOUS
10
41.9682180000000002
20
-85.7485279999999932
11
41.8239719999999977
21
-85.6042819999999978
0
LINE
8
BLACK
6
CONTINUOUS
10
41.8239719999999977
20
-85.6042819999999978
11
41.7243689999999958
21
-85.4671909999999997
0
LINE
8
BLACK
6
CONTINUOUS
10
41.7243689999999958
20
-85.4671909999999997
11
41.2674999999999983
21
-85.9240609999999947
0
LINE
8
BLACK
6
CONTINUOUS
10
41.2674999999999983
20
-85.9240609999999947
11
41.2674999999999983
21
-114.3159379999999885
0
LINE
8
BLACK
6
CONTINUOUS
10
41.2674999999999983
20
-114.3159379999999885
11
44.6340609999999955
21
-117.6824999999999903
0
LINE
8
BLACK
6
CONTINUOUS
10
44.6340609999999955
20
-117.6824999999999903
11
59.8399999999999963
21
-117.6824999999999903
0
LINE
8
BLACK
6
CONTINUOUS
10
59.8399999999999963
20
-117.6824999999999903
11
59.9024859999999961
21
-117.6855699999999985
0
LINE
8
BLACK
6
CONTINUOUS
10
59.9024859999999961
20
-117.6855699999999985
11
60.0250569999999968
21
-117.7099509999999896
0
LINE
8
BLACK
6
CONTINUOUS
10
60.0250569999999968
20
-117.7099509999999896
11
60.0572959999999938
21
-117.7233049999999963
0
LINE
8
BLACK
6
CONTINUOUS
10
60.0572959999999938
20
-117.7233049999999963
11
60.1405150000000006
21
-117.7577749999999952
0
LINE
8
BLACK
6
CONTINUOUS
10
60.1405150000000006
20
-117.7577749999999952
11
60.2444259999999971
21
-117.8272059999999897
0
LINE
8
BLACK
6
CONTINUOUS
10
60.2444259999999971
20
-117.8272059999999897
11
60.2444349999999957
21
-117.8272149999999954
0
LINE
8
BLACK
6
CONTINUOUS
10
60.2444349999999957
20
-117.8272149999999954
11
60.2907809999999955
21
-117.8692190000000011
0
LINE
8
BLACK
6
CONTINUOUS
10
60.2907809999999955
20
-117.8692190000000011
11
65.5240610000000032
21
-123.102499999999992
0
LINE
8
BLACK
6
CONTINUOUS
10
65.5240610000000032
20
-123.102499999999992
11
68.9859379999999902
21
-123.102499999999992
0
LINE
8
BLACK
6
CONTINUOUS
10
68.9859379999999902
20
-123.102499999999992
11
70.6225000000000023
21
-121.4659379999999942
0
LINE
8
BLACK
6
CONTINUOUS
10
70.6225000000000023
20
-121.4659379999999942
11
70.6225000000000023
21
-119.0099999999999909
0
LINE
8
BLACK
6
CONTINUOUS
10
70.6225000000000023
20
-119.0099999999999909
11
70.6255699999999962
21
-118.9475139999999982
0
LINE
8
BLACK
6
CONTINUOUS
10
70.6255699999999962
20
-118.9475139999999982
11
70.6499510000000015
21
-118.8249439999999879
0
LINE
8
BLACK
6
CONTINUOUS
10
70.6499510000000015
20
-118.8249439999999879
11
70.6549839999999989
21
-118.8127939999999967
0
LINE
8
BLACK
6
CONTINUOUS
10
70.6549839999999989
20
-118.8127939999999967
11
70.672386000000003
21
-118.7707809999999995
0
LINE
8
BLACK
6
CONTINUOUS
10
70.672386000000003
20
-118.7707809999999995
11
70.6977749999999929
21
-118.7094850000000008
0
LINE
8
BLACK
6
CONTINUOUS
10
70.6977749999999929
20
-118.7094850000000008
11
70.7672060000000016
21
-118.6055739999999901
0
LINE
8
BLACK
6
CONTINUOUS
10
70.7672060000000016
20
-118.6055739999999901
11
70.7672149999999931
21
-118.6055640000000011
0
LINE
8
BLACK
6
CONTINUOUS
10
70.7672149999999931
20
-118.6055640000000011
11
70.8092189999999988
21
-118.5592189999999988
0
LINE
8
BLACK
6
CONTINUOUS
10
70.8092189999999988
20
-118.5592189999999988
11
73.0692200000000014
21
-116.2992189999999937
0
LINE
8
BLACK
6
CONTINUOUS
10
73.0692200000000014
20
-116.2992189999999937
11
73.115563999999992
21
-116.257214999999988
0
LINE
8
BLACK
6
CONTINUOUS
10
73.115563999999992
20
-116.257214999999988
11
73.1155739999999952
21
-116.2572059999999965
0
LINE
8
BLACK
6
CONTINUOUS
10
73.1155739999999952
20
-116.2572059999999965
11
73.2194849999999917
21
-116.1877749999999878
0
LINE
8
BLACK
6
CONTINUOUS
10
73.2194849999999917
20
-116.1877749999999878
11
73.2673089999999974
21
-116.1679649999999953
0
LINE
8
BLACK
6
CONTINUOUS
10
73.2673089999999974
20
-116.1679649999999953
11
73.3349429999999955
21
-116.1399499999999989
0
LINE
8
BLACK
6
CONTINUOUS
10
73.3349429999999955
20
-116.1399499999999989
11
73.4575150000000008
21
-116.1155689999999936
0
LINE
8
BLACK
6
CONTINUOUS
10
73.4575150000000008
20
-116.1155689999999936
11
73.4575339999999954
21
-116.1155689999999936
0
LINE
8
BLACK
6
CONTINUOUS
10
73.4575339999999954
20
-116.1155689999999936
11
73.519999999999996
21
-116.1124999999999972
0
LINE
8
BLACK
6
CONTINUOUS
10
73.519999999999996
20
-116.1124999999999972
11
79.2859380000000016
21
-116.1124999999999972
0
LINE
8
BLACK
6
CONTINUOUS
10
79.2859380000000016
20
-116.1124999999999972
11
80.3924999999999983
21
-115.0059380000000004
0
LINE
8
BLACK
6
CONTINUOUS
10
80.3924999999999983
20
-115.0059380000000004
11
80.3924999999999983
21
-113.4140609999999896
0
LINE
8
BLACK
6
CONTINUOUS
10
80.3924999999999983
20
-113.4140609999999896
11
77.9359379999999931
21
-110.957499999999996
0
LINE
8
BLACK
6
CONTINUOUS
10
77.9359379999999931
20
-110.957499999999996
11
72.1400000000000006
21
-110.957499999999996
0
LINE
8
BLACK
6
CONTINUOUS
10
72.1400000000000006
20
-110.957499999999996
11
72.077534
21
-110.9544309999999996
0
LINE
8
BLACK
6
CONTINUOUS
10
72.077534
20
-110.9544309999999996
11
72.0775149999999911
21
-110.9544309999999996
0
LINE
8
BLACK
6
CONTINUOUS
10
72.0775149999999911
20
-110.9544309999999996
11
71.9549430000000001
21
-110.9300499999999943
0
LINE
8
BLACK
6
CONTINUOUS
10
71.9549430000000001
20
-110.9300499999999943
11
71.8873090000000019
21
-110.9020340000000004
0
LINE
8
BLACK
6
CONTINUOUS
10
71.8873090000000019
20
-110.9020340000000004
11
71.8394849999999963
21
-110.8822249999999912
0
LINE
8
BLACK
6
CONTINUOUS
10
71.8394849999999963
20
-110.8822249999999912
11
71.7355739999999997
21
-110.8127939999999967
0
LINE
8
BLACK
6
CONTINUOUS
10
71.7355739999999997
20
-110.8127939999999967
11
71.7355639999999966
21
-110.8127839999999935
0
LINE
8
BLACK
6
CONTINUOUS
10
71.7355639999999966
20
-110.8127839999999935
11
71.6892199999999917
21
-110.7707809999999995
0
LINE
8
BLACK
6
CONTINUOUS
10
71.6892199999999917
20
-110.7707809999999995
11
67.1492190000000022
21
-106.2307809999999932
0
LINE
8
BLACK
6
CONTINUOUS
10
67.1492190000000022
20
-106.2307809999999932
11
67.1072149999999965
21
-106.1844349999999935
0
LINE
8
BLACK
6
CONTINUOUS
10
67.1072149999999965
20
-106.1844349999999935
11
67.1072059999999908
21
-106.184426000000002
0
LINE
8
BLACK
6
CONTINUOUS
10
67.1072059999999908
20
-106.184426000000002
11
67.0377749999999963
21
-106.0805149999999912
0
LINE
8
BLACK
6
CONTINUOUS
10
67.0377749999999963
20
-106.0805149999999912
11
66.9899509999999907
21
-105.9650559999999899
0
LINE
8
BLACK
6
CONTINUOUS
10
66.9899509999999907
20
-105.9650559999999899
11
66.9655699999999996
21
-105.8424859999999939
0
LINE
8
BLACK
6
CONTINUOUS
10
66.9655699999999996
20
-105.8424859999999939
11
66.9624999999999915
21
-105.7800000000000011
0
LINE
8
BLACK
6
CONTINUOUS
10
66.9624999999999915
20
-105.7800000000000011
11
66.9624999999999915
21
-101.3640609999999924
0
LINE
8
BLACK
6
CONTINUOUS
10
66.9624999999999915
20
-101.3640609999999924
11
62.1984379999999959
21
-96.5999999999999943
0
LINE
8
BLACK
6
CONTINUOUS
10
62.1984379999999959
20
-96.5999999999999943
11
61.8999999999999986
21
-96.5999999999999943
0
LINE
8
BLACK
6
CONTINUOUS
10
61.8999999999999986
20
-96.5999999999999943
11
61.8215859999999964
21
-96.5961479999999995
0
LINE
8
BLACK
6
CONTINUOUS
10
61.8215859999999964
20
-96.5961479999999995
11
61.6677719999999994
21
-96.5655519999999967
0
LINE
8
BLACK
6
CONTINUOUS
10
61.6677719999999994
20
-96.5655519999999967
11
61.5228830000000002
21
-96.5055369999999897
0
LINE
8
BLACK
6
CONTINUOUS
10
61.5228830000000002
20
-96.5055369999999897
11
61.3924850000000006
21
-96.4184079999999994
0
LINE
8
BLACK
6
CONTINUOUS
10
61.3924850000000006
20
-96.4184079999999994
11
61.2815919999999963
21
-96.3075149999999951
0
LINE
8
BLACK
6
CONTINUOUS
10
61.2815919999999963
20
-96.3075149999999951
11
61.1944629999999989
21
-96.1771169999999955
0
LINE
8
BLACK
6
CONTINUOUS
10
61.1944629999999989
20
-96.1771169999999955
11
61.134447999999999
21
-96.0322279999999893
0
LINE
8
BLACK
6
CONTINUOUS
10
61.134447999999999
20
-96.0322279999999893
11
61.1038519999999963
21
-95.8784139999999923
0
LINE
8
BLACK
6
CONTINUOUS
10
61.1038519999999963
20
-95.8784139999999923
11
61.1038519999999963
21
-95.7215860000000021
0
LINE
8
BLACK
6
CONTINUOUS
10
61.1038519999999963
20
-95.7215860000000021
11
61.134447999999999
21
-95.5677719999999908
0
LINE
8
BLACK
6
CONTINUOUS
10
61.134447999999999
20
-95.5677719999999908
11
61.1944629999999989
21
-95.4228829999999988
0
LINE
8
BLACK
6
CONTINUOUS
10
61.1944629999999989
20
-95.4228829999999988
11
61.2815919999999963
21
-95.2924849999999992
0
LINE
8
BLACK
6
CONTINUOUS
10
61.2815919999999963
20
-95.2924849999999992
11
61.3924850000000006
21
-95.1815919999999949
0
LINE
8
BLACK
6
CONTINUOUS
10
61.3924850000000006
20
-95.1815919999999949
11
61.5228830000000002
21
-95.0944629999999904
0
LINE
8
BLACK
6
CONTINUOUS
10
61.5228830000000002
20
-95.0944629999999904
11
61.6677719999999994
21
-95.0344479999999976
0
LINE
8
BLACK
6
CONTINUOUS
10
61.6677719999999994
20
-95.0344479999999976
11
61.8215859999999964
21
-95.0038519999999949
0
LINE
8
BLACK
6
CONTINUOUS
10
61.8215859999999964
20
-95.0038519999999949
11
61.8999999999999986
21
-95.
0
LINE
8
BLACK
6
CONTINUOUS
10
61.8999999999999986
20
-95.
11
62.6999999999999957
21
-95.
0
LINE
8
BLACK
6
CONTINUOUS
10
62.6999999999999957
20
-95.
11
62.7784139999999979
21
-95.0038519999999949
0
LINE
8
BLACK
6
CONTINUOUS
10
62.7784139999999979
20
-95.0038519999999949
11
62.9322279999999949
21
-95.0344479999999976
0
LINE
8
BLACK
6
CONTINUOUS
10
62.9322279999999949
20
-95.0344479999999976
11
63.0771169999999941
21
-95.0944629999999904
0
LINE
8
BLACK
6
CONTINUOUS
10
63.0771169999999941
20
-95.0944629999999904
11
63.2075149999999937
21
-95.1815919999999949
0
LINE
8
BLACK
6
CONTINUOUS
10
63.2075149999999937
20
-95.1815919999999949
11
63.318407999999998
21
-95.2924849999999992
0
LINE
8
BLACK
6
CONTINUOUS
10
63.318407999999998
20
-95.2924849999999992
11
63.4055369999999954
21
-95.4228829999999988
0
LINE
8
BLACK
6
CONTINUOUS
10
63.4055369999999954
20
-95.4228829999999988
11
63.4655519999999953
21
-95.5677719999999908
0
LINE
8
BLACK
6
CONTINUOUS
10
63.4655519999999953
20
-95.5677719999999908
11
63.496147999999998
21
-95.7215860000000021
0
LINE
8
BLACK
6
CONTINUOUS
10
63.496147999999998
20
-95.7215860000000021
11
63.496147999999998
21
-95.8784139999999923
0
LINE
8
BLACK
6
CONTINUOUS
10
63.496147999999998
20
-95.8784139999999923
11
63.4655519999999953
21
-96.0322279999999893
0
LINE
8
BLACK
6
CONTINUOUS
10
63.4655519999999953
20
-96.0322279999999893
11
63.4562489999999997
21
-96.0546870000000013
0
LINE
8
BLACK
6
CONTINUOUS
10
63.4562489999999997
20
-96.0546870000000013
11
68.0507810000000006
21
-100.6492199999999997
0
LINE
8
BLACK
6
CONTINUOUS
10
68.0507810000000006
20
-100.6492199999999997
11
68.0927839999999946
21
-100.6955639999999903
0
LINE
8
BLACK
6
CONTINUOUS
10
68.0927839999999946
20
-100.6955639999999903
11
68.0927939999999978
21
-100.6955739999999935
0
LINE
8
BLACK
6
CONTINUOUS
10
68.0927939999999978
20
-100.6955739999999935
11
68.1622249999999923
21
-100.79948499999999
0
LINE
8
BLACK
6
CONTINUOUS
10
68.1622249999999923
20
-100.79948499999999
11
68.1960409999999939
21
-100.8811259999999947
0
LINE
8
BLACK
6
CONTINUOUS
10
68.1960409999999939
20
-100.8811259999999947
11
68.2100489999999979
21
-100.9149429999999938
0
LINE
8
BLACK
6
CONTINUOUS
10
68.2100489999999979
20
-100.9149429999999938
11
68.2265249999999952
21
-100.9977749999999901
0
LINE
8
BLACK
6
CONTINUOUS
10
68.2265249999999952
20
-100.9977749999999901
11
68.2344300000000032
21
-101.0375140000000016
0
LINE
8
BLACK
6
CONTINUOUS
10
68.2344300000000032
20
-101.0375140000000016
11
68.2374999999999972
21
-101.0999999999999943
0
LINE
8
BLACK
6
CONTINUOUS
10
68.2374999999999972
20
-101.0999999999999943
11
68.2374999999999972
21
-105.5159379999999913
0
LINE
8
BLACK
6
CONTINUOUS
10
68.2374999999999972
20
-105.5159379999999913
11
72.4040609999999987
21
-109.6824999999999903
0
LINE
8
BLACK
6
CONTINUOUS
10
72.4040609999999987
20
-109.6824999999999903
11
78.2000000000000028
21
-109.6824999999999903
0
LINE
8
BLACK
6
CONTINUOUS
10
78.2000000000000028
20
-109.6824999999999903
11
78.2624859999999956
21
-109.6855699999999985
0
LINE
8
BLACK
6
CONTINUOUS
10
78.2624859999999956
20
-109.6855699999999985
11
78.3850570000000033
21
-109.7099509999999896
0
LINE
8
BLACK
6
CONTINUOUS
10
78.3850570000000033
20
-109.7099509999999896
11
78.4188729999999907
21
-109.7239579999999961
0
LINE
8
BLACK
6
CONTINUOUS
10
78.4188729999999907
20
-109.7239579999999961
11
78.5005149999999929
21
-109.7577749999999952
0
LINE
8
BLACK
6
CONTINUOUS
10
78.5005149999999929
20
-109.7577749999999952
11
78.6044259999999895
21
-109.8272059999999897
0
LINE
8
BLACK
6
CONTINUOUS
10
78.6044259999999895
20
-109.8272059999999897
11
78.6044349999999952
21
-109.8272149999999954
0
LINE
8
BLACK
6
CONTINUOUS
10
78.6044349999999952
20
-109.8272149999999954
11
78.6507809999999949
21
-109.8692190000000011
0
LINE
8
BLACK
6
CONTINUOUS
10
78.6507809999999949
20
-109.8692190000000011
11
81.4807799999999958
21
-112.6992189999999994
0
LINE
8
BLACK
6
CONTINUOUS
10
81.4807799999999958
20
-112.6992189999999994
11
81.5227939999999904
21
-112.7455739999999906
0
LINE
8
BLACK
6
CONTINUOUS
10
81.5227939999999904
20
-112.7455739999999906
11
81.5922249999999991
21
-112.8494850000000014
0
LINE
8
BLACK
6
CONTINUOUS
10
81.5922249999999991
20
-112.8494850000000014
11
81.6113149999999905
21
-112.8955739999999963
0
LINE
8
BLACK
6
CONTINUOUS
10
81.6113149999999905
20
-112.8955739999999963
11
81.6400489999999905
21
-112.964942999999991
0
LINE
8
BLACK
6
CONTINUOUS
10
81.6400489999999905
20
-112.964942999999991
11
81.6469199999999944
21
-112.9994839999999954
0
LINE
8
BLACK
6
CONTINUOUS
10
81.6469199999999944
20
-112.9994839999999954
11
81.6644299999999959
21
-113.0875139999999988
0
LINE
8
BLACK
6
CONTINUOUS
10
81.6644299999999959
20
-113.0875139999999988
11
81.6674999999999898
21
-113.1499999999999915
0
LINE
8
BLACK
6
CONTINUOUS
10
81.6674999999999898
20
-113.1499999999999915
11
81.6674999999999898
21
-115.269999999999996
0
LINE
8
BLACK
6
CONTINUOUS
10
81.6674999999999898
20
-115.269999999999996
11
81.6644299999999959
21
-115.3324859999999887
0
LINE
8
BLACK
6
CONTINUOUS
10
81.6644299999999959
20
-115.3324859999999887
11
81.6400489999999905
21
-115.455055999999999
0
LINE
8
BLACK
6
CONTINUOUS
10
81.6400489999999905
20
-115.455055999999999
11
81.5922249999999991
21
-115.5705150000000003
0
LINE
8
BLACK
6
CONTINUOUS
10
81.5922249999999991
20
-115.5705150000000003
11
81.5424939999999907
21
-115.6449429999999978
0
LINE
8
BLACK
6
CONTINUOUS
10
81.5424939999999907
20
-115.6449429999999978
11
81.5227939999999904
21
-115.6744259999999969
0
LINE
8
BLACK
6
CONTINUOUS
10
81.5227939999999904
20
-115.6744259999999969
11
81.4807809999999932
21
-115.7207809999999881
0
LINE
8
BLACK
6
CONTINUOUS
10
81.4807809999999932
20
-115.7207809999999881
11
80.0007810000000035
21
-117.2007809999999921
0
LINE
8
BLACK
6
CONTINUOUS
10
80.0007810000000035
20
-117.2007809999999921
11
79.9544349999999895
21
-117.2427840000000003
0
LINE
8
BLACK
6
CONTINUOUS
10
79.9544349999999895
20
-117.2427840000000003
11
79.954425999999998
21
-117.2427939999999893
0
LINE
8
BLACK
6
CONTINUOUS
10
79.954425999999998
20
-117.2427939999999893
11
79.8505150000000015
21
-117.312224999999998
0
LINE
8
BLACK
6
CONTINUOUS
10
79.8505150000000015
20
-117.312224999999998
11
79.7688729999999993
21
-117.3460409999999996
0
LINE
8
BLACK
6
CONTINUOUS
10
79.7688729999999993
20
-117.3460409999999996
11
79.7350569999999976
21
-117.3600489999999894
0
LINE
8
BLACK
6
CONTINUOUS
10
79.7350569999999976
20
-117.3600489999999894
11
79.6124859999999899
21
-117.3844299999999947
0
LINE
8
BLACK
6
CONTINUOUS
10
79.6124859999999899
20
-117.3844299999999947
11
79.5499999999999972
21
-117.3874999999999886
0
LINE
8
BLACK
6
CONTINUOUS
10
79.5499999999999972
20
-117.3874999999999886
11
73.7840609999999941
21
-117.3874999999999886
0
LINE
8
BLACK
6
CONTINUOUS
10
73.7840609999999941
20
-117.3874999999999886
11
71.8974999999999937
21
-119.274060999999989
0
LINE
8
BLACK
6
CONTINUOUS
10
71.8974999999999937
20
-119.274060999999989
11
71.8974999999999937
21
-121.5559379999999976
0
LINE
8
BLACK
6
CONTINUOUS
10
71.8974999999999937
20
-121.5559379999999976
11
73.584062000000003
21
-123.2424999999999926
0
LINE
8
BLACK
6
CONTINUOUS
10
73.584062000000003
20
-123.2424999999999926
11
75.6799999999999926
21
-123.2424999999999926
0
LINE
8
BLACK
6
CONTINUOUS
10
75.6799999999999926
20
-123.2424999999999926
11
75.7424859999999995
21
-123.2455700000000007
0
LINE
8
BLACK
6
CONTINUOUS
10
75.7424859999999995
20
-123.2455700000000007
11
75.8650569999999931
21
-123.2699509999999918
0
LINE
8
BLACK
6
CONTINUOUS
10
75.8650569999999931
20
-123.2699509999999918
11
75.8988729999999947
21
-123.2839579999999984
0
LINE
8
BLACK
6
CONTINUOUS
10
75.8988729999999947
20
-123.2839579999999984
11
75.9805149999999969
21
-123.3177749999999975
0
LINE
8
BLACK
6
CONTINUOUS
10
75.9805149999999969
20
-123.3177749999999975
11
76.0844259999999935
21
-123.3872059999999919
0
LINE
8
BLACK
6
CONTINUOUS
10
76.0844259999999935
20
-123.3872059999999919
11
76.0844349999999991
21
-123.3872149999999976
0
LINE
8
BLACK
6
CONTINUOUS
10
76.0844349999999991
20
-123.3872149999999976
11
76.1307809999999989
21
-123.4292189999999891
0
LINE
8
BLACK
6
CONTINUOUS
10
76.1307809999999989
20
-123.4292189999999891
11
78.4607809999999972
21
-125.7592199999999991
0
LINE
8
BLACK
6
CONTINUOUS
10
78.4607809999999972
20
-125.7592199999999991
11
78.5027839999999912
21
-125.8055639999999897
0
LINE
8
BLACK
6
CONTINUOUS
10
78.5027839999999912
20
-125.8055639999999897
11
78.5027939999999944
21
-125.8055739999999929
0
LINE
8
BLACK
6
CONTINUOUS
10
78.5027939999999944
20
-125.8055739999999929
11
78.5722250000000031
21
-125.9094849999999894
0
LINE
8
BLACK
6
CONTINUOUS
10
78.5722250000000031
20
-125.9094849999999894
11
78.5920339999999982
21
-125.9573089999999951
0
LINE
8
BLACK
6
CONTINUOUS
10
78.5920339999999982
20
-125.9573089999999951
11
78.620049999999992
21
-126.0249429999999933
0
LINE
8
BLACK
6
CONTINUOUS
10
78.620049999999992
20
-126.0249429999999933
11
78.6444309999999973
21
-126.1475149999999985
0
LINE
8
BLACK
6
CONTINUOUS
10
78.6444309999999973
20
-126.1475149999999985
11
78.6444309999999973
21
-126.1475339999999932
0
LINE
8
BLACK
6
CONTINUOUS
10
78.6444309999999973
20
-126.1475339999999932
11
78.6474999999999937
21
-126.2099999999999937
0
LINE
8
BLACK
6
CONTINUOUS
10
78.6474999999999937
20
-126.2099999999999937
11
78.6474999999999937
21
-127.5166309999999896
0
LINE
8
BLACK
6
CONTINUOUS
10
78.6474999999999937
20
-127.5166309999999896
11
78.787116999999995
21
-127.5744629999999944
0
LINE
8
BLACK
6
CONTINUOUS
10
78.787116999999995
20
-127.5744629999999944
11
78.9175149999999945
21
-127.6615919999999988
0
LINE
8
BLACK
6
CONTINUOUS
10
78.9175149999999945
20
-127.6615919999999988
11
79.0284079999999989
21
-127.772484999999989
0
LINE
8
BLACK
6
CONTINUOUS
10
79.0284079999999989
20
-127.772484999999989
11
79.1155370000000033
21
-127.9028829999999886
0
LINE
8
BLACK
6
CONTINUOUS
10
79.1155370000000033
20
-127.9028829999999886
11
79.1755519999999962
21
-128.0477719999999806
0
LINE
8
BLACK
6
CONTINUOUS
10
79.1755519999999962
20
-128.0477719999999806
11
79.2061479999999989
21
-128.2015859999999918
0
LINE
8
BLACK
6
CONTINUOUS
10
79.2061479999999989
20
-128.2015859999999918
11
79.2061479999999989
21
-128.358413999999982
0
LINE
8
BLACK
6
CONTINUOUS
10
79.2061479999999989
20
-128.358413999999982
11
79.1755519999999962
21
-128.5122279999999932
0
LINE
8
BLACK
6
CONTINUOUS
10
79.1755519999999962
20
-128.5122279999999932
11
79.1155370000000033
21
-128.6571169999999995
0
LINE
8
BLACK
6
CONTINUOUS
10
79.1155370000000033
20
-128.6571169999999995
11
79.0284079999999989
21
-128.7875149999999849
0
LINE
8
BLACK
6
CONTINUOUS
10
79.0284079999999989
20
-128.7875149999999849
11
78.9175149999999945
21
-128.8984079999999892
0
LINE
8
BLACK
6
CONTINUOUS
10
78.9175149999999945
20
-128.8984079999999892
11
78.787116999999995
21
-128.9855369999999937
0
LINE
8
BLACK
6
CONTINUOUS
10
78.787116999999995
20
-128.9855369999999937
11
78.6422280000000029
21
-129.0455519999999865
0
LINE
8
BLACK
6
CONTINUOUS
10
78.6422280000000029
20
-129.0455519999999865
11
78.4884139999999917
21
-129.0761479999999892
0
LINE
8
BLACK
6
CONTINUOUS
10
78.4884139999999917
20
-129.0761479999999892
11
78.4099999999999966
21
-129.0799999999999841
0
LINE
8
BLACK
6
CONTINUOUS
10
78.4099999999999966
20
-129.0799999999999841
11
77.6099999999999994
21
-129.0799999999999841
0
LINE
8
BLACK
6
CONTINUOUS
10
77.6099999999999994
20
-129.0799999999999841
11
77.5315859999999901
21
-129.0761479999999892
0
LINE
8
BLACK
6
CONTINUOUS
10
77.5315859999999901
20
-129.0761479999999892
11
77.3777719999999931
21
-129.0455519999999865
0
LINE
8
BLACK
6
CONTINUOUS
10
77.3777719999999931
20
-129.0455519999999865
11
77.2328830000000011
21
-128.9855369999999937
0
LINE
8
BLACK
6
CONTINUOUS
10
77.2328830000000011
20
-128.9855369999999937
11
77.1024850000000015
21
-128.8984079999999892
0
LINE
8
BLACK
6
CONTINUOUS
10
77.1024850000000015
20
-128.8984079999999892
11
76.9915919999999971
21
-128.7875149999999849
0
LINE
8
BLACK
6
CONTINUOUS
10
76.9915919999999971
20
-128.7875149999999849
11
76.9044629999999927
21
-128.6571169999999995
0
LINE
8
BLACK
6
CONTINUOUS
10
76.9044629999999927
20
-128.6571169999999995
11
76.8444479999999999
21
-128.5122279999999932
0
LINE
8
BLACK
6
CONTINUOUS
10
76.8444479999999999
20
-128.5122279999999932
11
76.8138519999999971
21
-128.358413999999982
0
LINE
8
BLACK
6
CONTINUOUS
10
76.8138519999999971
20
-128.358413999999982
11
76.8138519999999971
21
-128.2015859999999918
0
LINE
8
BLACK
6
CONTINUOUS
10
76.8138519999999971
20
-128.2015859999999918
11
76.8444479999999999
21
-128.0477719999999806
0
LINE
8
BLACK
6
CONTINUOUS
10
76.8444479999999999
20
-128.0477719999999806
11
76.9044629999999927
21
-127.9028829999999886
0
LINE
8
BLACK
6
CONTINUOUS
10
76.9044629999999927
20
-127.9028829999999886
11
76.9915919999999971
21
-127.772484999999989
0
LINE
8
BLACK
6
CONTINUOUS
10
76.9915919999999971
20
-127.772484999999989
11
77.1024850000000015
21
-127.6615919999999988
0
LINE
8
BLACK
6
CONTINUOUS
10
77.1024850000000015
20
-127.6615919999999988
11
77.2328830000000011
21
-127.5744629999999944
0
LINE
8
BLACK
6
CONTINUOUS
10
77.2328830000000011
20
-127.5744629999999944
11
77.3725000000000023
21
-127.5166309999999896
0
LINE
8
BLACK
6
CONTINUOUS
10
77.3725000000000023
20
-127.5166309999999896
11
77.3725000000000023
21
-126.4740609999999919
0
LINE
8
BLACK
6
CONTINUOUS
10
77.3725000000000023
20
-126.4740609999999919
11
75.415937999999997
21
-124.5174999999999983
0
LINE
8
BLACK
6
CONTINUOUS
10
75.415937999999997
20
-124.5174999999999983
11
73.3199999999999932
21
-124.5174999999999983
0
LINE
8
BLACK
6
CONTINUOUS
10
73.3199999999999932
20
-124.5174999999999983
11
73.2575140000000005
21
-124.5144299999999902
0
LINE
8
BLACK
6
CONTINUOUS
10
73.2575140000000005
20
-124.5144299999999902
11
73.1349429999999927
21
-124.4900489999999991
0
LINE
8
BLACK
6
CONTINUOUS
10
73.1349429999999927
20
-124.4900489999999991
11
73.1011259999999936
21
-124.4760409999999951
0
LINE
8
BLACK
6
CONTINUOUS
10
73.1011259999999936
20
-124.4760409999999951
11
73.0194850000000031
21
-124.4422249999999934
0
LINE
8
BLACK
6
CONTINUOUS
10
73.0194850000000031
20
-124.4422249999999934
11
72.9155739999999923
21
-124.372793999999999
0
LINE
8
BLACK
6
CONTINUOUS
10
72.9155739999999923
20
-124.372793999999999
11
72.9155640000000034
21
-124.3727839999999958
0
LINE
8
BLACK
6
CONTINUOUS
10
72.9155640000000034
20
-124.3727839999999958
11
72.8692190000000011
21
-124.3307809999999876
0
LINE
8
BLACK
6
CONTINUOUS
10
72.8692190000000011
20
-124.3307809999999876
11
71.2149989999999917
21
-122.6765609999999924
0
LINE
8
BLACK
6
CONTINUOUS
10
71.2149989999999917
20
-122.6765609999999924
11
69.7007809999999921
21
-124.1907810000000012
0
LINE
8
BLACK
6
CONTINUOUS
10
69.7007809999999921
20
-124.1907810000000012
11
69.6544349999999923
21
-124.2327839999999952
0
LINE
8
BLACK
6
CONTINUOUS
10
69.6544349999999923
20
-124.2327839999999952
11
69.6544260000000008
21
-124.2327939999999984
0
LINE
8
BLACK
6
CONTINUOUS
10
69.6544260000000008
20
-124.2327939999999984
11
69.5505149999999901
21
-124.3022249999999929
0
LINE
8
BLACK
6
CONTINUOUS
10
69.5505149999999901
20
-124.3022249999999929
11
69.4688730000000021
21
-124.3360409999999945
0
LINE
8
BLACK
6
CONTINUOUS
10
69.4688730000000021
20
-124.3360409999999945
11
69.4350570000000005
21
-124.3500489999999985
0
LINE
8
BLACK
6
CONTINUOUS
10
69.4350570000000005
20
-124.3500489999999985
11
69.3124859999999927
21
-124.3744299999999896
0
LINE
8
BLACK
6
CONTINUOUS
10
69.3124859999999927
20
-124.3744299999999896
11
69.25
21
-124.3774999999999977
0
LINE
8
BLACK
6
CONTINUOUS
10
69.25
20
-124.3774999999999977
11
65.2599999999999909
21
-124.3774999999999977
0
LINE
8
BLACK
6
CONTINUOUS
10
65.2599999999999909
20
-124.3774999999999977
11
65.1975339999999903
21
-124.3744310000000013
0
LINE
8
BLACK
6
CONTINUOUS
10
65.1975339999999903
20
-124.3744310000000013
11
65.1975149999999957
21
-124.3744310000000013
0
LINE
8
BLACK
6
CONTINUOUS
10
65.1975149999999957
20
-124.3744310000000013
11
65.0749429999999904
21
-124.350049999999996
0
LINE
8
BLACK
6
CONTINUOUS
10
65.0749429999999904
20
-124.350049999999996
11
65.0073089999999922
21
-124.3220339999999879
0
LINE
8
BLACK
6
CONTINUOUS
10
65.0073089999999922
20
-124.3220339999999879
11
64.9594850000000008
21
-124.3022249999999929
0
LINE
8
BLACK
6
CONTINUOUS
10
64.9594850000000008
20
-124.3022249999999929
11
64.8555739999999901
21
-124.2327939999999984
0
LINE
8
BLACK
6
CONTINUOUS
10
64.8555739999999901
20
-124.2327939999999984
11
64.8555640000000011
21
-124.2327839999999952
0
LINE
8
BLACK
6
CONTINUOUS
10
64.8555640000000011
20
-124.2327839999999952
11
64.8092199999999963
21
-124.1907810000000012
0
LINE
8
BLACK
6
CONTINUOUS
10
64.8092199999999963
20
-124.1907810000000012
11
59.5759380000000007
21
-118.957499999999996
0
LINE
8
BLACK
6
CONTINUOUS
10
59.5759380000000007
20
-118.957499999999996
11
44.3699999999999974
21
-118.957499999999996
0
LINE
8
BLACK
6
CONTINUOUS
10
44.3699999999999974
20
-118.957499999999996
11
44.3075339999999969
21
-118.9544309999999996
0
LINE
8
BLACK
6
CONTINUOUS
10
44.3075339999999969
20
-118.9544309999999996
11
44.3075149999999951
21
-118.9544309999999996
0
LINE
8
BLACK
6
CONTINUOUS
10
44.3075149999999951
20
-118.9544309999999996
11
44.184942999999997
21
-118.9300499999999943
0
LINE
8
BLACK
6
CONTINUOUS
10
44.184942999999997
20
-118.9300499999999943
11
44.1173089999999988
21
-118.9020340000000004
0
LINE
8
BLACK
6
CONTINUOUS
10
44.1173089999999988
20
-118.9020340000000004
11
44.0694850000000002
21
-118.8822249999999912
0
LINE
8
BLACK
6
CONTINUOUS
10
44.0694850000000002
20
-118.8822249999999912
11
43.9655739999999966
21
-118.8127939999999967
0
LINE
8
BLACK
6
CONTINUOUS
10
43.9655739999999966
20
-118.8127939999999967
11
43.9655640000000005
21
-118.8127839999999935
0
LINE
8
BLACK
6
CONTINUOUS
10
43.9655640000000005
20
-118.8127839999999935
11
43.9192199999999957
21
-118.7707809999999995
0
LINE
8
BLACK
6
CONTINUOUS
10
43.9192199999999957
20
-118.7707809999999995
11
40.1792189999999962
21
-115.0307809999999904
0
LINE
8
BLACK
6
CONTINUOUS
10
40.1792189999999962
20
-115.0307809999999904
11
40.1372149999999976
21
-114.9844349999999906
0
LINE
8
BLACK
6
CONTINUOUS
10
40.1372149999999976
20
-114.9844349999999906
11
40.1372059999999991
21
-114.9844259999999991
0
LINE
8
BLACK
6
CONTINUOUS
10
40.1372059999999991
20
-114.9844259999999991
11
40.0677749999999975
21
-114.8805149999999884
0
LINE
8
BLACK
6
CONTINUOUS
10
40.0677749999999975
20
-114.8805149999999884
11
40.0271830000000008
21
-114.7825169999999986
0
LINE
8
BLACK
6
CONTINUOUS
10
40.0271830000000008
20
-114.7825169999999986
11
40.0199509999999989
21
-114.7650569999999988
0
LINE
8
BLACK
6
CONTINUOUS
10
40.0199509999999989
20
-114.7650569999999988
11
39.9955700000000007
21
-114.642485999999991
0
LINE
8
BLACK
6
CONTINUOUS
10
39.9955700000000007
20
-114.642485999999991
11
39.9924999999999997
21
-114.5799999999999983
0
LINE
8
BLACK
6
CONTINUOUS
10
39.9924999999999997
20
-114.5799999999999983
11
39.9924999999999997
21
-85.6599999999999966
0
LINE
8
BLACK
6
CONTINUOUS
10
39.9924999999999997
20
-85.6599999999999966
11
39.9955700000000007
21
-85.5975139999999897
0
LINE
8
BLACK
6
CONTINUOUS
10
39.9955700000000007
20
-85.5975139999999897
11
40.0078979999999973
21
-85.5355369999999908
0
LINE
8
BLACK
6
CONTINUOUS
10
40.0078979999999973
20
-85.5355369999999908
11
40.0199509999999989
21
-85.4749429999999961
0
LINE
8
BLACK
6
CONTINUOUS
10
40.0199509999999989
20
-85.4749429999999961
11
40.0533009999999976
21
-85.3944299999999998
0
LINE
8
BLACK
6
CONTINUOUS
10
40.0533009999999976
20
-85.3944299999999998
11
40.0677749999999975
21
-85.3594849999999923
0
LINE
8
BLACK
6
CONTINUOUS
10
40.0677749999999975
20
-85.3594849999999923
11
40.1372059999999991
21
-85.2555739999999957
0
LINE
8
BLACK
6
CONTINUOUS
10
40.1372059999999991
20
-85.2555739999999957
11
40.1372149999999976
21
-85.2555639999999926
0
LINE
8
BLACK
6
CONTINUOUS
10
40.1372149999999976
20
-85.2555639999999926
11
40.1792189999999962
21
-85.2092189999999903
0
LINE
8
BLACK
6
CONTINUOUS
10
40.1792189999999962
20
-85.2092189999999903
11
41.0792189999999948
21
-84.3092199999999963
0
LINE
8
BLACK
6
CONTINUOUS
10
41.0792189999999948
20
-84.3092199999999963
11
41.1255740000000003
21
-84.2672060000000016
0
LINE
8
BLACK
6
CONTINUOUS
10
41.1255740000000003
20
-84.2672060000000016
11
41.132598999999999
21
-84.262512000000001
0
LINE
8
BLACK
6
CONTINUOUS
10
41.132598999999999
20
-84.262512000000001
11
41.2294849999999968
21
-84.1977749999999929
0
LINE
8
BLACK
6
CONTINUOUS
10
41.2294849999999968
20
-84.1977749999999929
11
41.297118999999995
21
-84.1697599999999966
0
LINE
8
BLACK
6
CONTINUOUS
10
41.297118999999995
20
-84.1697599999999966
11
41.3449430000000007
21
-84.1499510000000015
0
LINE
8
BLACK
6
CONTINUOUS
10
41.3449430000000007
20
-84.1499510000000015
11
41.4675140000000013
21
-84.1255699999999962
0
LINE
8
BLACK
6
CONTINUOUS
10
41.4675140000000013
20
-84.1255699999999962
11
41.5300000000000011
21
-84.1225000000000023
0
LINE
8
BLACK
6
CONTINUOUS
10
41.5300000000000011
20
-84.1225000000000023
11
41.6827959999999962
21
-84.1225000000000023
0
LINE
8
BLACK
6
CONTINUOUS
10
41.6827959999999962
20
-84.1225000000000023
11
41.7040679999999995
21
-84.0807519999999897
0
LINE
8
BLACK
6
CONTINUOUS
10
41.7040679999999995
20
-84.0807519999999897
11
41.8239719999999977
21
-83.9157179999999983
0
LINE
8
BLACK
6
CONTINUOUS
10
41.8239719999999977
20
-83.9157179999999983
11
41.9682180000000002
21
-83.7714720000000028
0
LINE
8
BLACK
6
CONTINUOUS
10
41.9682180000000002
20
-83.7714720000000028
11
42.1332519999999988
21
-83.6515679999999975
0
LINE
8
BLACK
6
CONTINUOUS
10
42.1332519999999988
20
-83.6515679999999975
11
42.3150119999999959
21
-83.5589569999999924
0
LINE
8
BLACK
6
CONTINUOUS
10
42.3150119999999959
20
-83.5589569999999924
11
42.5090209999999971
21
-83.4959190000000007
0
LINE
8
BLACK
6
CONTINUOUS
10
42.5090209999999971
20
-83.4959190000000007
11
42.7105029999999957
21
-83.4640069999999952
0
LINE
8
BLACK
6
CONTINUOUS
10
42.7105029999999957
20
-83.4640069999999952
11
42.9144969999999972
21
-83.4640069999999952
0
LINE
8
BLACK
6
CONTINUOUS
10
42.9144969999999972
20
-83.4640069999999952
11
43.1159789999999958
21
-83.4959190000000007
0
LINE
8
BLACK
6
CONTINUOUS
10
62.7784139999999979
20
-89.9238519999999966
11
62.9322279999999949
21
-89.9544479999999993
0
LINE
8
BLACK
6
CONTINUOUS
10
62.9322279999999949
20
-89.9544479999999993
11
63.0771169999999941
21
-90.0144629999999921
0
LINE
8
BLACK
6
CONTINUOUS
10
63.0771169999999941
20
-90.0144629999999921
11
63.2075149999999937
21
-90.1015919999999966
0
LINE
8
BLACK
6
CONTINUOUS
10
63.2075149999999937
20
-90.1015919999999966
11
63.318407999999998
21
-90.2124850000000009
0
LINE
8
BLACK
6
CONTINUOUS
10
63.318407999999998
20
-90.2124850000000009
11
63.4055369999999954
21
-90.3428830000000005
0
LINE
8
BLACK
6
CONTINUOUS
10
63.4055369999999954
20
-90.3428830000000005
11
63.4655519999999953
21
-90.4877719999999925
0
LINE
8
BLACK
6
CONTINUOUS
10
63.4655519999999953
20
-90.4877719999999925
11
63.496147999999998
21
-90.6415859999999896
0
LINE
8
BLACK
6
CONTINUOUS
10
63.496147999999998
20
-90.6415859999999896
11
63.496147999999998
21
-90.798413999999994
0
LINE
8
BLACK
6
CONTINUOUS
10
63.496147999999998
20
-90.798413999999994
11
63.4655519999999953
21
-90.952227999999991
0
LINE
8
BLACK
6
CONTINUOUS
10
63.4655519999999953
20
-90.952227999999991
11
63.4055369999999954
21
-91.0971169999999972
0
LINE
8
BLACK
6
CONTINUOUS
10
63.4055369999999954
20
-91.0971169999999972
11
63.318407999999998
21
-91.2275149999999968
0
LINE
8
BLACK
6
CONTINUOUS
10
63.318407999999998
20
-91.2275149999999968
11
63.2075149999999937
21
-91.3384080000000012
0
LINE
8
BLACK
6
CONTINUOUS
10
63.2075149999999937
20
-91.3384080000000012
11
63.0771169999999941
21
-91.4255369999999914
0
LINE
8
BLACK
6
CONTINUOUS
10
63.0771169999999941
20
-91.4255369999999914
11
62.9322279999999949
21
-91.4855519999999984
0
LINE
8
BLACK
6
CONTINUOUS
10
62.9322279999999949
20
-91.4855519999999984
11
62.7784139999999979
21
-91.5161480000000012
0
LINE
8
BLACK
6
CONTINUOUS
10
62.7784139999999979
20
-91.5161480000000012
11
62.6999999999999957
21
-91.519999999999996
0
LINE
8
BLACK
6
CONTINUOUS
10
62.6999999999999957
20
-91.519999999999996
11
61.8999999999999986
21
-91.519999999999996
0
LINE
8
BLACK
6
CONTINUOUS
10
61.8999999999999986
20
-91.519999999999996
11
61.8215859999999964
21
-91.5161480000000012
0
LINE
8
BLACK
6
CONTINUOUS
10
61.8215859999999964
20
-91.5161480000000012
11
61.6677719999999994
21
-91.4855519999999984
0
LINE
8
BLACK
6
CONTINUOUS
10
61.6677719999999994
20
-91.4855519999999984
11
61.5228830000000002
21
-91.4255369999999914
0
LINE
8
BLACK
6
CONTINUOUS
10
61.5228830000000002
20
-91.4255369999999914
11
61.421057999999995
21
-91.3575000000000017
0
LINE
8
BLACK
6
CONTINUOUS
10
61.421057999999995
20
-91.3575000000000017
11
60.5140619999999956
21
-91.3575000000000017
0
LINE
8
BLACK
6
CONTINUOUS
10
60.5140619999999956
20
-91.3575000000000017
11
58.1207810000000009
21
-93.7507809999999893
0
LINE
8
BLACK
6
CONTINUOUS
10
58.1207810000000009
20
-93.7507809999999893
11
58.074434999999994
21
-93.7927839999999975
0
LINE
8
BLACK
6
CONTINUOUS
10
58.074434999999994
20
-93.7927839999999975
11
58.0744259999999954
21
-93.7927940000000007
0
LINE
8
BLACK
6
CONTINUOUS
10
58.0744259999999954
20
-93.7927940000000007
11
57.9705149999999989
21
-93.8622249999999951
0
LINE
8
BLACK
6
CONTINUOUS
10
57.9705149999999989
20
-93.8622249999999951
11
57.8927639999999997
21
-93.8944299999999998
0
LINE
8
BLACK
6
CONTINUOUS
10
57.8927639999999997
20
-93.8944299999999998
11
57.8550569999999951
21
-93.9100490000000008
0
LINE
8
BLACK
6
CONTINUOUS
10
57.8550569999999951
20
-93.9100490000000008
11
57.7324859999999944
21
-93.9344299999999919
0
LINE
8
BLACK
6
CONTINUOUS
10
57.7324859999999944
20
-93.9344299999999919
11
57.6699999999999946
21
-93.9375
0
LINE
8
BLACK
6
CONTINUOUS
10
57.6699999999999946
20
-93.9375
11
56.7374999999999972
21
-93.9375
0
LINE
8
BLACK
6
CONTINUOUS
10
56.7374999999999972
20
-93.9375
11
56.7374999999999972
21
-99.6359379999999959
0
LINE
8
BLACK
6
CONTINUOUS
10
56.7374999999999972
20
-99.6359379999999959
11
58.0240609999999961
21
-100.9224999999999994
0
LINE
8
BLACK
6
CONTINUOUS
10
58.0240609999999961
20
-100.9224999999999994
11
64.3100000000000023
21
-100.9224999999999994
0
LINE
8
BLACK
6
CONTINUOUS
10
64.3100000000000023
20
-100.9224999999999994
11
64.372485999999995
21
-100.9255699999999933
0
LINE
8
BLACK
6
CONTINUOUS
10
64.372485999999995
20
-100.9255699999999933
11
64.4950570000000027
21
-100.9499509999999987
0
LINE
8
BLACK
6
CONTINUOUS
10
64.4950570000000027
20
-100.9499509999999987
11
64.5288729999999902
21
-100.963957999999991
0
LINE
8
BLACK
6
CONTINUOUS
10
64.5288729999999902
20
-100.963957999999991
11
64.6105149999999924
21
-100.9977749999999901
0
LINE
8
BLACK
6
CONTINUOUS
10
64.6105149999999924
20
-100.9977749999999901
11
64.7144260000000031
21
-101.0672059999999988
0
LINE
8
BLACK
6
CONTINUOUS
10
64.7144260000000031
20
-101.0672059999999988
11
64.7144349999999946
21
-101.0672149999999903
0
LINE
8
BLACK
6
CONTINUOUS
10
64.7144349999999946
20
-101.0672149999999903
11
64.7607809999999944
21
-101.109218999999996
0
LINE
8
BLACK
6
CONTINUOUS
10
64.7607809999999944
20
-101.109218999999996
11
65.2707809999999995
21
-101.6192190000000011
0
LINE
8
BLACK
6
CONTINUOUS
10
65.2707809999999995
20
-101.6192190000000011
11
65.3127839999999935
21
-101.6655639999999892
0
LINE
8
BLACK
6
CONTINUOUS
10
65.3127839999999935
20
-101.6655639999999892
11
65.3127939999999967
21
-101.6655739999999923
0
LINE
8
BLACK
6
CONTINUOUS
10
65.3127939999999967
20
-101.6655739999999923
11
65.3822249999999912
21
-101.7694849999999889
0
LINE
8
BLACK
6
CONTINUOUS
10
65.3822249999999912
20
-101.7694849999999889
11
65.4300489999999968
21
-101.8849439999999902
0
LINE
8
BLACK
6
CONTINUOUS
10
65.4300489999999968
20
-101.8849439999999902
11
65.4544300000000021
21
-102.0075140000000005
0
LINE
8
BLACK
6
CONTINUOUS
10
65.4544300000000021
20
-102.0075140000000005
11
65.457499999999996
21
-102.0699999999999932
0
LINE
8
BLACK
6
CONTINUOUS
10
65.457499999999996
20
-102.0699999999999932
11
65.457499999999996
21
-106.7459379999999953
0
LINE
8
BLACK
6
CONTINUOUS
10
65.457499999999996
20
-106.7459379999999953
11
67.5107799999999969
21
-108.7992189999999937
0
LINE
8
BLACK
6
CONTINUOUS
10
67.5107799999999969
20
-108.7992189999999937
11
67.5527939999999916
21
-108.8455739999999992
0
LINE
8
BLACK
6
CONTINUOUS
10
67.5527939999999916
20
-108.8455739999999992
11
67.6222250000000003
21
-108.9494849999999957
0
LINE
8
BLACK
6
CONTINUOUS
10
67.6222250000000003
20
-108.9494849999999957
11
67.6700489999999917
21
-109.064943999999997
0
LINE
8
BLACK
6
CONTINUOUS
10
67.6700489999999917
20
-109.064943999999997
11
67.694429999999997
21
-109.1875139999999931
0
LINE
8
BLACK
6
CONTINUOUS
10
67.694429999999997
20
-109.1875139999999931
11
67.6974999999999909
21
-109.25
0
LINE
8
BLACK
6
CONTINUOUS
10
67.6974999999999909
20
-109.25
11
67.6974999999999909
21
-112.8866699999999952
0
LINE
8
BLACK
6
CONTINUOUS
10
67.6974999999999909
20
-112.8866699999999952
11
67.7489970000000028
21
-113.0109949999999941
0
LINE
8
BLACK
6
CONTINUOUS
10
67.7489970000000028
20
-113.0109949999999941
11
67.7765330000000006
21
-113.1494280000000003
0
LINE
8
BLACK
6
CONTINUOUS
10
67.7765330000000006
20
-113.1494280000000003
11
67.7765330000000006
21
-113.2905719999999974
0
LINE
8
BLACK
6
CONTINUOUS
10
67.7765330000000006
20
-113.2905719999999974
11
67.7489970000000028
21
-113.4290049999999894
0
LINE
8
BLACK
6
CONTINUOUS
10
67.7489970000000028
20
-113.4290049999999894
11
67.6974999999999909
21
-113.5533289999999909
0
LINE
8
BLACK
6
CONTINUOUS
10
67.6974999999999909
20
-113.5533289999999909
11
67.6974999999999909
21
-119.9109899999999982
0
LINE
8
BLACK
6
CONTINUOUS
10
67.6974999999999909
20
-119.9109899999999982
11
67.7455369999999988
21
-119.9828830000000011
0
LINE
8
BLACK
6
CONTINUOUS
10
67.7455369999999988
20
-119.9828830000000011
11
67.8055519999999916
21
-120.1277719999999931
0
LINE
8
BLACK
6
CONTINUOUS
10
67.8055519999999916
20
-120.1277719999999931
11
67.8361479999999943
21
-120.2815859999999901
0
LINE
8
BLACK
6
CONTINUOUS
10
67.8361479999999943
20
-120.2815859999999901
11
67.8361479999999943
21
-120.4384139999999945
0
LINE
8
BLACK
6
CONTINUOUS
10
67.8361479999999943
20
-120.4384139999999945
11
67.8055519999999916
21
-120.5922279999999915
0
LINE
8
BLACK
6
CONTINUOUS
10
67.8055519999999916
20
-120.5922279999999915
11
67.7455369999999988
21
-120.7371169999999978
0
LINE
8
BLACK
6
CONTINUOUS
10
67.7455369999999988
20
-120.7371169999999978
11
67.6584079999999943
21
-120.8675149999999974
0
LINE
8
BLACK
6
CONTINUOUS
10
67.6584079999999943
20
-120.8675149999999974
11
67.54751499999999
21
-120.9784079999999875
0
LINE
8
BLACK
6
CONTINUOUS
10
67.54751499999999
20
-120.9784079999999875
11
67.4171169999999904
21
-121.065536999999992
0
LINE
8
BLACK
6
CONTINUOUS
10
67.4171169999999904
20
-121.065536999999992
11
67.2722279999999984
21
-121.125551999999999
0
LINE
8
BLACK
6
CONTINUOUS
10
67.2722279999999984
20
-121.125551999999999
11
67.1184140000000014
21
-121.1561479999999875
0
LINE
8
BLACK
6
CONTINUOUS
10
67.1184140000000014
20
-121.1561479999999875
11
66.9615859999999969
21
-121.1561479999999875
0
LINE
8
BLACK
6
CONTINUOUS
10
66.9615859999999969
20
-121.1561479999999875
11
66.8077719999999999
21
-121.125551999999999
0
LINE
8
BLACK
6
CONTINUOUS
10
66.8077719999999999
20
-121.125551999999999
11
66.6628829999999937
21
-121.065536999999992
0
LINE
8
BLACK
6
CONTINUOUS
10
66.6628829999999937
20
-121.065536999999992
11
66.5324849999999941
21
-120.9784079999999875
0
LINE
8
BLACK
6
CONTINUOUS
10
66.5324849999999941
20
-120.9784079999999875
11
66.421592000000004
21
-120.8675149999999974
0
LINE
8
BLACK
6
CONTINUOUS
10
66.421592000000004
20
-120.8675149999999974
11
66.3344629999999995
21
-120.7371169999999978
0
LINE
8
BLACK
6
CONTINUOUS
10
66.3344629999999995
20
-120.7371169999999978
11
66.2744479999999925
21
-120.5922279999999915
0
LINE
8
BLACK
6
CONTINUOUS
10
66.2744479999999925
20
-120.5922279999999915
11
66.243852000000004
21
-120.4384139999999945
0
LINE
8
BLACK
6
CONTINUOUS
10
66.243852000000004
20
-120.4384139999999945
11
66.243852000000004
21
-120.2815859999999901
0
LINE
8
BLACK
6
CONTINUOUS
10
66.243852000000004
20
-120.2815859999999901
11
66.2744479999999925
21
-120.1277719999999931
0
LINE
8
BLACK
6
CONTINUOUS
10
66.2744479999999925
20
-120.1277719999999931
11
66.3344629999999995
21
-119.9828830000000011
0
LINE
8
BLACK
6
CONTINUOUS
10
66.3344629999999995
20
-119.9828830000000011
11
66.421592000000004
21
-119.8524850000000015
0
LINE
8
BLACK
6
CONTINUOUS
10
66.421592000000004
20
-119.8524850000000015
11
66.4224999999999994
21
-119.8515769999999918
0
LINE
8
BLACK
6
CONTINUOUS
10
66.4224999999999994
20
-119.8515769999999918
11
66.4224999999999994
21
-113.8575000000000017
0
LINE
8
BLACK
6
CONTINUOUS
10
66.4224999999999994
20
-113.8575000000000017
11
64.8533290000000022
21
-113.8575000000000017
0
LINE
8
BLACK
6
CONTINUOUS
10
64.8533290000000022
20
-113.8575000000000017
11
64.7290050000000008
21
-113.9089969999999994
0
LINE
8
BLACK
6
CONTINUOUS
10
64.7290050000000008
20
-113.9089969999999994
11
64.5905719999999945
21
-113.9365329999999972
0
LINE
8
BLACK
6
CONTINUOUS
10
64.5905719999999945
20
-113.9365329999999972
11
64.4494279999999975
21
-113.9365329999999972
0
LINE
8
BLACK
6
CONTINUOUS
10
64.4494279999999975
20
-113.9365329999999972
11
64.3109949999999913
21
-113.9089969999999994
0
LINE
8
BLACK
6
CONTINUOUS
10
64.3109949999999913
20
-113.9089969999999994
11
64.1805939999999993
21
-113.8549829999999901
0
LINE
8
BLACK
6
CONTINUOUS
10
64.1805939999999993
20
-113.8549829999999901
11
64.0632370000000009
21
-113.7765679999999975
0
LINE
8
BLACK
6
CONTINUOUS
10
64.0632370000000009
20
-113.7765679999999975
11
63.9634319999999974
21
-113.676762999999994
0
LINE
8
BLACK
6
CONTINUOUS
10
63.9634319999999974
20
-113.676762999999994
11
63.8850169999999977
21
-113.5594059999999956
0
LINE
8
BLACK
6
CONTINUOUS
10
63.8850169999999977
20
-113.5594059999999956
11
63.8310029999999955
21
-113.4290049999999894
0
LINE
8
BLACK
6
CONTINUOUS
10
63.8310029999999955
20
-113.4290049999999894
11
63.8034669999999977
21
-113.2905719999999974
0
LINE
8
BLACK
6
CONTINUOUS
10
63.8034669999999977
20
-113.2905719999999974
11
63.8034669999999977
21
-113.1494280000000003
0
LINE
8
BLACK
6
CONTINUOUS
10
63.8034669999999977
20
-113.1494280000000003
11
63.8310029999999955
21
-113.0109949999999941
0
LINE
8
BLACK
6
CONTINUOUS
10
63.8310029999999955
20
-113.0109949999999941
11
63.8850169999999977
21
-112.8805939999999879
0
LINE
8
BLACK
6
CONTINUOUS
10
63.8850169999999977
20
-112.8805939999999879
11
63.9634319999999974
21
-112.7632369999999895
0
LINE
8
BLACK
6
CONTINUOUS
10
63.9634319999999974
20
-112.7632369999999895
11
64.0632370000000009
21
-112.6634320000000002
0
LINE
8
BLACK
6
CONTINUOUS
10
64.0632370000000009
20
-112.6634320000000002
11
64.1805939999999993
21
-112.5850169999999935
0
LINE
8
BLACK
6
CONTINUOUS
10
64.1805939999999993
20
-112.5850169999999935
11
64.3109949999999913
21
-112.5310029999999983
0
LINE
8
BLACK
6
CONTINUOUS
10
64.3109949999999913
20
-112.5310029999999983
11
64.4494279999999975
21
-112.5034670000000006
0
LINE
8
BLACK
6
CONTINUOUS
10
64.4494279999999975
20
-112.5034670000000006
11
64.5905719999999945
21
-112.5034670000000006
0
LINE
8
BLACK
6
CONTINUOUS
10
64.5905719999999945
20
-112.5034670000000006
11
64.7290050000000008
21
-112.5310029999999983
0
LINE
8
BLACK
6
CONTINUOUS
10
64.7290050000000008
20
-112.5310029999999983
11
64.8533290000000022
21
-112.582499999999996
0
LINE
8
BLACK
6
CONTINUOUS
10
64.8533290000000022
20
-112.582499999999996
11
66.4224999999999994
21
-112.582499999999996
0
LINE
8
BLACK
6
CONTINUOUS
10
66.4224999999999994
20
-112.582499999999996
11
66.4224999999999994
21
-109.5140609999999981
0
LINE
8
BLACK
6
CONTINUOUS
10
66.4224999999999994
20
-109.5140609999999981
11
64.3692190000000011
21
-107.4607809999999972
0
LINE
8
BLACK
6
CONTINUOUS
10
64.3692190000000011
20
-107.4607809999999972
11
64.3272149999999954
21
-107.4144349999999974
0
LINE
8
BLACK
6
CONTINUOUS
10
64.3272149999999954
20
-107.4144349999999974
11
64.3272060000000039
21
-107.4144259999999917
0
LINE
8
BLACK
6
CONTINUOUS
10
64.3272060000000039
20
-107.4144259999999917
11
64.2577749999999952
21
-107.3105149999999952
0
LINE
8
BLACK
6
CONTINUOUS
10
64.2577749999999952
20
-107.3105149999999952
11
64.2099510000000038
21
-107.1950559999999939
0
LINE
8
BLACK
6
CONTINUOUS
10
64.2099510000000038
20
-107.1950559999999939
11
64.1855699999999985
21
-107.0724859999999978
0
LINE
8
BLACK
6
CONTINUOUS
10
64.1855699999999985
20
-107.0724859999999978
11
64.1824999999999903
21
-107.0099999999999909
0
LINE
8
BLACK
6
CONTINUOUS
10
64.1824999999999903
20
-107.0099999999999909
11
64.1824999999999903
21
-102.3340619999999888
0
LINE
8
BLACK
6
CONTINUOUS
10
64.1824999999999903
20
-102.3340619999999888
11
64.0459379999999925
21
-102.1974999999999909
0
LINE
8
BLACK
6
CONTINUOUS
10
64.0459379999999925
20
-102.1974999999999909
11
57.759999999999998
21
-102.1974999999999909
0
LINE
8
BLACK
6
CONTINUOUS
10
57.759999999999998
20
-102.1974999999999909
11
57.6975339999999974
21
-102.1944309999999945
0
LINE
8
BLACK
6
CONTINUOUS
10
57.6975339999999974
20
-102.1944309999999945
11
57.6975149999999957
21
-102.1944309999999945
0
LINE
8
BLACK
6
CONTINUOUS
10
57.6975149999999957
20
-102.1944309999999945
11
57.5749429999999975
21
-102.1700499999999892
0
LINE
8
BLACK
6
CONTINUOUS
10
57.5749429999999975
20
-102.1700499999999892
11
57.5073089999999993
21
-102.1420339999999953
0
LINE
8
BLACK
6
CONTINUOUS
10
57.5073089999999993
20
-102.1420339999999953
11
57.4594850000000008
21
-102.1222250000000003
0
LINE
8
BLACK
6
CONTINUOUS
10
57.4594850000000008
20
-102.1222250000000003
11
57.3555739999999972
21
-102.0527939999999916
0
LINE
8
BLACK
6
CONTINUOUS
10
57.3555739999999972
20
-102.0527939999999916
11
57.355563999999994
21
-102.0527839999999884
0
LINE
8
BLACK
6
CONTINUOUS
10
57.355563999999994
20
-102.0527839999999884
11
57.3092199999999963
21
-102.0107809999999944
0
LINE
8
BLACK
6
CONTINUOUS
10
57.3092199999999963
20
-102.0107809999999944
11
55.6492189999999951
21
-100.3507809999999978
0
LINE
8
BLACK
6
CONTINUOUS
10
55.6492189999999951
20
-100.3507809999999978
11
55.6072149999999965
21
-100.304434999999998
0
LINE
8
BLACK
6
CONTINUOUS
10
55.6072149999999965
20
-100.304434999999998
11
55.6072059999999979
21
-100.3044259999999923
0
LINE
8
BLACK
6
CONTINUOUS
10
55.6072059999999979
20
-100.3044259999999923
11
55.5377749999999963
21
-100.2005149999999958
0
LINE
8
BLACK
6
CONTINUOUS
10
55.5377749999999963
20
-100.2005149999999958
11
55.4899509999999978
21
-100.0850559999999945
0
LINE
8
BLACK
6
CONTINUOUS
10
55.4899509999999978
20
-100.0850559999999945
11
55.4655699999999996
21
-99.9624859999999984
0
LINE
8
BLACK
6
CONTINUOUS
10
55.4655699999999996
20
-99.9624859999999984
11
55.4624999999999986
21
-99.8999999999999915
0
LINE
8
BLACK
6
CONTINUOUS
10
55.4624999999999986
20
-99.8999999999999915
11
55.4624999999999986
21
-94.0674999999999955
0
LINE
8
BLACK
6
CONTINUOUS
10
55.4624999999999986
20
-94.0674999999999955
11
51.9589420000000004
21
-94.0674999999999955
0
LINE
8
BLACK
6
CONTINUOUS
10
51.9589420000000004
20
-94.0674999999999955
11
51.8571169999999952
21
-94.1355369999999994
0
LINE
8
BLACK
6
CONTINUOUS
10
51.8571169999999952
20
-94.1355369999999994
11
51.7122279999999961
21
-94.1955519999999922
0
LINE
8
BLACK
6
CONTINUOUS
10
51.7122279999999961
20
-94.1955519999999922
11
51.5584139999999991
21
-94.2261479999999949
0
LINE
8
BLACK
6
CONTINUOUS
10
51.5584139999999991
20
-94.2261479999999949
11
51.4015859999999947
21
-94.2261479999999949
0
LINE
8
BLACK
6
CONTINUOUS
10
51.4015859999999947
20
-94.2261479999999949
11
51.2477719999999977
21
-94.1955519999999922
0
LINE
8
BLACK
6
CONTINUOUS
10
51.2477719999999977
20
-94.1955519999999922
11
51.1028829999999985
21
-94.1355369999999994
0
LINE
8
BLACK
6
CONTINUOUS
10
51.1028829999999985
20
-94.1355369999999994
11
50.9724849999999989
21
-94.0484079999999949
0
LINE
8
BLACK
6
CONTINUOUS
10
50.9724849999999989
20
-94.0484079999999949
11
50.8615919999999946
21
-93.9375149999999906
0
LINE
8
BLACK
6
CONTINUOUS
10
50.8615919999999946
20
-93.9375149999999906
11
50.7744629999999972
21
-93.807116999999991
0
LINE
8
BLACK
6
CONTINUOUS
10
50.7744629999999972
20
-93.807116999999991
11
50.7144479999999973
21
-93.6622279999999989
0
LINE
8
BLACK
6
CONTINUOUS
10
50.7144479999999973
20
-93.6622279999999989
11
50.6838519999999946
21
-93.5084140000000019
0
LINE
8
BLACK
6
CONTINUOUS
10
50.6838519999999946
20
-93.5084140000000019
11
50.6838519999999946
21
-93.3515859999999975
0
LINE
8
BLACK
6
CONTINUOUS
10
50.6838519999999946
20
-93.3515859999999975
11
50.7144479999999973
21
-93.1977720000000005
0
LINE
8
BLACK
6
CONTINUOUS
10
50.7144479999999973
20
-93.1977720000000005
11
50.7744629999999972
21
-93.0528829999999942
0
LINE
8
BLACK
6
CONTINUOUS
10
50.7744629999999972
20
-93.0528829999999942
11
50.8615919999999946
21
-92.9224849999999947
0
LINE
8
BLACK
6
CONTINUOUS
10
50.8615919999999946
20
-92.9224849999999947
11
50.9724849999999989
21
-92.8115919999999903
0
LINE
8
BLACK
6
CONTINUOUS
10
50.9724849999999989
20
-92.8115919999999903
11
51.1028829999999985
21
-92.7244630000000001
0
LINE
8
BLACK
6
CONTINUOUS
10
51.1028829999999985
20
-92.7244630000000001
11
51.2477719999999977
21
-92.664447999999993
0
LINE
8
BLACK
6
CONTINUOUS
10
51.2477719999999977
20
-92.664447999999993
11
51.4015859999999947
21
-92.6338519999999903
0
LINE
8
BLACK
6
CONTINUOUS
10
51.4015859999999947
20
-92.6338519999999903
11
51.5584139999999991
21
-92.6338519999999903
0
LINE
8
BLACK
6
CONTINUOUS
10
51.5584139999999991
20
-92.6338519999999903
11
51.7122279999999961
21
-92.664447999999993
0
LINE
8
BLACK
6
CONTINUOUS
10
51.7122279999999961
20
-92.664447999999993
11
51.8571169999999952
21
-92.7244630000000001
0
LINE
8
BLACK
6
CONTINUOUS
10
51.8571169999999952
20
-92.7244630000000001
11
51.9589420000000004
21
-92.7924999999999898
0
LINE
8
BLACK
6
CONTINUOUS
10
51.9589420000000004
20
-92.7924999999999898
11
55.481581999999996
21
-92.7924999999999898
0
LINE
8
BLACK
6
CONTINUOUS
10
55.481581999999996
20
-92.7924999999999898
11
55.4815919999999991
21
-92.7924849999999992
0
LINE
8
BLACK
6
CONTINUOUS
10
55.4815919999999991
20
-92.7924849999999992
11
55.5924849999999964
21
-92.6815919999999949
0
LINE
8
BLACK
6
CONTINUOUS
10
55.5924849999999964
20
-92.6815919999999949
11
55.7228829999999959
21
-92.5944629999999904
0
LINE
8
BLACK
6
CONTINUOUS
10
55.7228829999999959
20
-92.5944629999999904
11
55.8677719999999951
21
-92.5344479999999976
0
LINE
8
BLACK
6
CONTINUOUS
10
55.8677719999999951
20
-92.5344479999999976
11
56.0215859999999992
21
-92.5038519999999949
0
LINE
8
BLACK
6
CONTINUOUS
10
56.0215859999999992
20
-92.5038519999999949
11
56.1784139999999965
21
-92.5038519999999949
0
LINE
8
BLACK
6
CONTINUOUS
10
56.1784139999999965
20
-92.5038519999999949
11
56.3322280000000006
21
-92.5344479999999976
0
LINE
8
BLACK
6
CONTINUOUS
10
56.3322280000000006
20
-92.5344479999999976
11
56.4771169999999998
21
-92.5944629999999904
0
LINE
8
BLACK
6
CONTINUOUS
10
56.4771169999999998
20
-92.5944629999999904
11
56.5789419999999978
21
-92.6624999999999943
0
LINE
8
BLACK
6
CONTINUOUS
10
56.5789419999999978
20
-92.6624999999999943
11
57.405937999999999
21
-92.6624999999999943
0
LINE
8
BLACK
6
CONTINUOUS
10
57.405937999999999
20
-92.6624999999999943
11
59.7992190000000008
21
-90.2692189999999925
0
LINE
8
BLACK
6
CONTINUOUS
10
59.7992190000000008
20
-90.2692189999999925
11
59.845563999999996
21
-90.2272150000000011
0
LINE
8
BLACK
6
CONTINUOUS
10
59.845563999999996
20
-90.2272150000000011
11
59.8455739999999992
21
-90.2272059999999954
0
LINE
8
BLACK
6
CONTINUOUS
10
59.8455739999999992
20
-90.2272059999999954
11
59.9494849999999957
21
-90.1577750000000009
0
LINE
8
BLACK
6
CONTINUOUS
10
59.9494849999999957
20
-90.1577750000000009
11
60.0311260000000004
21
-90.1239580000000018
0
LINE
8
BLACK
6
CONTINUOUS
10
60.0311260000000004
20
-90.1239580000000018
11
60.0649429999999995
21
-90.1099509999999952
0
LINE
8
BLACK
6
CONTINUOUS
10
60.0649429999999995
20
-90.1099509999999952
11
60.1875140000000002
21
-90.0855699999999899
0
LINE
8
BLACK
6
CONTINUOUS
10
60.1875140000000002
20
-90.0855699999999899
11
60.25
21
-90.082499999999996
0
LINE
8
BLACK
6
CONTINUOUS
10
60.25
20
-90.082499999999996
11
61.421057999999995
21
-90.082499999999996
0
LINE
8
BLACK
6
CONTINUOUS
10
61.421057999999995
20
-90.082499999999996
11
61.5228830000000002
21
-90.0144629999999921
0
LINE
8
BLACK
6
CONTINUOUS
10
61.5228830000000002
20
-90.0144629999999921
11
61.6677719999999994
21
-89.9544479999999993
0
LINE
8
BLACK
6
CONTINUOUS
10
61.6677719999999994
20
-89.9544479999999993
11
61.8215859999999964
21
-89.9238519999999966
0
LINE
8
BLACK
6
CONTINUOUS
10
61.8215859999999964
20
-89.9238519999999966
11
61.8999999999999986
21
-89.9200000000000017
0
LINE
8
BLACK
6
CONTINUOUS
10
61.8999999999999986
20
-89.9200000000000017
11
62.6999999999999957
21
-89.9200000000000017
0
LINE
8
BLACK
6
CONTINUOUS
10
62.6999999999999957
20
-89.9200000000000017
11
62.7784139999999979
21
-89.9238519999999966
0
LINE
8
BLACK
6
CONTINUOUS
10
63.3456709999999958
20
-87.3990299999999962
11
63.4267769999999942
21
-87.4532229999999942
0
LINE
8
BLACK
6
CONTINUOUS
10
63.4267769999999942
20
-87.4532229999999942
11
63.4809699999999992
21
-87.5343289999999996
0
LINE
8
BLACK
6
CONTINUOUS
10
63.4809699999999992
20
-87.5343289999999996
11
63.5
21
-87.6299999999999955
0
LINE
8
BLACK
6
CONTINUOUS
10
63.5
20
-87.6299999999999955
11
63.5
21
-88.7299999999999898
0
LINE
8
BLACK
6
CONTINUOUS
10
63.5
20
-88.7299999999999898
11
63.4809699999999992
21
-88.8256709999999998
0
LINE
8
BLACK
6
CONTINUOUS
10
63.4809699999999992
20
-88.8256709999999998
11
63.4267769999999942
21
-88.9067769999999911
0
LINE
8
BLACK
6
CONTINUOUS
10
63.4267769999999942
20
-88.9067769999999911
11
63.3456709999999958
21
-88.960969999999989
0
LINE
8
BLACK
6
CONTINUOUS
10
63.3456709999999958
20
-88.960969999999989
11
63.25
21
-88.9799999999999898
0
LINE
8
BLACK
6
CONTINUOUS
10
63.25
20
-88.9799999999999898
11
61.3499999999999943
21
-88.9799999999999898
0
LINE
8
BLACK
6
CONTINUOUS
10
61.3499999999999943
20
-88.9799999999999898
11
61.2543289999999985
21
-88.960969999999989
0
LINE
8
BLACK
6
CONTINUOUS
10
61.2543289999999985
20
-88.960969999999989
11
61.2192030000000003
21
-88.9375
0
LINE
8
BLACK
6
CONTINUOUS
10
61.2192030000000003
20
-88.9375
11
56.5789419999999978
21
-88.9375
0
LINE
8
BLACK
6
CONTINUOUS
10
56.5789419999999978
20
-88.9375
11
56.4771169999999998
21
-89.0055369999999897
0
LINE
8
BLACK
6
CONTINUOUS
10
56.4771169999999998
20
-89.0055369999999897
11
56.3322280000000006
21
-89.0655519999999967
0
LINE
8
BLACK
6
CONTINUOUS
10
56.3322280000000006
20
-89.0655519999999967
11
56.1784139999999965
21
-89.0961479999999995
0
LINE
8
BLACK
6
CONTINUOUS
10
56.1784139999999965
20
-89.0961479999999995
11
56.0215859999999992
21
-89.0961479999999995
0
LINE
8
BLACK
6
CONTINUOUS
10
56.0215859999999992
20
-89.0961479999999995
11
55.8677719999999951
21
-89.0655519999999967
0
LINE
8
BLACK
6
CONTINUOUS
10
55.8677719999999951
20
-89.0655519999999967
11
55.7228829999999959
21
-89.0055369999999897
0
LINE
8
BLACK
6
CONTINUOUS
10
55.7228829999999959
20
-89.0055369999999897
11
55.6210579999999979
21
-88.9375
0
LINE
8
BLACK
6
CONTINUOUS
10
55.6210579999999979
20
-88.9375
11
52.1340609999999955
21
-88.9375
0
LINE
8
BLACK
6
CONTINUOUS
10
52.1340609999999955
20
-88.9375
11
49.3674999999999997
21
-91.7040609999999958
0
LINE
8
BLACK
6
CONTINUOUS
10
49.3674999999999997
20
-91.7040609999999958
11
49.3674999999999997
21
-97.2859380000000016
0
LINE
8
BLACK
6
CONTINUOUS
10
49.3674999999999997
20
-97.2859380000000016
11
53.5007809999999964
21
-101.4192199999999957
0
LINE
8
BLACK
6
CONTINUOUS
10
53.5007809999999964
20
-101.4192199999999957
11
53.5427839999999975
21
-101.4655640000000005
0
LINE
8
BLACK
6
CONTINUOUS
10
53.5427839999999975
20
-101.4655640000000005
11
53.5427940000000007
21
-101.4655739999999895
0
LINE
8
BLACK
6
CONTINUOUS
10
53.5427940000000007
20
-101.4655739999999895
11
53.6122249999999951
21
-101.5694850000000002
0
LINE
8
BLACK
6
CONTINUOUS
10
53.6122249999999951
20
-101.5694850000000002
11
53.6320339999999973
21
-101.6173089999999917
0
LINE
8
BLACK
6
CONTINUOUS
10
53.6320339999999973
20
-101.6173089999999917
11
53.6600499999999982
21
-101.6849429999999899
0
LINE
8
BLACK
6
CONTINUOUS
10
53.6600499999999982
20
-101.6849429999999899
11
53.6844309999999965
21
-101.8075149999999951
0
LINE
8
BLACK
6
CONTINUOUS
10
53.6844309999999965
20
-101.8075149999999951
11
53.6844309999999965
21
-101.8075339999999898
0
LINE
8
BLACK
6
CONTINUOUS
10
53.6844309999999965
20
-101.8075339999999898
11
53.6875
21
-101.8699999999999903
0
LINE
8
BLACK
6
CONTINUOUS
10
53.6875
20
-101.8699999999999903
11
53.6875
21
-103.0974999999999966
0
LINE
8
BLACK
6
CONTINUOUS
10
53.6875
20
-103.0974999999999966
11
55.2566709999999972
21
-103.0974999999999966
0
LINE
8
BLACK
6
CONTINUOUS
10
55.2566709999999972
20
-103.0974999999999966
11
55.3809949999999986
21
-103.0460029999999989
0
LINE
8
BLACK
6
CONTINUOUS
10
55.3809949999999986
20
-103.0460029999999989
11
55.5194279999999978
21
-103.0184670000000011
0
LINE
8
BLACK
6
CONTINUOUS
10
55.5194279999999978
20
-103.0184670000000011
11
55.6605719999999948
21
-103.0184670000000011
0
LINE
8
BLACK
6
CONTINUOUS
10
55.6605719999999948
20
-103.0184670000000011
11
55.799004999999994
21
-103.0460029999999989
0
LINE
8
BLACK
6
CONTINUOUS
10
55.799004999999994
20
-103.0460029999999989
11
55.9233289999999954
21
-103.0974999999999966
0
LINE
8
BLACK
6
CONTINUOUS
10
55.9233289999999954
20
-103.0974999999999966
11
62.2965769999999992
21
-103.0974999999999966
0
LINE
8
BLACK
6
CONTINUOUS
10
62.2965769999999992
20
-103.0974999999999966
11
62.3224850000000004
21
-103.0715919999999954
0
LINE
8
BLACK
6
CONTINUOUS
10
62.3224850000000004
20
-103.0715919999999954
11
62.4528829999999999
21
-102.984462999999991
0
LINE
8
BLACK
6
CONTINUOUS
10
62.4528829999999999
20
-102.984462999999991
11
62.5977719999999991
21
-102.9244479999999982
0
LINE
8
BLACK
6
CONTINUOUS
10
62.5977719999999991
20
-102.9244479999999982
11
62.7515859999999961
21
-102.8938519999999954
0
LINE
8
BLACK
6
CONTINUOUS
10
62.7515859999999961
20
-102.8938519999999954
11
62.9084140000000005
21
-102.8938519999999954
0
LINE
8
BLACK
6
CONTINUOUS
10
62.9084140000000005
20
-102.8938519999999954
11
63.0622279999999975
21
-102.9244479999999982
0
LINE
8
BLACK
6
CONTINUOUS
10
63.0622279999999975
20
-102.9244479999999982
11
63.2071169999999967
21
-102.984462999999991
0
LINE
8
BLACK
6
CONTINUOUS
10
63.2071169999999967
20
-102.984462999999991
11
63.3375149999999962
21
-103.0715919999999954
0
LINE
8
BLACK
6
CONTINUOUS
10
63.3375149999999962
20
-103.0715919999999954
11
63.4484080000000006
21
-103.1824849999999998
0
LINE
8
BLACK
6
CONTINUOUS
10
63.4484080000000006
20
-103.1824849999999998
11
63.5355369999999979
21
-103.3128829999999994
0
LINE
8
BLACK
6
CONTINUOUS
10
63.5355369999999979
20
-103.3128829999999994
11
63.5955519999999979
21
-103.4577719999999914
0
LINE
8
BLACK
6
CONTINUOUS
10
63.5955519999999979
20
-103.4577719999999914
11
63.6261480000000006
21
-103.6115859999999884
0
LINE
8
BLACK
6
CONTINUOUS
10
63.6261480000000006
20
-103.6115859999999884
11
63.6261480000000006
21
-103.7684139999999928
0
LINE
8
BLACK
6
CONTINUOUS
10
63.6261480000000006
20
-103.7684139999999928
11
63.5955519999999979
21
-103.9222279999999898
0
LINE
8
BLACK
6
CONTINUOUS
10
63.5955519999999979
20
-103.9222279999999898
11
63.5355369999999979
21
-104.0671169999999961
0
LINE
8
BLACK
6
CONTINUOUS
10
63.5355369999999979
20
-104.0671169999999961
11
63.4484080000000006
21
-104.1975149999999957
0
LINE
8
BLACK
6
CONTINUOUS
10
63.4484080000000006
20
-104.1975149999999957
11
63.3375149999999962
21
-104.308408
0
LINE
8
BLACK
6
CONTINUOUS
10
63.3375149999999962
20
-104.308408
11
63.2071169999999967
21
-104.3955369999999903
0
LINE
8
BLACK
6
CONTINUOUS
10
63.2071169999999967
20
-104.3955369999999903
11
63.0622279999999975
21
-104.4555519999999973
0
LINE
8
BLACK
6
CONTINUOUS
10
63.0622279999999975
20
-104.4555519999999973
11
62.9084140000000005
21
-104.486148
0
LINE
8
BLACK
6
CONTINUOUS
10
62.9084140000000005
20
-104.486148
11
62.7515859999999961
21
-104.486148
0
LINE
8
BLACK
6
CONTINUOUS
10
62.7515859999999961
20
-104.486148
11
62.5977719999999991
21
-104.4555519999999973
0
LINE
8
BLACK
6
CONTINUOUS
10
62.5977719999999991
20
-104.4555519999999973
11
62.4528829999999999
21
-104.3955369999999903
0
LINE
8
BLACK
6
CONTINUOUS
10
62.4528829999999999
20
-104.3955369999999903
11
62.4184059999999974
21
-104.3725000000000023
0
LINE
8
BLACK
6
CONTINUOUS
10
62.4184059999999974
20
-104.3725000000000023
11
55.9233289999999954
21
-104.3725000000000023
0
LINE
8
BLACK
6
CONTINUOUS
10
55.9233289999999954
20
-104.3725000000000023
11
55.799004999999994
21
-104.423997
0
LINE
8
BLACK
6
CONTINUOUS
10
55.799004999999994
20
-104.423997
11
55.6605719999999948
21
-104.4515329999999977
0
LINE
8
BLACK
6
CONTINUOUS
10
55.6605719999999948
20
-104.4515329999999977
11
55.5194279999999978
21
-104.4515329999999977
0
LINE
8
BLACK
6
CONTINUOUS
10
55.5194279999999978
20
-104.4515329999999977
11
55.3809949999999986
21
-104.423997
0
LINE
8
BLACK
6
CONTINUOUS
10
55.3809949999999986
20
-104.423997
11
55.2566709999999972
21
-104.3725000000000023
0
LINE
8
BLACK
6
CONTINUOUS
10
55.2566709999999972
20
-104.3725000000000023
11
53.6875
21
-104.3725000000000023
0
LINE
8
BLACK
6
CONTINUOUS
10
53.6875
20
-104.3725000000000023
11
53.6875
21
-115.3415770000000009
0
LINE
8
BLACK
6
CONTINUOUS
10
53.6875
20
-115.3415770000000009
11
53.6884079999999955
21
-115.3424849999999964
0
LINE
8
BLACK
6
CONTINUOUS
10
53.6884079999999955
20
-115.3424849999999964
11
53.7755369999999999
21
-115.4728829999999959
0
LINE
8
BLACK
6
CONTINUOUS
10
53.7755369999999999
20
-115.4728829999999959
11
53.8355519999999999
21
-115.617771999999988
0
LINE
8
BLACK
6
CONTINUOUS
10
53.8355519999999999
20
-115.617771999999988
11
53.8661479999999955
21
-115.7715859999999992
0
LINE
8
BLACK
6
CONTINUOUS
10
53.8661479999999955
20
-115.7715859999999992
11
53.8661479999999955
21
-115.9284139999999894
0
LINE
8
BLACK
6
CONTINUOUS
10
53.8661479999999955
20
-115.9284139999999894
11
53.8355519999999999
21
-116.0822280000000006
0
LINE
8
BLACK
6
CONTINUOUS
10
53.8355519999999999
20
-116.0822280000000006
11
53.7755369999999999
21
-116.2271169999999927
0
LINE
8
BLACK
6
CONTINUOUS
10
53.7755369999999999
20
-116.2271169999999927
11
53.6884079999999955
21
-116.3575149999999923
0
LINE
8
BLACK
6
CONTINUOUS
10
53.6884079999999955
20
-116.3575149999999923
11
53.5775149999999982
21
-116.4684079999999966
0
LINE
8
BLACK
6
CONTINUOUS
10
53.5775149999999982
20
-116.4684079999999966
11
53.4471169999999987
21
-116.5555370000000011
0
LINE
8
BLACK
6
CONTINUOUS
10
53.4471169999999987
20
-116.5555370000000011
11
53.3022279999999995
21
-116.6155519999999939
0
LINE
8
BLACK
6
CONTINUOUS
10
53.3022279999999995
20
-116.6155519999999939
11
53.1484139999999954
21
-116.6461479999999966
0
LINE
8
BLACK
6
CONTINUOUS
10
53.1484139999999954
20
-116.6461479999999966
11
52.9915859999999981
21
-116.6461479999999966
0
LINE
8
BLACK
6
CONTINUOUS
10
52.9915859999999981
20
-116.6461479999999966
11
52.8377720000000011
21
-116.6155519999999939
0
LINE
8
BLACK
6
CONTINUOUS
10
52.8377720000000011
20
-116.6155519999999939
11
52.6928829999999948
21
-116.5555370000000011
0
LINE
8
BLACK
6
CONTINUOUS
10
52.6928829999999948
20
-116.5555370000000011
11
52.5624849999999952
21
-116.4684079999999966
0
LINE
8
BLACK
6
CONTINUOUS
10
52.5624849999999952
20
-116.4684079999999966
11
52.4715769999999964
21
-116.3774999999999977
0
LINE
8
BLACK
6
CONTINUOUS
10
52.4715769999999964
20
-116.3774999999999977
11
47.1499999999999986
21
-116.3774999999999977
0
LINE
8
BLACK
6
CONTINUOUS
10
47.1499999999999986
20
-116.3774999999999977
11
47.1499999999999986
21
-116.5899999999999892
0
LINE
8
BLACK
6
CONTINUOUS
10
47.1499999999999986
20
-116.5899999999999892
11
45.4499999999999957
21
-116.5899999999999892
0
LINE
8
BLACK
6
CONTINUOUS
10
45.4499999999999957
20
-116.5899999999999892
11
45.4499999999999957
21
-114.8900000000000006
0
LINE
8
BLACK
6
CONTINUOUS
10
45.4499999999999957
20
-114.8900000000000006
11
47.1499999999999986
21
-114.8900000000000006
0
LINE
8
BLACK
6
CONTINUOUS
10
47.1499999999999986
20
-114.8900000000000006
11
47.1499999999999986
21
-115.102499999999992
0
LINE
8
BLACK
6
CONTINUOUS
10
47.1499999999999986
20
-115.102499999999992
11
52.4124999999999943
21
-115.102499999999992
0
LINE
8
BLACK
6
CONTINUOUS
10
52.4124999999999943
20
-115.102499999999992
11
52.4124999999999943
21
-104.0683289999999914
0
LINE
8
BLACK
6
CONTINUOUS
10
52.4124999999999943
20
-104.0683289999999914
11
52.3610029999999966
21
-103.94400499999999
0
LINE
8
BLACK
6
CONTINUOUS
10
52.3610029999999966
20
-103.94400499999999
11
52.3334669999999988
21
-103.805571999999998
0
LINE
8
BLACK
6
CONTINUOUS
10
52.3334669999999988
20
-103.805571999999998
11
52.3334669999999988
21
-103.6644280000000009
0
LINE
8
BLACK
6
CONTINUOUS
10
52.3334669999999988
20
-103.6644280000000009
11
52.3610029999999966
21
-103.5259949999999947
0
LINE
8
BLACK
6
CONTINUOUS
10
52.3610029999999966
20
-103.5259949999999947
11
52.4124999999999943
21
-103.4016699999999958
0
LINE
8
BLACK
6
CONTINUOUS
10
52.4124999999999943
20
-103.4016699999999958
11
52.4124999999999943
21
-102.1340609999999884
0
LINE
8
BLACK
6
CONTINUOUS
10
52.4124999999999943
20
-102.1340609999999884
11
48.2792189999999977
21
-98.0007809999999893
0
LINE
8
BLACK
6
CONTINUOUS
10
48.2792189999999977
20
-98.0007809999999893
11
48.2372149999999991
21
-97.9544349999999895
0
LINE
8
BLACK
6
CONTINUOUS
10
48.2372149999999991
20
-97.9544349999999895
11
48.2372060000000005
21
-97.954425999999998
0
LINE
8
BLACK
6
CONTINUOUS
10
48.2372060000000005
20
-97.954425999999998
11
48.1677749999999989
21
-97.8505150000000015
0
LINE
8
BLACK
6
CONTINUOUS
10
48.1677749999999989
20
-97.8505150000000015
11
48.1302629999999994
21
-97.7599510000000009
0
LINE
8
BLACK
6
CONTINUOUS
10
48.1302629999999994
20
-97.7599510000000009
11
48.1199510000000004
21
-97.7350569999999976
0
LINE
8
BLACK
6
CONTINUOUS
10
48.1199510000000004
20
-97.7350569999999976
11
48.095569999999995
21
-97.6124859999999899
0
LINE
8
BLACK
6
CONTINUOUS
10
48.095569999999995
20
-97.6124859999999899
11
48.0925000000000011
21
-97.5499999999999972
0
LINE
8
BLACK
6
CONTINUOUS
10
48.0925000000000011
20
-97.5499999999999972
11
48.0925000000000011
21
-91.4399999999999977
0
LINE
8
BLACK
6
CONTINUOUS
10
48.0925000000000011
20
-91.4399999999999977
11
48.095569999999995
21
-91.3775139999999908
0
LINE
8
BLACK
6
CONTINUOUS
10
48.095569999999995
20
-91.3775139999999908
11
48.1145239999999959
21
-91.2822249999999968
0
LINE
8
BLACK
6
CONTINUOUS
10
48.1145239999999959
20
-91.2822249999999968
11
48.1199510000000004
21
-91.2549429999999973
0
LINE
8
BLACK
6
CONTINUOUS
10
48.1199510000000004
20
-91.2549429999999973
11
48.1536779999999993
21
-91.1735189999999989
0
LINE
8
BLACK
6
CONTINUOUS
10
48.1536779999999993
20
-91.1735189999999989
11
48.1677749999999989
21
-91.1394849999999934
0
LINE
8
BLACK
6
CONTINUOUS
10
48.1677749999999989
20
-91.1394849999999934
11
48.2372060000000005
21
-91.0355739999999969
0
LINE
8
BLACK
6
CONTINUOUS
10
48.2372060000000005
20
-91.0355739999999969
11
48.2372149999999991
21
-91.0355639999999937
0
LINE
8
BLACK
6
CONTINUOUS
10
48.2372149999999991
20
-91.0355639999999937
11
48.2792189999999977
21
-90.9892189999999914
0
LINE
8
BLACK
6
CONTINUOUS
10
48.2792189999999977
20
-90.9892189999999914
11
51.4192199999999957
21
-87.8492189999999908
0
LINE
8
BLACK
6
CONTINUOUS
10
51.4192199999999957
20
-87.8492189999999908
11
51.4655640000000005
21
-87.8072149999999993
0
LINE
8
BLACK
6
CONTINUOUS
10
51.4655640000000005
20
-87.8072149999999993
11
51.4655739999999966
21
-87.8072059999999937
0
LINE
8
BLACK
6
CONTINUOUS
10
51.4655739999999966
20
-87.8072059999999937
11
51.5694850000000002
21
-87.7377749999999992
0
LINE
8
BLACK
6
CONTINUOUS
10
51.5694850000000002
20
-87.7377749999999992
11
51.6173089999999988
21
-87.7179649999999924
0
LINE
8
BLACK
6
CONTINUOUS
10
51.6173089999999988
20
-87.7179649999999924
11
51.684942999999997
21
-87.6899499999999961
0
LINE
8
BLACK
6
CONTINUOUS
10
51.684942999999997
20
-87.6899499999999961
11
51.8075149999999951
21
-87.6655689999999908
0
LINE
8
BLACK
6
CONTINUOUS
10
51.8075149999999951
20
-87.6655689999999908
11
51.8075339999999969
21
-87.6655689999999908
0
LINE
8
BLACK
6
CONTINUOUS
10
51.8075339999999969
20
-87.6655689999999908
11
51.8699999999999974
21
-87.6624999999999943
0
LINE
8
BLACK
6
CONTINUOUS
10
51.8699999999999974
20
-87.6624999999999943
11
55.6210579999999979
21
-87.6624999999999943
0
LINE
8
BLACK
6
CONTINUOUS
10
55.6210579999999979
20
-87.6624999999999943
11
55.7228829999999959
21
-87.5944629999999904
0
LINE
8
BLACK
6
CONTINUOUS
10
55.7228829999999959
20
-87.5944629999999904
11
55.8677719999999951
21
-87.5344479999999976
0
LINE
8
BLACK
6
CONTINUOUS
10
55.8677719999999951
20
-87.5344479999999976
11
56.0215859999999992
21
-87.5038519999999949
0
LINE
8
BLACK
6
CONTINUOUS
10
56.0215859999999992
20
-87.5038519999999949
11
56.1784139999999965
21
-87.5038519999999949
0
LINE
8
BLACK
6
CONTINUOUS
10
56.1784139999999965
20
-87.5038519999999949
11
56.3322280000000006
21
-87.5344479999999976
0
LINE
8
BLACK
6
CONTINUOUS
10
56.3322280000000006
20
-87.5344479999999976
11
56.4771169999999998
21
-87.5944629999999904
0
LINE
8
BLACK
6
CONTINUOUS
10
56.4771169999999998
20
-87.5944629999999904
11
56.5789419999999978
21
-87.6624999999999943
0
LINE
8
BLACK
6
CONTINUOUS
10
56.5789419999999978
20
-87.6624999999999943
11
61.0999999999999943
21
-87.6624999999999943
0
LINE
8
BLACK
6
CONTINUOUS
10
61.0999999999999943
20
-87.6624999999999943
11
61.0999999999999943
21
-87.6299999999999955
0
LINE
8
BLACK
6
CONTINUOUS
10
61.0999999999999943
20
-87.6299999999999955
11
61.1190299999999951
21
-87.5343289999999996
0
LINE
8
BLACK
6
CONTINUOUS
10
61.1190299999999951
20
-87.5343289999999996
11
61.1732230000000001
21
-87.4532229999999942
0
LINE
8
BLACK
6
CONTINUOUS
10
61.1732230000000001
20
-87.4532229999999942
11
61.2543289999999985
21
-87.3990299999999962
0
LINE
8
BLACK
6
CONTINUOUS
10
61.2543289999999985
20
-87.3990299999999962
11
61.3499999999999943
21
-87.3799999999999955
0
LINE
8
BLACK
6
CONTINUOUS
10
61.3499999999999943
20
-87.3799999999999955
11
63.25
21
-87.3799999999999955
0
LINE
8
BLACK
6
CONTINUOUS
10
63.25
20
-87.3799999999999955
11
63.3456709999999958
21
-87.3990299999999962
0
LINE
8
BLACK
6
CONTINUOUS
10
69.8090049999999991
20
-112.5310029999999983
11
69.9394059999999911
21
-112.5850169999999935
0
LINE
8
BLACK
6
CONTINUOUS
10
69.9394059999999911
20
-112.5850169999999935
11
70.0553680000000014
21
-112.6624999999999943
0
LINE
8
BLACK
6
CONTINUOUS
10
70.0553680000000014
20
-112.6624999999999943
11
75.9810579999999902
21
-112.6624999999999943
0
LINE
8
BLACK
6
CONTINUOUS
10
75.9810579999999902
20
-112.6624999999999943
11
76.0828829999999954
21
-112.5944629999999904
0
LINE
8
BLACK
6
CONTINUOUS
10
76.0828829999999954
20
-112.5944629999999904
11
76.2277720000000016
21
-112.5344479999999976
0
LINE
8
BLACK
6
CONTINUOUS
10
76.2277720000000016
20
-112.5344479999999976
11
76.3815859999999986
21
-112.5038519999999949
0
LINE
8
BLACK
6
CONTINUOUS
10
76.3815859999999986
20
-112.5038519999999949
11
76.5384140000000031
21
-112.5038519999999949
0
LINE
8
BLACK
6
CONTINUOUS
10
76.5384140000000031
20
-112.5038519999999949
11
76.6922280000000001
21
-112.5344479999999976
0
LINE
8
BLACK
6
CONTINUOUS
10
76.6922280000000001
20
-112.5344479999999976
11
76.8371169999999921
21
-112.5944629999999904
0
LINE
8
BLACK
6
CONTINUOUS
10
76.8371169999999921
20
-112.5944629999999904
11
76.9675149999999917
21
-112.6815919999999949
0
LINE
8
BLACK
6
CONTINUOUS
10
76.9675149999999917
20
-112.6815919999999949
11
77.078407999999996
21
-112.7924849999999992
0
LINE
8
BLACK
6
CONTINUOUS
10
77.078407999999996
20
-112.7924849999999992
11
77.1655370000000005
21
-112.9228829999999988
0
LINE
8
BLACK
6
CONTINUOUS
10
77.1655370000000005
20
-112.9228829999999988
11
77.2255519999999933
21
-113.0677719999999908
0
LINE
8
BLACK
6
CONTINUOUS
10
77.2255519999999933
20
-113.0677719999999908
11
77.256147999999996
21
-113.2215859999999878
0
LINE
8
BLACK
6
CONTINUOUS
10
77.256147999999996
20
-113.2215859999999878
11
77.256147999999996
21
-113.3784139999999923
0
LINE
8
BLACK
6
CONTINUOUS
10
77.256147999999996
20
-113.3784139999999923
11
77.2255519999999933
21
-113.5322279999999893
0
LINE
8
BLACK
6
CONTINUOUS
10
77.2255519999999933
20
-113.5322279999999893
11
77.1655370000000005
21
-113.6771169999999955
0
LINE
8
BLACK
6
CONTINUOUS
10
77.1655370000000005
20
-113.6771169999999955
11
77.078407999999996
21
-113.8075149999999951
0
LINE
8
BLACK
6
CONTINUOUS
10
77.078407999999996
20
-113.8075149999999951
11
76.9675149999999917
21
-113.9184079999999994
0
LINE
8
BLACK
6
CONTINUOUS
10
76.9675149999999917
20
-113.9184079999999994
11
76.8371169999999921
21
-114.0055369999999897
0
LINE
8
BLACK
6
CONTINUOUS
10
76.8371169999999921
20
-114.0055369999999897
11
76.6922280000000001
21
-114.0655519999999967
0
LINE
8
BLACK
6
CONTINUOUS
10
76.6922280000000001
20
-114.0655519999999967
11
76.5384140000000031
21
-114.0961479999999995
0
LINE
8
BLACK
6
CONTINUOUS
10
76.5384140000000031
20
-114.0961479999999995
11
76.3815859999999986
21
-114.0961479999999995
0
LINE
8
BLACK
6
CONTINUOUS
10
76.3815859999999986
20
-114.0961479999999995
11
76.2277720000000016
21
-114.0655519999999967
0
LINE
8
BLACK
6
CONTINUOUS
10
76.2277720000000016
20
-114.0655519999999967
11
76.0828829999999954
21
-114.0055369999999897
0
LINE
8
BLACK
6
CONTINUOUS
10
76.0828829999999954
20
-114.0055369999999897
11
75.9810579999999902
21
-113.9375
0
LINE
8
BLACK
6
CONTINUOUS
10
75.9810579999999902
20
-113.9375
11
69.6799999999999926
21
-113.9375
0
LINE
8
BLACK
6
CONTINUOUS
10
69.6799999999999926
20
-113.9375
11
69.6603180000000037
21
-113.9365329999999972
0
LINE
8
BLACK
6
CONTINUOUS
10
69.6603180000000037
20
-113.9365329999999972
11
69.5294279999999958
21
-113.9365329999999972
0
LINE
8
BLACK
6
CONTINUOUS
10
69.5294279999999958
20
-113.9365329999999972
11
69.3909950000000038
21
-113.9089969999999994
0
LINE
8
BLACK
6
CONTINUOUS
10
69.3909950000000038
20
-113.9089969999999994
11
69.2605939999999975
21
-113.8549829999999901
0
LINE
8
BLACK
6
CONTINUOUS
10
69.2605939999999975
20
-113.8549829999999901
11
69.1432369999999992
21
-113.7765679999999975
0
LINE
8
BLACK
6
CONTINUOUS
10
69.1432369999999992
20
-113.7765679999999975
11
69.0434319999999957
21
-113.676762999999994
0
LINE
8
BLACK
6
CONTINUOUS
10
69.0434319999999957
20
-113.676762999999994
11
68.9650170000000031
21
-113.5594059999999956
0
LINE
8
BLACK
6
CONTINUOUS
10
68.9650170000000031
20
-113.5594059999999956
11
68.9110029999999938
21
-113.4290049999999894
0
LINE
8
BLACK
6
CONTINUOUS
10
68.9110029999999938
20
-113.4290049999999894
11
68.883466999999996
21
-113.2905719999999974
0
LINE
8
BLACK
6
CONTINUOUS
10
68.883466999999996
20
-113.2905719999999974
11
68.883466999999996
21
-113.1494280000000003
0
LINE
8
BLACK
6
CONTINUOUS
10
68.883466999999996
20
-113.1494280000000003
11
68.9110029999999938
21
-113.0109949999999941
0
LINE
8
BLACK
6
CONTINUOUS
10
68.9110029999999938
20
-113.0109949999999941
11
68.9650170000000031
21
-112.8805939999999879
0
LINE
8
BLACK
6
CONTINUOUS
10
68.9650170000000031
20
-112.8805939999999879
11
69.0434319999999957
21
-112.7632369999999895
0
LINE
8
BLACK
6
CONTINUOUS
10
69.0434319999999957
20
-112.7632369999999895
11
69.1432369999999992
21
-112.6634320000000002
0
LINE
8
BLACK
6
CONTINUOUS
10
69.1432369999999992
20
-112.6634320000000002
11
69.2605939999999975
21
-112.5850169999999935
0
LINE
8
BLACK
6
CONTINUOUS
10
69.2605939999999975
20
-112.5850169999999935
11
69.3909950000000038
21
-112.5310029999999983
0
LINE
8
BLACK
6
CONTINUOUS
10
69.3909950000000038
20
-112.5310029999999983
11
69.5294279999999958
21
-112.5034670000000006
0
LINE
8
BLACK
6
CONTINUOUS
10
69.5294279999999958
20
-112.5034670000000006
11
69.6705719999999928
21
-112.5034670000000006
0
LINE
8
BLACK
6
CONTINUOUS
10
69.6705719999999928
20
-112.5034670000000006
11
69.8090049999999991
21
-112.5310029999999983
0
LINE
8
BLACK
6
CONTINUOUS
10
44.0922279999999986
20
-92.664447999999993
11
44.2371169999999978
21
-92.7244630000000001
0
LINE
8
BLACK
6
CONTINUOUS
10
44.2371169999999978
20
-92.7244630000000001
11
44.3675149999999974
21
-92.8115919999999903
0
LINE
8
BLACK
6
CONTINUOUS
10
44.3675149999999974
20
-92.8115919999999903
11
44.4784079999999946
21
-92.9224849999999947
0
LINE
8
BLACK
6
CONTINUOUS
10
44.4784079999999946
20
-92.9224849999999947
11
44.5655369999999991
21
-93.0528829999999942
0
LINE
8
BLACK
6
CONTINUOUS
10
44.5655369999999991
20
-93.0528829999999942
11
44.625551999999999
21
-93.1977720000000005
0
LINE
8
BLACK
6
CONTINUOUS
10
44.625551999999999
20
-93.1977720000000005
11
44.6561479999999946
21
-93.3515859999999975
0
LINE
8
BLACK
6
CONTINUOUS
10
44.6561479999999946
20
-93.3515859999999975
11
44.6561479999999946
21
-93.5084140000000019
0
LINE
8
BLACK
6
CONTINUOUS
10
44.6561479999999946
20
-93.5084140000000019
11
44.625551999999999
21
-93.6622279999999989
0
LINE
8
BLACK
6
CONTINUOUS
10
44.625551999999999
20
-93.6622279999999989
11
44.5655369999999991
21
-93.807116999999991
0
LINE
8
BLACK
6
CONTINUOUS
10
44.5655369999999991
20
-93.807116999999991
11
44.4974999999999952
21
-93.9089409999999987
0
LINE
8
BLACK
6
CONTINUOUS
10
44.4974999999999952
20
-93.9089409999999987
11
44.4974999999999952
21
-99.9059379999999919
0
LINE
8
BLACK
6
CONTINUOUS
10
44.4974999999999952
20
-99.9059379999999919
11
47.6890609999999953
21
-103.0974999999999966
0
LINE
8
BLACK
6
CONTINUOUS
10
47.6890609999999953
20
-103.0974999999999966
11
50.1766709999999989
21
-103.0974999999999966
0
LINE
8
BLACK
6
CONTINUOUS
10
50.1766709999999989
20
-103.0974999999999966
11
50.3009950000000003
21
-103.0460029999999989
0
LINE
8
BLACK
6
CONTINUOUS
10
50.3009950000000003
20
-103.0460029999999989
11
50.4394279999999995
21
-103.0184670000000011
0
LINE
8
BLACK
6
CONTINUOUS
10
50.4394279999999995
20
-103.0184670000000011
11
50.5805719999999965
21
-103.0184670000000011
0
LINE
8
BLACK
6
CONTINUOUS
10
50.5805719999999965
20
-103.0184670000000011
11
50.7190049999999957
21
-103.0460029999999989
0
LINE
8
BLACK
6
CONTINUOUS
10
50.7190049999999957
20
-103.0460029999999989
11
50.8494059999999948
21
-103.100016999999994
0
LINE
8
BLACK
6
CONTINUOUS
10
50.8494059999999948
20
-103.100016999999994
11
50.9667630000000003
21
-103.1784320000000008
0
LINE
8
BLACK
6
CONTINUOUS
10
50.9667630000000003
20
-103.1784320000000008
11
51.0665679999999966
21
-103.2782369999999901
0
LINE
8
BLACK
6
CONTINUOUS
10
51.0665679999999966
20
-103.2782369999999901
11
51.1449829999999963
21
-103.3955939999999885
0
LINE
8
BLACK
6
CONTINUOUS
10
51.1449829999999963
20
-103.3955939999999885
11
51.1989969999999985
21
-103.5259949999999947
0
LINE
8
BLACK
6
CONTINUOUS
10
51.1989969999999985
20
-103.5259949999999947
11
51.2265329999999963
21
-103.6644280000000009
0
LINE
8
BLACK
6
CONTINUOUS
10
51.2265329999999963
20
-103.6644280000000009
11
51.2265329999999963
21
-103.805571999999998
0
LINE
8
BLACK
6
CONTINUOUS
10
51.2265329999999963
20
-103.805571999999998
11
51.1989969999999985
21
-103.94400499999999
0
LINE
8
BLACK
6
CONTINUOUS
10
51.1989969999999985
20
-103.94400499999999
11
51.1449829999999963
21
-104.0744059999999962
0
LINE
8
BLACK
6
CONTINUOUS
10
51.1449829999999963
20
-104.0744059999999962
11
51.0665679999999966
21
-104.1917629999999946
0
LINE
8
BLACK
6
CONTINUOUS
10
51.0665679999999966
20
-104.1917629999999946
11
50.9667630000000003
21
-104.2915679999999981
0
LINE
8
BLACK
6
CONTINUOUS
10
50.9667630000000003
20
-104.2915679999999981
11
50.8494059999999948
21
-104.3699829999999906
0
LINE
8
BLACK
6
CONTINUOUS
10
50.8494059999999948
20
-104.3699829999999906
11
50.7190049999999957
21
-104.423997
0
LINE
8
BLACK
6
CONTINUOUS
10
50.7190049999999957
20
-104.423997
11
50.5805719999999965
21
-104.4515329999999977
0
LINE
8
BLACK
6
CONTINUOUS
10
50.5805719999999965
20
-104.4515329999999977
11
50.4394279999999995
21
-104.4515329999999977
0
LINE
8
BLACK
6
CONTINUOUS
10
50.4394279999999995
20
-104.4515329999999977
11
50.3009950000000003
21
-104.423997
0
LINE
8
BLACK
6
CONTINUOUS
10
50.3009950000000003
20
-104.423997
11
50.1766709999999989
21
-104.3725000000000023
0
LINE
8
BLACK
6
CONTINUOUS
10
50.1766709999999989
20
-104.3725000000000023
11
47.4249999999999972
21
-104.3725000000000023
0
LINE
8
BLACK
6
CONTINUOUS
10
47.4249999999999972
20
-104.3725000000000023
11
47.3625139999999973
21
-104.3694299999999942
0
LINE
8
BLACK
6
CONTINUOUS
10
47.3625139999999973
20
-104.3694299999999942
11
47.2399429999999967
21
-104.3450489999999888
0
LINE
8
BLACK
6
CONTINUOUS
10
47.2399429999999967
20
-104.3450489999999888
11
47.1901650000000004
21
-104.3244299999999924
0
LINE
8
BLACK
6
CONTINUOUS
10
47.1901650000000004
20
-104.3244299999999924
11
47.124485
21
-104.2972249999999974
0
LINE
8
BLACK
6
CONTINUOUS
10
47.124485
20
-104.2972249999999974
11
47.0205739999999963
21
-104.2277939999999887
0
LINE
8
BLACK
6
CONTINUOUS
10
47.0205739999999963
20
-104.2277939999999887
11
46.9742189999999979
21
-104.1857799999999941
0
LINE
8
BLACK
6
CONTINUOUS
10
46.9742189999999979
20
-104.1857799999999941
11
43.4092190000000002
21
-100.6207809999999938
0
LINE
8
BLACK
6
CONTINUOUS
10
43.4092190000000002
20
-100.6207809999999938
11
43.3672149999999945
21
-100.574434999999994
0
LINE
8
BLACK
6
CONTINUOUS
10
43.3672149999999945
20
-100.574434999999994
11
43.3672059999999959
21
-100.5744260000000025
0
LINE
8
BLACK
6
CONTINUOUS
10
43.3672059999999959
20
-100.5744260000000025
11
43.2977750000000015
21
-100.4705149999999918
0
LINE
8
BLACK
6
CONTINUOUS
10
43.2977750000000015
20
-100.4705149999999918
11
43.2535370000000015
21
-100.3637140000000016
0
LINE
8
BLACK
6
CONTINUOUS
10
43.2535370000000015
20
-100.3637140000000016
11
43.2499509999999958
21
-100.3550570000000022
0
LINE
8
BLACK
6
CONTINUOUS
10
43.2499509999999958
20
-100.3550570000000022
11
43.2255699999999976
21
-100.2324859999999944
0
LINE
8
BLACK
6
CONTINUOUS
10
43.2255699999999976
20
-100.2324859999999944
11
43.2224999999999966
21
-100.1700000000000017
0
LINE
8
BLACK
6
CONTINUOUS
10
43.2224999999999966
20
-100.1700000000000017
11
43.2224999999999966
21
-93.9089409999999987
0
LINE
8
BLACK
6
CONTINUOUS
10
43.2224999999999966
20
-93.9089409999999987
11
43.1544629999999998
21
-93.807116999999991
0
LINE
8
BLACK
6
CONTINUOUS
10
43.1544629999999998
20
-93.807116999999991
11
43.0944479999999999
21
-93.6622279999999989
0
LINE
8
BLACK
6
CONTINUOUS
10
43.0944479999999999
20
-93.6622279999999989
11
43.0638519999999971
21
-93.5084140000000019
0
LINE
8
BLACK
6
CONTINUOUS
10
43.0638519999999971
20
-93.5084140000000019
11
43.0638519999999971
21
-93.3515859999999975
0
LINE
8
BLACK
6
CONTINUOUS
10
43.0638519999999971
20
-93.3515859999999975
11
43.0944479999999999
21
-93.1977720000000005
0
LINE
8
BLACK
6
CONTINUOUS
10
43.0944479999999999
20
-93.1977720000000005
11
43.1544629999999998
21
-93.0528829999999942
0
LINE
8
BLACK
6
CONTINUOUS
10
43.1544629999999998
20
-93.0528829999999942
11
43.2415919999999971
21
-92.9224849999999947
0
LINE
8
BLACK
6
CONTINUOUS
10
43.2415919999999971
20
-92.9224849999999947
11
43.3524850000000015
21
-92.8115919999999903
0
LINE
8
BLACK
6
CONTINUOUS
10
43.3524850000000015
20
-92.8115919999999903
11
43.4828830000000011
21
-92.7244630000000001
0
LINE
8
BLACK
6
CONTINUOUS
10
43.4828830000000011
20
-92.7244630000000001
11
43.6277720000000002
21
-92.664447999999993
0
LINE
8
BLACK
6
CONTINUOUS
10
43.6277720000000002
20
-92.664447999999993
11
43.7815859999999972
21
-92.6338519999999903
0
LINE
8
BLACK
6
CONTINUOUS
10
43.7815859999999972
20
-92.6338519999999903
11
43.9384139999999945
21
-92.6338519999999903
0
LINE
8
BLACK
6
CONTINUOUS
10
43.9384139999999945
20
-92.6338519999999903
11
44.0922279999999986
21
-92.664447999999993
0
LINE
8
BLACK
6
CONTINUOUS
10
93.103170999999989
20
-102.60902999999999
11
93.1842769999999945
21
-102.6632230000000021
0
LINE
8
BLACK
6
CONTINUOUS
10
93.1842769999999945
20
-102.6632230000000021
11
93.2384699999999924
21
-102.7443289999999934
0
LINE
8
BLACK
6
CONTINUOUS
10
93.2384699999999924
20
-102.7443289999999934
11
93.2574999999999932
21
-102.8399999999999892
0
LINE
8
BLACK
6
CONTINUOUS
10
93.2574999999999932
20
-102.8399999999999892
11
93.2574999999999932
21
-104.9399999999999977
0
LINE
8
BLACK
6
CONTINUOUS
10
93.2574999999999932
20
-104.9399999999999977
11
93.2384699999999924
21
-105.0356709999999936
0
LINE
8
BLACK
6
CONTINUOUS
10
93.2384699999999924
20
-105.0356709999999936
11
93.1842769999999945
21
-105.116776999999999
0
LINE
8
BLACK
6
CONTINUOUS
10
93.1842769999999945
20
-105.116776999999999
11
93.103170999999989
21
-105.170969999999997
0
LINE
8
BLACK
6
CONTINUOUS
10
93.103170999999989
20
-105.170969999999997
11
93.0074999999999932
21
-105.1899999999999977
0
LINE
8
BLACK
6
CONTINUOUS
10
93.0074999999999932
20
-105.1899999999999977
11
90.9074999999999989
21
-105.1899999999999977
0
LINE
8
BLACK
6
CONTINUOUS
10
90.9074999999999989
20
-105.1899999999999977
11
90.8118289999999888
21
-105.170969999999997
0
LINE
8
BLACK
6
CONTINUOUS
10
90.8118289999999888
20
-105.170969999999997
11
90.7307229999999976
21
-105.116776999999999
0
LINE
8
BLACK
6
CONTINUOUS
10
90.7307229999999976
20
-105.116776999999999
11
90.6765299999999996
21
-105.0356709999999936
0
LINE
8
BLACK
6
CONTINUOUS
10
90.6765299999999996
20
-105.0356709999999936
11
90.6574999999999989
21
-104.9399999999999977
0
LINE
8
BLACK
6
CONTINUOUS
10
90.6574999999999989
20
-104.9399999999999977
11
90.6574999999999989
21
-104.4975000000000023
0
LINE
8
BLACK
6
CONTINUOUS
10
90.6574999999999989
20
-104.4975000000000023
11
84.6274999999999977
21
-104.4975000000000023
0
LINE
8
BLACK
6
CONTINUOUS
10
84.6274999999999977
20
-104.4975000000000023
11
84.6274999999999977
21
-112.6724999999999994
0
LINE
8
BLACK
6
CONTINUOUS
10
84.6274999999999977
20
-112.6724999999999994
11
87.6199999999999903
21
-112.6724999999999994
0
LINE
8
BLACK
6
CONTINUOUS
10
87.6199999999999903
20
-112.6724999999999994
11
87.6199999999999903
21
-112.4599999999999937
0
LINE
8
BLACK
6
CONTINUOUS
10
87.6199999999999903
20
-112.4599999999999937
11
89.3199999999999932
21
-112.4599999999999937
0
LINE
8
BLACK
6
CONTINUOUS
10
89.3199999999999932
20
-112.4599999999999937
11
89.3199999999999932
21
-114.1599999999999966
0
LINE
8
BLACK
6
CONTINUOUS
10
89.3199999999999932
20
-114.1599999999999966
11
87.6199999999999903
21
-114.1599999999999966
0
LINE
8
BLACK
6
CONTINUOUS
10
87.6199999999999903
20
-114.1599999999999966
11
87.6199999999999903
21
-113.9474999999999909
0
LINE
8
BLACK
6
CONTINUOUS
10
87.6199999999999903
20
-113.9474999999999909
11
84.5439760000000007
21
-113.9474999999999909
0
LINE
8
BLACK
6
CONTINUOUS
10
84.5439760000000007
20
-113.9474999999999909
11
84.4571169999999967
21
-114.0055369999999897
0
LINE
8
BLACK
6
CONTINUOUS
10
84.4571169999999967
20
-114.0055369999999897
11
84.3122279999999904
21
-114.0655519999999967
0
LINE
8
BLACK
6
CONTINUOUS
10
84.3122279999999904
20
-114.0655519999999967
11
84.1584139999999934
21
-114.0961479999999995
0
LINE
8
BLACK
6
CONTINUOUS
10
84.1584139999999934
20
-114.0961479999999995
11
84.0015860000000032
21
-114.0961479999999995
0
LINE
8
BLACK
6
CONTINUOUS
10
84.0015860000000032
20
-114.0961479999999995
11
83.847771999999992
21
-114.0655519999999967
0
LINE
8
BLACK
6
CONTINUOUS
10
83.847771999999992
20
-114.0655519999999967
11
83.7028829999999999
21
-114.0055369999999897
0
LINE
8
BLACK
6
CONTINUOUS
10
83.7028829999999999
20
-114.0055369999999897
11
83.5724850000000004
21
-113.9184079999999994
0
LINE
8
BLACK
6
CONTINUOUS
10
83.5724850000000004
20
-113.9184079999999994
11
83.461591999999996
21
-113.8075149999999951
0
LINE
8
BLACK
6
CONTINUOUS
10
83.461591999999996
20
-113.8075149999999951
11
83.3744629999999916
21
-113.6771169999999955
0
LINE
8
BLACK
6
CONTINUOUS
10
83.3744629999999916
20
-113.6771169999999955
11
83.3144479999999987
21
-113.5322279999999893
0
LINE
8
BLACK
6
CONTINUOUS
10
83.3144479999999987
20
-113.5322279999999893
11
83.283851999999996
21
-113.3784139999999923
0
LINE
8
BLACK
6
CONTINUOUS
10
83.283851999999996
20
-113.3784139999999923
11
83.283851999999996
21
-113.2215859999999878
0
LINE
8
BLACK
6
CONTINUOUS
10
83.283851999999996
20
-113.2215859999999878
11
83.3144479999999987
21
-113.0677719999999908
0
LINE
8
BLACK
6
CONTINUOUS
10
83.3144479999999987
20
-113.0677719999999908
11
83.352499999999992
21
-112.9759059999999948
0
LINE
8
BLACK
6
CONTINUOUS
10
83.352499999999992
20
-112.9759059999999948
11
83.352499999999992
21
-104.3389409999999913
0
LINE
8
BLACK
6
CONTINUOUS
10
83.352499999999992
20
-104.3389409999999913
11
83.2844630000000024
21
-104.2371169999999978
0
LINE
8
BLACK
6
CONTINUOUS
10
83.2844630000000024
20
-104.2371169999999978
11
83.2244479999999953
21
-104.0922279999999915
0
LINE
8
BLACK
6
CONTINUOUS
10
83.2244479999999953
20
-104.0922279999999915
11
83.1938519999999926
21
-103.9384139999999945
0
LINE
8
BLACK
6
CONTINUOUS
10
83.1938519999999926
20
-103.9384139999999945
11
83.1938519999999926
21
-103.7815859999999901
0
LINE
8
BLACK
6
CONTINUOUS
10
83.1938519999999926
20
-103.7815859999999901
11
83.2244479999999953
21
-103.6277719999999931
0
LINE
8
BLACK
6
CONTINUOUS
10
83.2244479999999953
20
-103.6277719999999931
11
83.2844630000000024
21
-103.4828830000000011
0
LINE
8
BLACK
6
CONTINUOUS
10
83.2844630000000024
20
-103.4828830000000011
11
83.3715919999999926
21
-103.3524850000000015
0
LINE
8
BLACK
6
CONTINUOUS
10
83.3715919999999926
20
-103.3524850000000015
11
83.4824849999999969
21
-103.2415919999999971
0
LINE
8
BLACK
6
CONTINUOUS
10
83.4824849999999969
20
-103.2415919999999971
11
83.6128829999999965
21
-103.1544629999999927
0
LINE
8
BLACK
6
CONTINUOUS
10
83.6128829999999965
20
-103.1544629999999927
11
83.7577720000000028
21
-103.0944479999999999
0
LINE
8
BLACK
6
CONTINUOUS
10
83.7577720000000028
20
-103.0944479999999999
11
83.9115859999999998
21
-103.0638519999999971
0
LINE
8
BLACK
6
CONTINUOUS
10
83.9115859999999998
20
-103.0638519999999971
11
84.06841399999999
21
-103.0638519999999971
0
LINE
8
BLACK
6
CONTINUOUS
10
84.06841399999999
20
-103.0638519999999971
11
84.2222280000000012
21
-103.0944479999999999
0
LINE
8
BLACK
6
CONTINUOUS
10
84.2222280000000012
20
-103.0944479999999999
11
84.3671169999999933
21
-103.1544629999999927
0
LINE
8
BLACK
6
CONTINUOUS
10
84.3671169999999933
20
-103.1544629999999927
11
84.4689419999999984
21
-103.2224999999999966
0
LINE
8
BLACK
6
CONTINUOUS
10
84.4689419999999984
20
-103.2224999999999966
11
90.6574999999999989
21
-103.2224999999999966
0
LINE
8
BLACK
6
CONTINUOUS
10
90.6574999999999989
20
-103.2224999999999966
11
90.6574999999999989
21
-102.8399999999999892
0
LINE
8
BLACK
6
CONTINUOUS
10
90.6574999999999989
20
-102.8399999999999892
11
90.6765299999999996
21
-102.7443289999999934
0
LINE
8
BLACK
6
CONTINUOUS
10
90.6765299999999996
20
-102.7443289999999934
11
90.7307229999999976
21
-102.6632230000000021
0
LINE
8
BLACK
6
CONTINUOUS
10
90.7307229999999976
20
-102.6632230000000021
11
90.8118289999999888
21
-102.60902999999999
0
LINE
8
BLACK
6
CONTINUOUS
10
90.8118289999999888
20
-102.60902999999999
11
90.9074999999999989
21
-102.5899999999999892
0
LINE
8
BLACK
6
CONTINUOUS
10
90.9074999999999989
20
-102.5899999999999892
11
93.0074999999999932
21
-102.5899999999999892
0
LINE
8
BLACK
6
CONTINUOUS
10
93.0074999999999932
20
-102.5899999999999892
11
93.103170999999989
21
-102.60902999999999
0
LINE
8
BLACK
6
CONTINUOUS
10
99.8825259999999986
20
-67.1702069999999907
11
99.9517669999999896
21
-67.2254259999999988
0
LINE
8
BLACK
6
CONTINUOUS
10
99.9517669999999896
20
-67.2254259999999988
11
99.9901940000000025
21
-67.3052179999999964
0
LINE
8
BLACK
6
CONTINUOUS
10
99.9901940000000025
20
-67.3052179999999964
11
99.9951829999999973
21
-67.3494999999999919
0
LINE
8
BLACK
6
CONTINUOUS
10
99.9951829999999973
20
-67.3494999999999919
11
99.9951829999999973
21
-151.246183000000002
0
LINE
8
BLACK
6
CONTINUOUS
10
99.9951829999999973
20
-151.246183000000002
11
99.9754760000000005
21
-151.3325260000000014
0
LINE
8
BLACK
6
CONTINUOUS
10
99.9754760000000005
20
-151.3325260000000014
11
99.9202569999999923
21
-151.4017670000000066
0
LINE
8
BLACK
6
CONTINUOUS
10
99.9202569999999923
20
-151.4017670000000066
11
99.8404649999999947
21
-151.4401939999999911
0
LINE
8
BLACK
6
CONTINUOUS
10
99.8404649999999947
20
-151.4401939999999911
11
99.7961829999999992
21
-151.4451829999999859
0
LINE
8
BLACK
6
CONTINUOUS
10
99.7961829999999992
20
-151.4451829999999859
11
33.6189999999999998
21
-151.4451829999999859
0
LINE
8
BLACK
6
CONTINUOUS
10
33.6189999999999998
20
-151.4451829999999859
11
33.5326570000000004
21
-151.4254760000000033
0
LINE
8
BLACK
6
CONTINUOUS
10
33.5326570000000004
20
-151.4254760000000033
11
33.4634159999999952
21
-151.370256999999981
0
LINE
8
BLACK
6
CONTINUOUS
10
33.4634159999999952
20
-151.370256999999981
11
33.4249889999999965
21
-151.2904649999999833
0
LINE
8
BLACK
6
CONTINUOUS
10
33.4249889999999965
20
-151.2904649999999833
11
33.4200000000000017
21
-151.246183000000002
0
LINE
8
BLACK
6
CONTINUOUS
10
33.4200000000000017
20
-151.246183000000002
11
33.4200000000000017
21
-78.3204369999999983
0
LINE
8
BLACK
6
CONTINUOUS
10
33.4200000000000017
20
-78.3204369999999983
11
33.4200000000000017
21
-67.3494999999999919
0
LINE
8
BLACK
6
CONTINUOUS
10
33.4200000000000017
20
-67.3494999999999919
11
33.4397069999999985
21
-67.2631569999999925
0
LINE
8
BLACK
6
CONTINUOUS
10
33.4397069999999985
20
-67.2631569999999925
11
33.4949259999999995
21
-67.1939160000000015
0
LINE
8
BLACK
6
CONTINUOUS
10
33.4949259999999995
20
-67.1939160000000015
11
33.5747179999999972
21
-67.1554890000000029
0
LINE
8
BLACK
6
CONTINUOUS
10
33.5747179999999972
20
-67.1554890000000029
11
33.6189999999999998
21
-67.1504999999999939
0
LINE
8
BLACK
6
CONTINUOUS
10
33.6189999999999998
20
-67.1504999999999939
11
99.7961829999999992
21
-67.1504999999999939
0
LINE
8
BLACK
6
CONTINUOUS
10
99.7961829999999992
20
-67.1504999999999939
11
99.8825259999999986
21
-67.1702069999999907
0
LINE
8
BLACK
6
CONTINUOUS
10
74.5459239999999994
20
-119.061357000000001
11
74.3554699999999968
21
-119.0915219999999977
0
LINE
8
BLACK
6
CONTINUOUS
10
74.3554699999999968
20
-119.0915219999999977
11
74.3554630000000003
21
-119.0915229999999951
0
LINE
8
BLACK
6
CONTINUOUS
10
74.3554630000000003
20
-119.0915229999999951
11
74.1607869999999991
21
-119.1547769999999957
0
LINE
8
BLACK
6
CONTINUOUS
10
74.1607869999999991
20
-119.1547769999999957
11
74.1607679999999903
21
-119.1547849999999897
0
LINE
8
BLACK
6
CONTINUOUS
10
74.1607679999999903
20
-119.1547849999999897
11
73.9783999999999935
21
-119.2477059999999938
0
LINE
8
BLACK
6
CONTINUOUS
10
73.9783999999999935
20
-119.2477059999999938
11
73.9783899999999903
21
-119.2477119999999928
0
LINE
8
BLACK
6
CONTINUOUS
10
73.9783899999999903
20
-119.2477119999999928
11
73.812782999999996
21
-119.3680319999999995
0
LINE
8
BLACK
6
CONTINUOUS
10
73.812782999999996
20
-119.3680319999999995
11
73.8127789999999919
21
-119.3680349999999919
0
LINE
8
BLACK
6
CONTINUOUS
10
73.8127789999999919
20
-119.3680349999999919
11
73.6680350000000033
21
-119.5127789999999948
0
LINE
8
BLACK
6
CONTINUOUS
10
73.6680350000000033
20
-119.5127789999999948
11
73.6680319999999966
21
-119.5127829999999989
0
LINE
8
BLACK
6
CONTINUOUS
10
73.6680319999999966
20
-119.5127829999999989
11
73.54771199999999
21
-119.6783899999999932
0
LINE
8
BLACK
6
CONTINUOUS
10
73.54771199999999
20
-119.6783899999999932
11
73.5477059999999909
21
-119.6783999999999963
0
LINE
8
BLACK
6
CONTINUOUS
10
73.5477059999999909
20
-119.6783999999999963
11
73.4547850000000011
21
-119.8607679999999931
0
LINE
8
BLACK
6
CONTINUOUS
10
73.4547850000000011
20
-119.8607679999999931
11
73.4547769999999929
21
-119.8607869999999878
0
LINE
8
BLACK
6
CONTINUOUS
10
73.4547769999999929
20
-119.8607869999999878
11
73.3915229999999923
21
-120.0554629999999889
0
LINE
8
BLACK
6
CONTINUOUS
10
73.3915229999999923
20
-120.0554629999999889
11
73.3915219999999948
21
-120.0554699999999997
0
LINE
8
BLACK
6
CONTINUOUS
10
73.3915219999999948
20
-120.0554699999999997
11
73.359499999999997
21
-120.2576490000000007
0
LINE
8
BLACK
6
CONTINUOUS
10
73.359499999999997
20
-120.2576490000000007
11
73.359499999999997
21
-120.4623500000000007
0
LINE
8
BLACK
6
CONTINUOUS
10
73.359499999999997
20
-120.4623500000000007
11
73.3915219999999948
21
-120.6645289999999875
0
LINE
8
BLACK
6
CONTINUOUS
10
73.3915219999999948
20
-120.6645289999999875
11
73.3915229999999923
21
-120.6645359999999982
0
LINE
8
BLACK
6
CONTINUOUS
10
73.3915229999999923
20
-120.6645359999999982
11
73.4547769999999929
21
-120.8592119999999994
0
LINE
8
BLACK
6
CONTINUOUS
10
73.4547769999999929
20
-120.8592119999999994
11
73.4547850000000011
21
-120.8592309999999941
0
LINE
8
BLACK
6
CONTINUOUS
10
73.4547850000000011
20
-120.8592309999999941
11
73.5477059999999909
21
-121.0415989999999908
0
LINE
8
BLACK
6
CONTINUOUS
10
73.5477059999999909
20
-121.0415989999999908
11
73.54771199999999
21
-121.041608999999994
0
LINE
8
BLACK
6
CONTINUOUS
10
73.54771199999999
20
-121.041608999999994
11
73.5477130000000017
21
-121.0416099999999915
0
LINE
8
BLACK
6
CONTINUOUS
10
73.5477130000000017
20
-121.0416099999999915
11
73.6680339999999916
21
-121.2072189999999949
0
LINE
8
BLACK
6
CONTINUOUS
10
73.6680339999999916
20
-121.2072189999999949
11
73.8127810000000011
21
-121.3519659999999902
0
LINE
8
BLACK
6
CONTINUOUS
10
73.8127810000000011
20
-121.3519659999999902
11
73.8884070000000008
21
-121.4069109999999938
0
LINE
8
BLACK
6
CONTINUOUS
10
73.8884070000000008
20
-121.4069109999999938
11
73.9783899999999903
21
-121.4722869999999944
0
LINE
8
BLACK
6
CONTINUOUS
10
73.9783899999999903
20
-121.4722869999999944
11
73.9783999999999935
21
-121.4722929999999934
0
LINE
8
BLACK
6
CONTINUOUS
10
73.9783999999999935
20
-121.4722929999999934
11
74.1607679999999903
21
-121.5652139999999974
0
LINE
8
BLACK
6
CONTINUOUS
10
74.1607679999999903
20
-121.5652139999999974
11
74.160775000000001
21
-121.5652159999999924
0
LINE
8
BLACK
6
CONTINUOUS
10
74.160775000000001
20
-121.5652159999999924
11
74.1607810000000001
21
-121.5652199999999965
0
LINE
8
BLACK
6
CONTINUOUS
10
74.1607810000000001
20
-121.5652199999999965
11
74.1607860000000016
21
-121.565220999999994
0
LINE
8
BLACK
6
CONTINUOUS
10
74.1607860000000016
20
-121.565220999999994
11
74.1607869999999991
21
-121.5652219999999915
0
LINE
8
BLACK
6
CONTINUOUS
10
74.1607869999999991
20
-121.5652219999999915
11
74.2047299999999979
21
-121.5794999999999959
0
LINE
8
BLACK
6
CONTINUOUS
10
74.2047299999999979
20
-121.5794999999999959
11
74.3554659999999927
21
-121.6284769999999895
0
LINE
8
BLACK
6
CONTINUOUS
10
74.3554659999999927
20
-121.6284769999999895
11
74.5576480000000004
21
-121.660499999999999
0
LINE
8
BLACK
6
CONTINUOUS
10
74.5576480000000004
20
-121.660499999999999
11
74.5576489999999978
21
-121.660499999999999
0
LINE
8
BLACK
6
CONTINUOUS
10
74.5576489999999978
20
-121.660499999999999
11
74.7623509999999953
21
-121.660499999999999
0
LINE
8
BLACK
6
CONTINUOUS
10
74.7623509999999953
20
-121.660499999999999
11
74.7623519999999928
21
-121.660499999999999
0
LINE
8
BLACK
6
CONTINUOUS
10
74.7623519999999928
20
-121.660499999999999
11
74.9645340000000004
21
-121.6284769999999895
0
LINE
8
BLACK
6
CONTINUOUS
10
74.9645340000000004
20
-121.6284769999999895
11
75.1592189999999931
21
-121.5652199999999965
0
LINE
8
BLACK
6
CONTINUOUS
10
75.1592189999999931
20
-121.5652199999999965
11
75.2485759999999999
21
-121.5196889999999996
0
LINE
8
BLACK
6
CONTINUOUS
10
75.2485759999999999
20
-121.5196889999999996
11
75.3344549999999913
21
-121.4980499999999921
0
LINE
8
BLACK
6
CONTINUOUS
10
75.3344549999999913
20
-121.4980499999999921
11
75.3389209999999991
21
-121.4979999999999905
0
LINE
8
BLACK
6
CONTINUOUS
10
75.3389209999999991
20
-121.4979999999999905
11
80.1029259999999965
21
-121.4979999999999905
0
LINE
8
BLACK
6
CONTINUOUS
10
80.1029259999999965
20
-121.4979999999999905
11
80.1892689999999959
21
-121.5177070000000015
0
LINE
8
BLACK
6
CONTINUOUS
10
80.1892689999999959
20
-121.5177070000000015
11
80.2585100000000011
21
-121.5729259999999954
0
LINE
8
BLACK
6
CONTINUOUS
10
80.2585100000000011
20
-121.5729259999999954
11
80.2969369999999998
21
-121.652717999999993
0
LINE
8
BLACK
6
CONTINUOUS
10
80.2969369999999998
20
-121.652717999999993
11
80.2969369999999998
21
-121.7412819999999982
0
LINE
8
BLACK
6
CONTINUOUS
10
80.2969369999999998
20
-121.7412819999999982
11
80.2622319999999974
21
-121.8162569999999931
0
LINE
8
BLACK
6
CONTINUOUS
10
80.2622319999999974
20
-121.8162569999999931
11
80.2462039999999917
21
-121.8376689999999911
0
LINE
8
BLACK
6
CONTINUOUS
10
80.2462039999999917
20
-121.8376689999999911
11
80.1959090000000003
21
-121.9725169999999963
0
LINE
8
BLACK
6
CONTINUOUS
10
80.1959090000000003
20
-121.9725169999999963
11
80.1894999999999953
21
-122.0321269999999885
0
LINE
8
BLACK
6
CONTINUOUS
10
80.1894999999999953
20
-122.0321269999999885
11
80.1894999999999953
21
-122.0321309999999926
0
LINE
8
BLACK
6
CONTINUOUS
10
80.1894999999999953
20
-122.0321309999999926
11
80.1894999999999953
21
-122.0321319999999901
0
LINE
8
BLACK
6
CONTINUOUS
10
80.1894999999999953
20
-122.0321319999999901
11
80.1894999999999953
21
-123.8278759999999892
0
LINE
8
BLACK
6
CONTINUOUS
10
80.1894999999999953
20
-123.8278759999999892
11
80.1959080000000029
21
-123.887480999999994
0
LINE
8
BLACK
6
CONTINUOUS
10
80.1959080000000029
20
-123.887480999999994
11
80.2462029999999942
21
-124.0223289999999992
0
LINE
8
BLACK
6
CONTINUOUS
10
80.2462029999999942
20
-124.0223289999999992
11
80.2462069999999983
21
-124.0223349999999982
0
LINE
8
BLACK
6
CONTINUOUS
10
80.2462069999999983
20
-124.0223349999999982
11
80.332453000000001
21
-124.1375460000000004
0
LINE
8
BLACK
6
CONTINUOUS
10
80.332453000000001
20
-124.1375460000000004
11
80.3995630000000006
21
-124.1877839999999935
0
LINE
8
BLACK
6
CONTINUOUS
10
80.3995630000000006
20
-124.1877839999999935
11
80.4476689999999905
21
-124.223795999999993
0
LINE
8
BLACK
6
CONTINUOUS
10
80.4476689999999905
20
-124.223795999999993
11
80.5825169999999957
21
-124.2740909999999985
0
LINE
8
BLACK
6
CONTINUOUS
10
80.5825169999999957
20
-124.2740909999999985
11
80.6421270000000021
21
-124.2804999999999893
0
LINE
8
BLACK
6
CONTINUOUS
10
80.6421270000000021
20
-124.2804999999999893
11
82.4378719999999987
21
-124.2804989999999918
0
LINE
8
BLACK
6
CONTINUOUS
10
82.4378719999999987
20
-124.2804989999999918
11
82.4378760000000028
21
-124.2804989999999918
0
LINE
8
BLACK
6
CONTINUOUS
10
82.4378760000000028
20
-124.2804989999999918
11
82.4776119999999935
21
-124.2762269999999916
0
LINE
8
BLACK
6
CONTINUOUS
10
82.4776119999999935
20
-124.2762269999999916
11
82.4974830000000026
21
-124.2740909999999985
0
LINE
8
BLACK
6
CONTINUOUS
10
82.4974830000000026
20
-124.2740909999999985
11
82.6323309999999935
21
-124.223795999999993
0
LINE
8
BLACK
6
CONTINUOUS
10
82.6323309999999935
20
-124.223795999999993
11
82.7475459999999998
21
-124.1375460000000004
0
LINE
8
BLACK
6
CONTINUOUS
10
82.7475459999999998
20
-124.1375460000000004
11
82.7475510000000014
21
-124.1375379999999922
0
LINE
8
BLACK
6
CONTINUOUS
10
82.7475510000000014
20
-124.1375379999999922
11
82.7576059999999956
21
-124.127484999999993
0
LINE
8
BLACK
6
CONTINUOUS
10
82.7576059999999956
20
-124.127484999999993
11
82.7604419999999976
21
-124.1303199999999975
0
LINE
8
BLACK
6
CONTINUOUS
10
82.7604419999999976
20
-124.1303199999999975
11
82.8074009999999987
21
-124.090447999999995
0
LINE
8
BLACK
6
CONTINUOUS
10
82.8074009999999987
20
-124.090447999999995
11
82.8930969999999974
21
-124.0680939999999879
0
LINE
8
BLACK
6
CONTINUOUS
10
82.8930969999999974
20
-124.0680939999999879
11
82.8992190000000022
21
-124.0679999999999978
0
LINE
8
BLACK
6
CONTINUOUS
10
82.8992190000000022
20
-124.0679999999999978
11
90.972999999999999
21
-124.0679999999999978
0
LINE
8
BLACK
6
CONTINUOUS
10
90.972999999999999
20
-124.0679999999999978
11
91.0593429999999984
21
-124.0877069999999947
0
LINE
8
BLACK
6
CONTINUOUS
10
91.0593429999999984
20
-124.0877069999999947
11
91.1285839999999894
21
-124.1429259999999886
0
LINE
8
BLACK
6
CONTINUOUS
10
91.1285839999999894
20
-124.1429259999999886
11
91.1670110000000022
21
-124.2227180000000004
0
LINE
8
BLACK
6
CONTINUOUS
10
91.1670110000000022
20
-124.2227180000000004
11
91.171999999999997
21
-124.2669999999999959
0
LINE
8
BLACK
6
CONTINUOUS
10
91.171999999999997
20
-124.2669999999999959
11
91.171999999999997
21
-124.9512649999999923
0
LINE
8
BLACK
6
CONTINUOUS
10
91.171999999999997
20
-124.9512649999999923
11
91.1622599999999892
21
-125.0127589999999884
0
LINE
8
BLACK
6
CONTINUOUS
10
91.1622599999999892
20
-125.0127589999999884
11
91.1195529999999962
21
-125.1441959999999938
0
LINE
8
BLACK
6
CONTINUOUS
10
91.1195529999999962
20
-125.1441959999999938
11
91.1195510000000013
21
-125.1442049999999995
0
LINE
8
BLACK
6
CONTINUOUS
10
91.1195510000000013
20
-125.1442049999999995
11
91.089500000000001
21
-125.3339449999999999
0
LINE
8
BLACK
6
CONTINUOUS
10
91.089500000000001
20
-125.3339449999999999
11
91.089500000000001
21
-125.5260539999999878
0
LINE
8
BLACK
6
CONTINUOUS
10
91.089500000000001
20
-125.5260539999999878
11
91.1195510000000013
21
-125.7157939999999883
0
LINE
8
BLACK
6
CONTINUOUS
10
91.1195510000000013
20
-125.7157939999999883
11
91.1195529999999962
21
-125.715802999999994
0
LINE
8
BLACK
6
CONTINUOUS
10
91.1195529999999962
20
-125.715802999999994
11
91.1622599999999892
21
-125.8472399999999993
0
LINE
8
BLACK
6
CONTINUOUS
10
91.1622599999999892
20
-125.8472399999999993
11
91.171999999999997
21
-125.9087339999999955
0
LINE
8
BLACK
6
CONTINUOUS
10
91.171999999999997
20
-125.9087339999999955
11
91.171999999999997
21
-130.0961969999999894
0
LINE
8
BLACK
6
CONTINUOUS
10
91.171999999999997
20
-130.0961969999999894
11
91.1522930000000002
21
-130.1825399999999888
0
LINE
8
BLACK
6
CONTINUOUS
10
91.1522930000000002
20
-130.1825399999999888
11
91.1137140000000016
21
-130.2369109999999921
0
LINE
8
BLACK
6
CONTINUOUS
10
91.1137140000000016
20
-130.2369109999999921
11
86.6169110000000018
21
-134.733713999999992
0
LINE
8
BLACK
6
CONTINUOUS
10
86.6169110000000018
20
-134.733713999999992
11
86.541922999999997
21
-134.7808330000000012
0
LINE
8
BLACK
6
CONTINUOUS
10
86.541922999999997
20
-134.7808330000000012
11
86.4761969999999991
21
-134.7920000000000016
0
LINE
8
BLACK
6
CONTINUOUS
10
86.4761969999999991
20
-134.7920000000000016
11
85.5189209999999917
21
-134.7920000000000016
0
LINE
8
BLACK
6
CONTINUOUS
10
85.5189209999999917
20
-134.7920000000000016
11
85.4325779999999924
21
-134.7722929999999906
0
LINE
8
BLACK
6
CONTINUOUS
10
85.4325779999999924
20
-134.7722929999999906
11
85.4285759999999925
21
-134.7703099999999949
0
LINE
8
BLACK
6
CONTINUOUS
10
85.4285759999999925
20
-134.7703099999999949
11
85.3392189999999999
21
-134.7247799999999813
0
LINE
8
BLACK
6
CONTINUOUS
10
85.3392189999999999
20
-134.7247799999999813
11
85.3392139999999984
21
-134.7247779999999864
0
LINE
8
BLACK
6
CONTINUOUS
10
85.3392139999999984
20
-134.7247779999999864
11
85.1445360000000022
21
-134.6615229999999883
0
LINE
8
BLACK
6
CONTINUOUS
10
85.1445360000000022
20
-134.6615229999999883
11
85.1445289999999915
21
-134.6615219999999908
0
LINE
8
BLACK
6
CONTINUOUS
10
85.1445289999999915
20
-134.6615219999999908
11
85.0297350000000023
21
-134.6433399999999949
0
LINE
8
BLACK
6
CONTINUOUS
10
85.0297350000000023
20
-134.6433399999999949
11
84.9423519999999996
21
-134.6295000000000073
0
LINE
8
BLACK
6
CONTINUOUS
10
84.9423519999999996
20
-134.6295000000000073
11
84.737647999999993
21
-134.6295000000000073
0
LINE
8
BLACK
6
CONTINUOUS
10
84.737647999999993
20
-134.6295000000000073
11
84.6781099999999896
21
-134.6389299999999878
0
LINE
8
BLACK
6
CONTINUOUS
10
84.6781099999999896
20
-134.6389299999999878
11
84.5354699999999895
21
-134.6615219999999908
0
LINE
8
BLACK
6
CONTINUOUS
10
84.5354699999999895
20
-134.6615219999999908
11
84.5354629999999929
21
-134.6615229999999883
0
LINE
8
BLACK
6
CONTINUOUS
10
84.5354629999999929
20
-134.6615229999999883
11
84.3407849999999968
21
-134.7247779999999864
0
LINE
8
BLACK
6
CONTINUOUS
10
84.3407849999999968
20
-134.7247779999999864
11
84.3407799999999952
21
-134.7247799999999813
0
LINE
8
BLACK
6
CONTINUOUS
10
84.3407799999999952
20
-134.7247799999999813
11
84.310301999999993
21
-134.7403099999999938
0
LINE
8
BLACK
6
CONTINUOUS
10
84.310301999999993
20
-134.7403099999999938
11
84.2244230000000016
21
-134.7619499999999846
0
LINE
8
BLACK
6
CONTINUOUS
10
84.2244230000000016
20
-134.7619499999999846
11
84.2199569999999937
21
-134.7620000000000005
0
LINE
8
BLACK
6
CONTINUOUS
10
84.2199569999999937
20
-134.7620000000000005
11
83.3339759999999927
21
-134.7620000000000005
0
LINE
8
BLACK
6
CONTINUOUS
10
83.3339759999999927
20
-134.7620000000000005
11
83.2476329999999933
21
-134.7422929999999894
0
LINE
8
BLACK
6
CONTINUOUS
10
83.2476329999999933
20
-134.7422929999999894
11
83.1783920000000023
21
-134.6870739999999955
0
LINE
8
BLACK
6
CONTINUOUS
10
83.1783920000000023
20
-134.6870739999999955
11
83.1399649999999895
21
-134.6072819999999979
0
LINE
8
BLACK
6
CONTINUOUS
10
83.1399649999999895
20
-134.6072819999999979
11
83.1399649999999895
21
-134.5187180000000069
0
LINE
8
BLACK
6
CONTINUOUS
10
83.1399649999999895
20
-134.5187180000000069
11
83.1783920000000023
21
-134.4389259999999808
0
LINE
8
BLACK
6
CONTINUOUS
10
83.1783920000000023
20
-134.4389259999999808
11
83.243631999999991
21
-134.3856899999999825
0
LINE
8
BLACK
6
CONTINUOUS
10
83.243631999999991
20
-134.3856899999999825
11
83.3464359999999971
21
-134.3333079999999882
0
LINE
8
BLACK
6
CONTINUOUS
10
83.3464359999999971
20
-134.3333079999999882
11
83.3464349999999996
21
-134.3333079999999882
0
LINE
8
BLACK
6
CONTINUOUS
10
83.3464349999999996
20
-134.3333079999999882
11
83.3464419999999961
21
-134.3333049999999957
0
LINE
8
BLACK
6
CONTINUOUS
10
83.3464419999999961
20
-134.3333049999999957
11
83.4913569999999936
21
-134.2280179999999916
0
LINE
8
BLACK
6
CONTINUOUS
10
83.4913569999999936
20
-134.2280179999999916
11
85.7080179999999956
21
-132.0113570000000038
0
LINE
8
BLACK
6
CONTINUOUS
10
85.7080179999999956
20
-132.0113570000000038
11
85.8133049999999997
21
-131.8664430000000038
0
LINE
8
BLACK
6
CONTINUOUS
10
85.8133049999999997
20
-131.8664430000000038
11
85.8838349999999906
21
-131.7280179999999916
0
LINE
8
BLACK
6
CONTINUOUS
10
85.8838349999999906
20
-131.7280179999999916
11
85.8946260000000024
21
-131.7068399999999997
0
LINE
8
BLACK
6
CONTINUOUS
10
85.8946260000000024
20
-131.7068399999999997
11
85.949978999999999
21
-131.5364820000000066
0
LINE
8
BLACK
6
CONTINUOUS
10
85.949978999999999
20
-131.5364820000000066
11
85.9526749999999993
21
-131.5194639999999993
0
LINE
8
BLACK
6
CONTINUOUS
10
85.9526749999999993
20
-131.5194639999999993
11
85.9729650000000021
21
-131.3913569999999993
0
LINE
8
BLACK
6
CONTINUOUS
10
85.9729650000000021
20
-131.3913569999999993
11
85.9779999999999944
21
-131.3595629999999801
0
LINE
8
BLACK
6
CONTINUOUS
10
85.9779999999999944
20
-131.3595629999999801
11
85.9779999999999944
21
-128.9889200000000073
0
LINE
8
BLACK
6
CONTINUOUS
10
85.9779999999999944
20
-128.9889200000000073
11
85.9977069999999912
21
-128.902577000000008
0
LINE
8
BLACK
6
CONTINUOUS
10
85.9977069999999912
20
-128.902577000000008
11
85.9996500000000026
21
-128.8986529999999959
0
LINE
8
BLACK
6
CONTINUOUS
10
85.9996500000000026
20
-128.8986529999999959
11
86.0452200000000005
21
-128.8092189999999846
0
LINE
8
BLACK
6
CONTINUOUS
10
86.0452200000000005
20
-128.8092189999999846
11
86.1084769999999935
21
-128.6145339999999919
0
LINE
8
BLACK
6
CONTINUOUS
10
86.1084769999999935
20
-128.6145339999999919
11
86.140500000000003
21
-128.4123519999999985
0
LINE
8
BLACK
6
CONTINUOUS
10
86.140500000000003
20
-128.4123519999999985
11
86.140500000000003
21
-128.207648000000006
0
LINE
8
BLACK
6
CONTINUOUS
10
86.140500000000003
20
-128.207648000000006
11
86.1084769999999935
21
-128.0054659999999842
0
LINE
8
BLACK
6
CONTINUOUS
10
86.1084769999999935
20
-128.0054659999999842
11
86.0452200000000005
21
-127.8107809999999915
0
LINE
8
BLACK
6
CONTINUOUS
10
86.0452200000000005
20
-127.8107809999999915
11
86.0452159999999964
21
-127.8107749999999925
0
LINE
8
BLACK
6
CONTINUOUS
10
86.0452159999999964
20
-127.8107749999999925
11
86.0452140000000014
21
-127.8107679999999959
0
LINE
8
BLACK
6
CONTINUOUS
10
86.0452140000000014
20
-127.8107679999999959
11
85.9522929999999974
21
-127.6283999999999992
0
LINE
8
BLACK
6
CONTINUOUS
10
85.9522929999999974
20
-127.6283999999999992
11
85.9522869999999983
21
-127.628389999999996
0
LINE
8
BLACK
6
CONTINUOUS
10
85.9522869999999983
20
-127.628389999999996
11
85.8319669999999917
21
-127.4627829999999875
0
LINE
8
BLACK
6
CONTINUOUS
10
85.8319669999999917
20
-127.4627829999999875
11
85.8319659999999942
21
-127.4627809999999926
0
LINE
8
BLACK
6
CONTINUOUS
10
85.8319659999999942
20
-127.4627809999999926
11
85.6872189999999989
21
-127.3180339999999973
0
LINE
8
BLACK
6
CONTINUOUS
10
85.6872189999999989
20
-127.3180339999999973
11
85.5216099999999955
21
-127.1977129999999931
0
LINE
8
BLACK
6
CONTINUOUS
10
85.5216099999999955
20
-127.1977129999999931
11
85.5216109999999929
21
-127.1977129999999931
0
LINE
8
BLACK
6
CONTINUOUS
10
85.5216109999999929
20
-127.1977129999999931
11
85.521608999999998
21
-127.1977119999999957
0
LINE
8
BLACK
6
CONTINUOUS
10
85.521608999999998
20
-127.1977119999999957
11
85.5215989999999948
21
-127.1977059999999966
0
LINE
8
BLACK
6
CONTINUOUS
10
85.5215989999999948
20
-127.1977059999999966
11
85.3392309999999981
21
-127.1047849999999926
0
LINE
8
BLACK
6
CONTINUOUS
10
85.3392309999999981
20
-127.1047849999999926
11
85.3392119999999892
21
-127.1047769999999986
0
LINE
8
BLACK
6
CONTINUOUS
10
85.3392119999999892
20
-127.1047769999999986
11
85.1445360000000022
21
-127.041522999999998
0
LINE
8
BLACK
6
CONTINUOUS
10
85.1445360000000022
20
-127.041522999999998
11
85.1445289999999915
21
-127.0415220000000005
0
LINE
8
BLACK
6
CONTINUOUS
10
85.1445289999999915
20
-127.0415220000000005
11
85.0297350000000023
21
-127.0233399999999904
0
LINE
8
BLACK
6
CONTINUOUS
10
85.0297350000000023
20
-127.0233399999999904
11
84.9423519999999996
21
-127.0094999999999885
0
LINE
8
BLACK
6
CONTINUOUS
10
84.9423519999999996
20
-127.0094999999999885
11
84.737647999999993
21
-127.0094999999999885
0
LINE
8
BLACK
6
CONTINUOUS
10
84.737647999999993
20
-127.0094999999999885
11
84.6766349999999903
21
-127.0191629999999918
0
LINE
8
BLACK
6
CONTINUOUS
10
84.6766349999999903
20
-127.0191629999999918
11
84.5354699999999895
21
-127.0415220000000005
0
LINE
8
BLACK
6
CONTINUOUS
10
84.5354699999999895
20
-127.0415220000000005
11
84.5354629999999929
21
-127.041522999999998
0
LINE
8
BLACK
6
CONTINUOUS
10
84.5354629999999929
20
-127.041522999999998
11
84.3407869999999917
21
-127.1047769999999986
0
LINE
8
BLACK
6
CONTINUOUS
10
84.3407869999999917
20
-127.1047769999999986
11
84.3407679999999971
21
-127.1047849999999926
0
LINE
8
BLACK
6
CONTINUOUS
10
84.3407679999999971
20
-127.1047849999999926
11
84.1584000000000003
21
-127.1977059999999966
0
LINE
8
BLACK
6
CONTINUOUS
10
84.1584000000000003
20
-127.1977059999999966
11
84.1583899999999971
21
-127.1977119999999957
0
LINE
8
BLACK
6
CONTINUOUS
10
84.1583899999999971
20
-127.1977119999999957
11
83.9927830000000029
21
-127.3180319999999881
0
LINE
8
BLACK
6
CONTINUOUS
10
83.9927830000000029
20
-127.3180319999999881
11
83.9927789999999987
21
-127.3180349999999947
0
LINE
8
BLACK
6
CONTINUOUS
10
83.9927789999999987
20
-127.3180349999999947
11
83.8480349999999959
21
-127.4627789999999976
0
LINE
8
BLACK
6
CONTINUOUS
10
83.8480349999999959
20
-127.4627789999999976
11
83.8480319999999892
21
-127.4627829999999875
0
LINE
8
BLACK
6
CONTINUOUS
10
83.8480319999999892
20
-127.4627829999999875
11
83.7277119999999968
21
-127.628389999999996
0
LINE
8
BLACK
6
CONTINUOUS
10
83.7277119999999968
20
-127.628389999999996
11
83.7277059999999977
21
-127.6283999999999992
0
LINE
8
BLACK
6
CONTINUOUS
10
83.7277059999999977
20
-127.6283999999999992
11
83.6347849999999937
21
-127.8107679999999959
0
LINE
8
BLACK
6
CONTINUOUS
10
83.6347849999999937
20
-127.8107679999999959
11
83.6347769999999997
21
-127.8107869999999906
0
LINE
8
BLACK
6
CONTINUOUS
10
83.6347769999999997
20
-127.8107869999999906
11
83.5715229999999991
21
-128.0054629999999918
0
LINE
8
BLACK
6
CONTINUOUS
10
83.5715229999999991
20
-128.0054629999999918
11
83.5715229999999991
21
-128.0054659999999842
0
LINE
8
BLACK
6
CONTINUOUS
10
83.5715229999999991
20
-128.0054659999999842
11
83.5442520000000002
21
-128.1776490000000024
0
LINE
8
BLACK
6
CONTINUOUS
10
83.5442520000000002
20
-128.1776490000000024
11
83.5394999999999897
21
-128.2076490000000035
0
LINE
8
BLACK
6
CONTINUOUS
10
83.5394999999999897
20
-128.2076490000000035
11
83.5394999999999897
21
-128.4123500000000035
0
LINE
8
BLACK
6
CONTINUOUS
10
83.5394999999999897
20
-128.4123500000000035
11
83.5715220000000016
21
-128.6145290000000045
0
LINE
8
BLACK
6
CONTINUOUS
10
83.5715220000000016
20
-128.6145290000000045
11
83.5715229999999991
21
-128.6145359999999869
0
LINE
8
BLACK
6
CONTINUOUS
10
83.5715229999999991
20
-128.6145359999999869
11
83.6250299999999953
21
-128.7792120000000011
0
LINE
8
BLACK
6
CONTINUOUS
10
83.6250299999999953
20
-128.7792120000000011
11
83.6347799999999921
21
-128.8092189999999846
0
LINE
8
BLACK
6
CONTINUOUS
10
83.6347799999999921
20
-128.8092189999999846
11
83.6803110000000032
21
-128.8985779999999863
0
LINE
8
BLACK
6
CONTINUOUS
10
83.6803110000000032
20
-128.8985779999999863
11
83.7019499999999965
21
-128.984453000000002
0
LINE
8
BLACK
6
CONTINUOUS
10
83.7019499999999965
20
-128.984453000000002
11
83.7019999999999982
21
-128.9889200000000073
0
LINE
8
BLACK
6
CONTINUOUS
10
83.7019999999999982
20
-128.9889200000000073
11
83.7019999999999982
21
-130.716196999999994
0
LINE
8
BLACK
6
CONTINUOUS
10
83.7019999999999982
20
-130.716196999999994
11
83.6822930000000014
21
-130.8025399999999934
0
LINE
8
BLACK
6
CONTINUOUS
10
83.6822930000000014
20
-130.8025399999999934
11
83.6437140000000028
21
-130.8569109999999966
0
LINE
8
BLACK
6
CONTINUOUS
10
83.6437140000000028
20
-130.8569109999999966
11
82.3369110000000006
21
-132.1637139999999988
0
LINE
8
BLACK
6
CONTINUOUS
10
82.3369110000000006
20
-132.1637139999999988
11
82.2619229999999959
21
-132.210833000000008
0
LINE
8
BLACK
6
CONTINUOUS
10
82.2619229999999959
20
-132.210833000000008
11
82.196196999999998
21
-132.22199999999998
0
LINE
8
BLACK
6
CONTINUOUS
10
82.196196999999998
20
-132.22199999999998
11
79.3044649999999933
21
-132.22199999999998
0
LINE
8
BLACK
6
CONTINUOUS
10
79.3044649999999933
20
-132.22199999999998
11
79.2181219999999939
21
-132.2022929999999974
0
LINE
8
BLACK
6
CONTINUOUS
10
79.2181219999999939
20
-132.2022929999999974
11
79.1488810000000029
21
-132.1470740000000035
0
LINE
8
BLACK
6
CONTINUOUS
10
79.1488810000000029
20
-132.1470740000000035
11
79.1104539999999901
21
-132.0672820000000058
0
LINE
8
BLACK
6
CONTINUOUS
10
79.1104539999999901
20
-132.0672820000000058
11
79.1104539999999901
21
-131.9787179999999864
0
LINE
8
BLACK
6
CONTINUOUS
10
79.1104539999999901
20
-131.9787179999999864
11
79.1488810000000029
21
-131.8989259999999888
0
LINE
8
BLACK
6
CONTINUOUS
10
79.1488810000000029
20
-131.8989259999999888
11
79.1874959999999959
21
-131.862006000000008
0
LINE
8
BLACK
6
CONTINUOUS
10
79.1874959999999959
20
-131.862006000000008
11
79.2568879999999893
21
-131.8115889999999979
0
LINE
8
BLACK
6
CONTINUOUS
10
79.2568879999999893
20
-131.8115889999999979
11
79.2568950000000001
21
-131.8115829999999846
0
LINE
8
BLACK
6
CONTINUOUS
10
79.2568950000000001
20
-131.8115829999999846
11
79.4015830000000022
21
-131.6668949999999825
0
LINE
8
BLACK
6
CONTINUOUS
10
79.4015830000000022
20
-131.6668949999999825
11
79.4015890000000013
21
-131.6668880000000001
0
LINE
8
BLACK
6
CONTINUOUS
10
79.4015890000000013
20
-131.6668880000000001
11
79.5218569999999971
21
-131.5013529999999946
0
LINE
8
BLACK
6
CONTINUOUS
10
79.5218569999999971
20
-131.5013529999999946
11
79.5218579999999946
21
-131.5013509999999997
0
LINE
8
BLACK
6
CONTINUOUS
10
79.5218579999999946
20
-131.5013509999999997
11
79.6147569999999973
21
-131.319026000000008
0
LINE
8
BLACK
6
CONTINUOUS
10
79.6147569999999973
20
-131.319026000000008
11
79.6147579999999948
21
-131.3190229999999872
0
LINE
8
BLACK
6
CONTINUOUS
10
79.6147579999999948
20
-131.3190229999999872
11
79.6779899999999941
21
-131.1244159999999965
0
LINE
8
BLACK
6
CONTINUOUS
10
79.6779899999999941
20
-131.1244159999999965
11
79.6779899999999941
21
-131.1244130000000041
0
LINE
8
BLACK
6
CONTINUOUS
10
79.6779899999999941
20
-131.1244130000000041
11
79.68660899999999
21
-131.0699999999999932
0
LINE
8
BLACK
6
CONTINUOUS
10
79.68660899999999
20
-131.0699999999999932
11
79.1681909999999931
21
-131.0699999999999932
0
LINE
8
BLACK
6
CONTINUOUS
10
79.1681909999999931
20
-131.0699999999999932
11
79.1155370000000033
21
-131.1971169999999915
0
LINE
8
BLACK
6
CONTINUOUS
10
79.1155370000000033
20
-131.1971169999999915
11
79.0284079999999989
21
-131.3275150000000053
0
LINE
8
BLACK
6
CONTINUOUS
10
79.0284079999999989
20
-131.3275150000000053
11
78.9175149999999945
21
-131.4384079999999813
0
LINE
8
BLACK
6
CONTINUOUS
10
78.9175149999999945
20
-131.4384079999999813
11
78.787116999999995
21
-131.5255369999999857
0
LINE
8
BLACK
6
CONTINUOUS
10
78.787116999999995
20
-131.5255369999999857
11
78.6422280000000029
21
-131.585552000000007
0
LINE
8
BLACK
6
CONTINUOUS
10
78.6422280000000029
20
-131.585552000000007
11
78.4884139999999917
21
-131.6161479999999813
0
LINE
8
BLACK
6
CONTINUOUS
10
78.4884139999999917
20
-131.6161479999999813
11
78.4099999999999966
21
-131.6200000000000045
0
LINE
8
BLACK
6
CONTINUOUS
10
78.4099999999999966
20
-131.6200000000000045
11
77.6099999999999994
21
-131.6200000000000045
0
LINE
8
BLACK
6
CONTINUOUS
10
77.6099999999999994
20
-131.6200000000000045
11
77.5315859999999901
21
-131.6161479999999813
0
LINE
8
BLACK
6
CONTINUOUS
10
77.5315859999999901
20
-131.6161479999999813
11
77.3777719999999931
21
-131.585552000000007
0
LINE
8
BLACK
6
CONTINUOUS
10
77.3777719999999931
20
-131.585552000000007
11
77.2328830000000011
21
-131.5255369999999857
0
LINE
8
BLACK
6
CONTINUOUS
10
77.2328830000000011
20
-131.5255369999999857
11
77.1310579999999959
21
-131.4574999999999818
0
LINE
8
BLACK
6
CONTINUOUS
10
77.1310579999999959
20
-131.4574999999999818
11
76.4757979999999975
21
-131.4574999999999818
0
LINE
8
BLACK
6
CONTINUOUS
10
76.4757979999999975
20
-131.4574999999999818
11
76.4981409999999897
21
-131.5013509999999997
0
LINE
8
BLACK
6
CONTINUOUS
10
76.4981409999999897
20
-131.5013509999999997
11
76.4981420000000014
21
-131.5013529999999946
0
LINE
8
BLACK
6
CONTINUOUS
10
76.4981420000000014
20
-131.5013529999999946
11
76.6184099999999972
21
-131.6668880000000001
0
LINE
8
BLACK
6
CONTINUOUS
10
76.6184099999999972
20
-131.6668880000000001
11
76.6184159999999963
21
-131.6668949999999825
0
LINE
8
BLACK
6
CONTINUOUS
10
76.6184159999999963
20
-131.6668949999999825
11
76.7631039999999985
21
-131.8115829999999846
0
LINE
8
BLACK
6
CONTINUOUS
10
76.7631039999999985
20
-131.8115829999999846
11
76.763110999999995
21
-131.8115889999999979
0
LINE
8
BLACK
6
CONTINUOUS
10
76.763110999999995
20
-131.8115889999999979
11
76.8325040000000001
21
-131.862006000000008
0
LINE
8
BLACK
6
CONTINUOUS
10
76.8325040000000001
20
-131.862006000000008
11
76.8907739999999933
21
-131.9286999999999921
0
LINE
8
BLACK
6
CONTINUOUS
10
76.8907739999999933
20
-131.9286999999999921
11
76.9143349999999941
21
-132.0140719999999988
0
LINE
8
BLACK
6
CONTINUOUS
10
76.9143349999999941
20
-132.0140719999999988
11
76.8985210000000023
21
-132.1012120000000039
0
LINE
8
BLACK
6
CONTINUOUS
10
76.8985210000000023
20
-132.1012120000000039
11
76.8464649999999949
21
-132.1728609999999833
0
LINE
8
BLACK
6
CONTINUOUS
10
76.8464649999999949
20
-132.1728609999999833
11
76.7684759999999926
21
-132.2148289999999804
0
LINE
8
BLACK
6
CONTINUOUS
10
76.7684759999999926
20
-132.2148289999999804
11
76.7155350000000027
21
-132.22199999999998
0
LINE
8
BLACK
6
CONTINUOUS
10
76.7155350000000027
20
-132.22199999999998
11
76.2104369999999989
21
-132.22199999999998
0
LINE
8
BLACK
6
CONTINUOUS
10
76.2104369999999989
20
-132.22199999999998
11
76.0335230000000024
21
-132.2500189999999805
0
LINE
8
BLACK
6
CONTINUOUS
10
76.0335230000000024
20
-132.2500189999999805
11
76.0335149999999942
21
-132.2500210000000038
0
LINE
8
BLACK
6
CONTINUOUS
10
76.0335149999999942
20
-132.2500210000000038
11
75.8631649999999951
21
-132.3053710000000081
0
LINE
8
BLACK
6
CONTINUOUS
10
75.8631649999999951
20
-132.3053710000000081
11
75.8631460000000004
21
-132.3053789999999879
0
LINE
8
BLACK
6
CONTINUOUS
10
75.8631460000000004
20
-132.3053789999999879
11
75.7035630000000026
21
-132.3866909999999848
0
LINE
8
BLACK
6
CONTINUOUS
10
75.7035630000000026
20
-132.3866909999999848
11
75.5586389999999994
21
-132.4919840000000022
0
LINE
8
BLACK
6
CONTINUOUS
10
75.5586389999999994
20
-132.4919840000000022
11
73.971983999999992
21
-134.0786389999999813
0
LINE
8
BLACK
6
CONTINUOUS
10
73.971983999999992
20
-134.0786389999999813
11
73.866691000000003
21
-134.2235629999999844
0
LINE
8
BLACK
6
CONTINUOUS
10
73.866691000000003
20
-134.2235629999999844
11
73.7853789999999918
21
-134.3831459999999822
0
LINE
8
BLACK
6
CONTINUOUS
10
73.7853789999999918
20
-134.3831459999999822
11
73.7853719999999953
21
-134.3831619999999987
0
LINE
8
BLACK
6
CONTINUOUS
10
73.7853719999999953
20
-134.3831619999999987
11
73.7564139999999924
21
-134.4722879999999918
0
LINE
8
BLACK
6
CONTINUOUS
10
73.7564139999999924
20
-134.4722879999999918
11
73.7300230000000028
21
-134.5535089999999911
0
LINE
8
BLACK
6
CONTINUOUS
10
73.7300230000000028
20
-134.5535089999999911
11
73.7300189999999986
21
-134.5535250000000076
0
LINE
8
BLACK
6
CONTINUOUS
10
73.7300189999999986
20
-134.5535250000000076
11
73.7019999999999982
21
-134.7304369999999949
0
LINE
8
BLACK
6
CONTINUOUS
10
73.7019999999999982
20
-134.7304369999999949
11
73.7019999999999982
21
-139.5395619999999894
0
LINE
8
BLACK
6
CONTINUOUS
10
73.7019999999999982
20
-139.5395619999999894
11
73.7300189999999986
21
-139.7164760000000001
0
LINE
8
BLACK
6
CONTINUOUS
10
73.7300189999999986
20
-139.7164760000000001
11
73.7300209999999936
21
-139.7164839999999799
0
LINE
8
BLACK
6
CONTINUOUS
10
73.7300209999999936
20
-139.7164839999999799
11
73.7853709999999978
21
-139.8868339999999932
0
LINE
8
BLACK
6
CONTINUOUS
10
73.7853709999999978
20
-139.8868339999999932
11
73.7853789999999918
21
-139.8868530000000021
0
LINE
8
BLACK
6
CONTINUOUS
10
73.7853789999999918
20
-139.8868530000000021
11
73.866691000000003
21
-140.0464359999999999
0
LINE
8
BLACK
6
CONTINUOUS
10
73.866691000000003
20
-140.0464359999999999
11
73.971983999999992
21
-140.1913600000000031
0
LINE
8
BLACK
6
CONTINUOUS
10
73.971983999999992
20
-140.1913600000000031
11
75.4937139999999971
21
-141.7130889999999965
0
LINE
8
BLACK
6
CONTINUOUS
10
75.4937139999999971
20
-141.7130889999999965
11
75.5408329999999921
21
-141.788076999999987
0
LINE
8
BLACK
6
CONTINUOUS
10
75.5408329999999921
20
-141.788076999999987
11
75.5519999999999925
21
-141.8538029999999992
0
LINE
8
BLACK
6
CONTINUOUS
10
75.5519999999999925
20
-141.8538029999999992
11
75.5519999999999925
21
-143.2007899999999836
0
LINE
8
BLACK
6
CONTINUOUS
10
75.5519999999999925
20
-143.2007899999999836
11
75.5322929999999957
21
-143.287132999999983
0
LINE
8
BLACK
6
CONTINUOUS
10
75.5322929999999957
20
-143.287132999999983
11
75.4770740000000018
21
-143.3563739999999882
0
LINE
8
BLACK
6
CONTINUOUS
10
75.4770740000000018
20
-143.3563739999999882
11
75.3972819999999899
21
-143.3948010000000011
0
LINE
8
BLACK
6
CONTINUOUS
10
75.3972819999999899
20
-143.3948010000000011
11
75.3087179999999989
21
-143.3948010000000011
0
LINE
8
BLACK
6
CONTINUOUS
10
75.3087179999999989
20
-143.3948010000000011
11
75.2289260000000013
21
-143.3563739999999882
0
LINE
8
BLACK
6
CONTINUOUS
10
75.2289260000000013
20
-143.3563739999999882
11
75.1920059999999921
21
-143.3177589999999952
0
LINE
8
BLACK
6
CONTINUOUS
10
75.1920059999999921
20
-143.3177589999999952
11
75.0809489999999897
21
-143.1649019999999837
0
LINE
8
BLACK
6
CONTINUOUS
10
75.0809489999999897
20
-143.1649019999999837
11
75.0809429999999907
21
-143.1648950000000013
0
LINE
8
BLACK
6
CONTINUOUS
10
75.0809429999999907
20
-143.1648950000000013
11
74.9451049999999981
21
-143.0290569999999946
0
LINE
8
BLACK
6
CONTINUOUS
10
74.9451049999999981
20
-143.0290569999999946
11
74.7896819999999991
21
-142.9161359999999945
0
LINE
8
BLACK
6
CONTINUOUS
10
74.7896819999999991
20
-142.9161359999999945
11
74.7896829999999966
21
-142.9161359999999945
0
LINE
8
BLACK
6
CONTINUOUS
10
74.7896829999999966
20
-142.9161359999999945
11
74.7896810000000016
21
-142.916134999999997
0
LINE
8
BLACK
6
CONTINUOUS
10
74.7896810000000016
20
-142.916134999999997
11
74.6185090000000031
21
-142.8289179999999874
0
LINE
8
BLACK
6
CONTINUOUS
10
74.6185090000000031
20
-142.8289179999999874
11
74.6185069999999939
21
-142.8289169999999899
0
LINE
8
BLACK
6
CONTINUOUS
10
74.6185069999999939
20
-142.8289169999999899
11
74.6185019999999923
21
-142.828914999999995
0
LINE
8
BLACK
6
CONTINUOUS
10
74.6185019999999923
20
-142.828914999999995
11
74.4358029999999928
21
-142.7695530000000019
0
LINE
8
BLACK
6
CONTINUOUS
10
74.4358029999999928
20
-142.7695530000000019
11
74.4357940000000013
21
-142.769551000000007
0
LINE
8
BLACK
6
CONTINUOUS
10
74.4357940000000013
20
-142.769551000000007
11
74.2460549999999984
21
-142.7394999999999925
0
LINE
8
BLACK
6
CONTINUOUS
10
74.2460549999999984
20
-142.7394999999999925
11
74.0539449999999988
21
-142.7394999999999925
0
LINE
8
BLACK
6
CONTINUOUS
10
74.0539449999999988
20
-142.7394999999999925
11
73.8642049999999983
21
-142.769551000000007
0
LINE
8
BLACK
6
CONTINUOUS
10
73.8642049999999983
20
-142.769551000000007
11
73.8641959999999926
21
-142.7695530000000019
0
LINE
8
BLACK
6
CONTINUOUS
10
73.8641959999999926
20
-142.7695530000000019
11
73.6814969999999931
21
-142.828914999999995
0
LINE
8
BLACK
6
CONTINUOUS
10
73.6814969999999931
20
-142.828914999999995
11
73.6814839999999975
21
-142.8289209999999798
0
LINE
8
BLACK
6
CONTINUOUS
10
73.6814839999999975
20
-142.8289209999999798
11
73.5103170000000006
21
-142.9161359999999945
0
LINE
8
BLACK
6
CONTINUOUS
10
73.5103170000000006
20
-142.9161359999999945
11
73.3548940000000016
21
-143.0290569999999946
0
LINE
8
BLACK
6
CONTINUOUS
10
73.3548940000000016
20
-143.0290569999999946
11
73.2190569999999923
21
-143.1648940000000039
0
LINE
8
BLACK
6
CONTINUOUS
10
73.2190569999999923
20
-143.1648940000000039
11
73.1061359999999922
21
-143.3203169999999886
0
LINE
8
BLACK
6
CONTINUOUS
10
73.1061359999999922
20
-143.3203169999999886
11
73.0189209999999917
21
-143.4914839999999856
0
LINE
8
BLACK
6
CONTINUOUS
10
73.0189209999999917
20
-143.4914839999999856
11
73.0189149999999927
21
-143.4914969999999812
0
LINE
8
BLACK
6
CONTINUOUS
10
73.0189149999999927
20
-143.4914969999999812
11
72.9595529999999997
21
-143.6741959999999949
0
LINE
8
BLACK
6
CONTINUOUS
10
72.9595529999999997
20
-143.6741959999999949
11
72.9595509999999905
21
-143.6742050000000006
0
LINE
8
BLACK
6
CONTINUOUS
10
72.9595509999999905
20
-143.6742050000000006
11
72.9294999999999902
21
-143.8639450000000011
0
LINE
8
BLACK
6
CONTINUOUS
10
72.9294999999999902
20
-143.8639450000000011
11
72.9294999999999902
21
-144.0560539999999889
0
LINE
8
BLACK
6
CONTINUOUS
10
72.9294999999999902
20
-144.0560539999999889
11
72.9595509999999905
21
-144.2457939999999894
0
LINE
8
BLACK
6
CONTINUOUS
10
72.9595509999999905
20
-144.2457939999999894
11
72.9595529999999997
21
-144.2458029999999951
0
LINE
8
BLACK
6
CONTINUOUS
10
72.9595529999999997
20
-144.2458029999999951
11
73.0022599999999926
21
-144.3772400000000005
0
LINE
8
BLACK
6
CONTINUOUS
10
73.0022599999999926
20
-144.3772400000000005
11
73.0120000000000005
21
-144.4387339999999824
0
LINE
8
BLACK
6
CONTINUOUS
10
73.0120000000000005
20
-144.4387339999999824
11
73.0120000000000005
21
-145.3261970000000076
0
LINE
8
BLACK
6
CONTINUOUS
10
73.0120000000000005
20
-145.3261970000000076
11
72.9922930000000036
21
-145.412540000000007
0
LINE
8
BLACK
6
CONTINUOUS
10
72.9922930000000036
20
-145.412540000000007
11
72.9537139999999908
21
-145.4669109999999819
0
LINE
8
BLACK
6
CONTINUOUS
10
72.9537139999999908
20
-145.4669109999999819
11
72.0069110000000023
21
-146.4137139999999988
0
LINE
8
BLACK
6
CONTINUOUS
10
72.0069110000000023
20
-146.4137139999999988
11
71.9319229999999976
21
-146.4608329999999796
0
LINE
8
BLACK
6
CONTINUOUS
10
71.9319229999999976
20
-146.4608329999999796
11
71.8661969999999997
21
-146.47199999999998
0
LINE
8
BLACK
6
CONTINUOUS
10
71.8661969999999997
20
-146.47199999999998
11
65.1489210000000014
21
-146.47199999999998
0
LINE
8
BLACK
6
CONTINUOUS
10
65.1489210000000014
20
-146.47199999999998
11
65.062578000000002
21
-146.4522929999999974
0
LINE
8
BLACK
6
CONTINUOUS
10
65.062578000000002
20
-146.4522929999999974
11
65.0585760000000022
21
-146.4503100000000018
0
LINE
8
BLACK
6
CONTINUOUS
10
65.0585760000000022
20
-146.4503100000000018
11
64.9692189999999954
21
-146.4047799999999881
0
LINE
8
BLACK
6
CONTINUOUS
10
64.9692189999999954
20
-146.4047799999999881
11
64.9692139999999938
21
-146.4047779999999932
0
LINE
8
BLACK
6
CONTINUOUS
10
64.9692139999999938
20
-146.4047779999999932
11
64.7745359999999977
21
-146.3415229999999951
0
LINE
8
BLACK
6
CONTINUOUS
10
64.7745359999999977
20
-146.3415229999999951
11
64.7745290000000011
21
-146.3415219999999977
0
LINE
8
BLACK
6
CONTINUOUS
10
64.7745290000000011
20
-146.3415219999999977
11
64.6597349999999977
21
-146.3233400000000017
0
LINE
8
BLACK
6
CONTINUOUS
10
64.6597349999999977
20
-146.3233400000000017
11
64.5723519999999951
21
-146.3094999999999857
0
LINE
8
BLACK
6
CONTINUOUS
10
64.5723519999999951
20
-146.3094999999999857
11
64.3676480000000026
21
-146.3094999999999857
0
LINE
8
BLACK
6
CONTINUOUS
10
64.3676480000000026
20
-146.3094999999999857
11
64.3118920000000003
21
-146.3183310000000006
0
LINE
8
BLACK
6
CONTINUOUS
10
64.3118920000000003
20
-146.3183310000000006
11
64.1654699999999991
21
-146.3415219999999977
0
LINE
8
BLACK
6
CONTINUOUS
10
64.1654699999999991
20
-146.3415219999999977
11
64.1654630000000026
21
-146.3415229999999951
0
LINE
8
BLACK
6
CONTINUOUS
10
64.1654630000000026
20
-146.3415229999999951
11
63.9707869999999943
21
-146.4047769999999957
0
LINE
8
BLACK
6
CONTINUOUS
10
63.9707869999999943
20
-146.4047769999999957
11
63.9707679999999996
21
-146.4047850000000039
0
LINE
8
BLACK
6
CONTINUOUS
10
63.9707679999999996
20
-146.4047850000000039
11
63.7883999999999958
21
-146.4977059999999938
0
LINE
8
BLACK
6
CONTINUOUS
10
63.7883999999999958
20
-146.4977059999999938
11
63.7883899999999997
21
-146.497712000000007
0
LINE
8
BLACK
6
CONTINUOUS
10
63.7883899999999997
20
-146.497712000000007
11
63.6227829999999983
21
-146.6180319999999995
0
LINE
8
BLACK
6
CONTINUOUS
10
63.6227829999999983
20
-146.6180319999999995
11
63.6227789999999942
21
-146.6180349999999919
0
LINE
8
BLACK
6
CONTINUOUS
10
63.6227789999999942
20
-146.6180349999999919
11
63.4780349999999984
21
-146.7627789999999948
0
LINE
8
BLACK
6
CONTINUOUS
10
63.4780349999999984
20
-146.7627789999999948
11
63.4780319999999989
21
-146.7627829999999847
0
LINE
8
BLACK
6
CONTINUOUS
10
63.4780319999999989
20
-146.7627829999999847
11
63.3577119999999994
21
-146.9283900000000074
0
LINE
8
BLACK
6
CONTINUOUS
10
63.3577119999999994
20
-146.9283900000000074
11
63.3577060000000003
21
-146.9283999999999821
0
LINE
8
BLACK
6
CONTINUOUS
10
63.3577060000000003
20
-146.9283999999999821
11
63.2647849999999963
21
-147.1107680000000073
0
LINE
8
BLACK
6
CONTINUOUS
10
63.2647849999999963
20
-147.1107680000000073
11
63.2647769999999952
21
-147.1107869999999878
0
LINE
8
BLACK
6
CONTINUOUS
10
63.2647769999999952
20
-147.1107869999999878
11
63.2015229999999946
21
-147.3054630000000031
0
LINE
8
BLACK
6
CONTINUOUS
10
63.2015229999999946
20
-147.3054630000000031
11
63.2015219999999971
21
-147.3054699999999855
0
LINE
8
BLACK
6
CONTINUOUS
10
63.2015219999999971
20
-147.3054699999999855
11
63.1694999999999993
21
-147.5076489999999865
0
LINE
8
BLACK
6
CONTINUOUS
10
63.1694999999999993
20
-147.5076489999999865
11
63.1694999999999993
21
-147.7123499999999865
0
LINE
8
BLACK
6
CONTINUOUS
10
63.1694999999999993
20
-147.7123499999999865
11
63.2015219999999971
21
-147.9145289999999875
0
LINE
8
BLACK
6
CONTINUOUS
10
63.2015219999999971
20
-147.9145289999999875
11
63.2015229999999946
21
-147.9145359999999982
0
LINE
8
BLACK
6
CONTINUOUS
10
63.2015229999999946
20
-147.9145359999999982
11
63.2647769999999952
21
-148.1092119999999852
0
LINE
8
BLACK
6
CONTINUOUS
10
63.2647769999999952
20
-148.1092119999999852
11
63.2647849999999963
21
-148.1092309999999941
0
LINE
8
BLACK
6
CONTINUOUS
10
63.2647849999999963
20
-148.1092309999999941
11
63.3577060000000003
21
-148.2915989999999908
0
LINE
8
BLACK
6
CONTINUOUS
10
63.3577060000000003
20
-148.2915989999999908
11
63.3577119999999994
21
-148.291608999999994
0
LINE
8
BLACK
6
CONTINUOUS
10
63.3577119999999994
20
-148.291608999999994
11
63.3577129999999968
21
-148.2916099999999915
0
LINE
8
BLACK
6
CONTINUOUS
10
63.3577129999999968
20
-148.2916099999999915
11
63.4780339999999939
21
-148.4572189999999807
0
LINE
8
BLACK
6
CONTINUOUS
10
63.4780339999999939
20
-148.4572189999999807
11
63.6227809999999963
21
-148.6019660000000044
0
LINE
8
BLACK
6
CONTINUOUS
10
63.6227809999999963
20
-148.6019660000000044
11
63.7090180000000004
21
-148.6646199999999851
0
LINE
8
BLACK
6
CONTINUOUS
10
63.7090180000000004
20
-148.6646199999999851
11
63.7883899999999997
21
-148.7222869999999944
0
LINE
8
BLACK
6
CONTINUOUS
10
63.7883899999999997
20
-148.7222869999999944
11
63.7883999999999958
21
-148.7222929999999792
0
LINE
8
BLACK
6
CONTINUOUS
10
63.7883999999999958
20
-148.7222929999999792
11
63.9707679999999996
21
-148.8152139999999974
0
LINE
8
BLACK
6
CONTINUOUS
10
63.9707679999999996
20
-148.8152139999999974
11
63.9707749999999962
21
-148.8152159999999924
0
LINE
8
BLACK
6
CONTINUOUS
10
63.9707749999999962
20
-148.8152159999999924
11
63.9707809999999952
21
-148.8152199999999823
0
LINE
8
BLACK
6
CONTINUOUS
10
63.9707809999999952
20
-148.8152199999999823
11
64.165465999999995
21
-148.8784770000000037
0
LINE
8
BLACK
6
CONTINUOUS
10
64.165465999999995
20
-148.8784770000000037
11
64.3676480000000026
21
-148.9104999999999848
0
LINE
8
BLACK
6
CONTINUOUS
10
64.3676480000000026
20
-148.9104999999999848
11
64.3676490000000001
21
-148.9104999999999848
0
LINE
8
BLACK
6
CONTINUOUS
10
64.3676490000000001
20
-148.9104999999999848
11
64.5723509999999976
21
-148.9104999999999848
0
LINE
8
BLACK
6
CONTINUOUS
10
64.5723509999999976
20
-148.9104999999999848
11
64.5723519999999951
21
-148.9104999999999848
0
LINE
8
BLACK
6
CONTINUOUS
10
64.5723519999999951
20
-148.9104999999999848
11
64.7745340000000027
21
-148.8784770000000037
0
LINE
8
BLACK
6
CONTINUOUS
10
64.7745340000000027
20
-148.8784770000000037
11
64.9692189999999954
21
-148.8152199999999823
0
LINE
8
BLACK
6
CONTINUOUS
10
64.9692189999999954
20
-148.8152199999999823
11
65.0585760000000022
21
-148.7696889999999996
0
LINE
8
BLACK
6
CONTINUOUS
10
65.0585760000000022
20
-148.7696889999999996
11
65.1444549999999936
21
-148.7480500000000063
0
LINE
8
BLACK
6
CONTINUOUS
10
65.1444549999999936
20
-148.7480500000000063
11
65.1489210000000014
21
-148.7479999999999905
0
LINE
8
BLACK
6
CONTINUOUS
10
65.1489210000000014
20
-148.7479999999999905
11
72.509563
21
-148.7479999999999905
0
LINE
8
BLACK
6
CONTINUOUS
10
72.509563
20
-148.7479999999999905
11
72.686475999999999
21
-148.7199799999999925
0
LINE
8
BLACK
6
CONTINUOUS
10
72.686475999999999
20
-148.7199799999999925
11
72.686475999999999
21
-148.719978999999995
0
LINE
8
BLACK
6
CONTINUOUS
10
72.686475999999999
20
-148.719978999999995
11
72.686481999999998
21
-148.719978999999995
0
LINE
8
BLACK
6
CONTINUOUS
10
72.686481999999998
20
-148.719978999999995
11
72.8568410000000029
21
-148.6646259999999984
0
LINE
8
BLACK
6
CONTINUOUS
10
72.8568410000000029
20
-148.6646259999999984
11
73.0164419999999978
21
-148.5833049999999957
0
LINE
8
BLACK
6
CONTINUOUS
10
73.0164419999999978
20
-148.5833049999999957
11
73.1613569999999953
21
-148.4780179999999916
0
LINE
8
BLACK
6
CONTINUOUS
10
73.1613569999999953
20
-148.4780179999999916
11
75.0180179999999979
21
-146.6213569999999891
0
LINE
8
BLACK
6
CONTINUOUS
10
75.0180179999999979
20
-146.6213569999999891
11
75.123305000000002
21
-146.4764429999999891
0
LINE
8
BLACK
6
CONTINUOUS
10
75.123305000000002
20
-146.4764429999999891
11
75.2010789999999929
21
-146.3238000000000056
0
LINE
8
BLACK
6
CONTINUOUS
10
75.2010789999999929
20
-146.3238000000000056
11
75.2041409999999928
21
-146.3183310000000006
0
LINE
8
BLACK
6
CONTINUOUS
10
75.2041409999999928
20
-146.3183310000000006
11
75.204624999999993
21
-146.3168399999999849
0
LINE
8
BLACK
6
CONTINUOUS
10
75.204624999999993
20
-146.3168399999999849
11
75.2046259999999904
21
-146.3168399999999849
0
LINE
8
BLACK
6
CONTINUOUS
10
75.2046259999999904
20
-146.3168399999999849
11
75.2599790000000013
21
-146.1464819999999918
0
LINE
8
BLACK
6
CONTINUOUS
10
75.2599790000000013
20
-146.1464819999999918
11
75.2879999999999967
21
-145.9695629999999937
0
LINE
8
BLACK
6
CONTINUOUS
10
75.2879999999999967
20
-145.9695629999999937
11
75.2879999999999967
21
-144.7192090000000064
0
LINE
8
BLACK
6
CONTINUOUS
10
75.2879999999999967
20
-144.7192090000000064
11
75.3077069999999935
21
-144.632866000000007
0
LINE
8
BLACK
6
CONTINUOUS
10
75.3077069999999935
20
-144.632866000000007
11
75.3629260000000016
21
-144.5636250000000018
0
LINE
8
BLACK
6
CONTINUOUS
10
75.3629260000000016
20
-144.5636250000000018
11
75.4427179999999993
21
-144.525197999999989
0
LINE
8
BLACK
6
CONTINUOUS
10
75.4427179999999993
20
-144.525197999999989
11
75.5312819999999903
21
-144.525197999999989
0
LINE
8
BLACK
6
CONTINUOUS
10
75.5312819999999903
20
-144.525197999999989
11
75.6110740000000021
21
-144.5636250000000018
0
LINE
8
BLACK
6
CONTINUOUS
10
75.6110740000000021
20
-144.5636250000000018
11
75.6479909999999904
21
-144.6022360000000049
0
LINE
8
BLACK
6
CONTINUOUS
10
75.6479909999999904
20
-144.6022360000000049
11
75.7329769999999911
21
-144.7192090000000064
0
LINE
8
BLACK
6
CONTINUOUS
10
75.7329769999999911
20
-144.7192090000000064
11
75.7590569999999985
21
-144.7551049999999861
0
LINE
8
BLACK
6
CONTINUOUS
10
75.7590569999999985
20
-144.7551049999999861
11
75.8948939999999936
21
-144.8909419999999955
0
LINE
8
BLACK
6
CONTINUOUS
10
75.8948939999999936
20
-144.8909419999999955
11
75.8948970000000003
21
-144.8909439999999904
0
LINE
8
BLACK
6
CONTINUOUS
10
75.8948970000000003
20
-144.8909439999999904
11
75.8948979999999978
21
-144.8909449999999879
0
LINE
8
BLACK
6
CONTINUOUS
10
75.8948979999999978
20
-144.8909449999999879
11
76.0503190000000018
21
-145.0038649999999905
0
LINE
8
BLACK
6
CONTINUOUS
10
76.0503190000000018
20
-145.0038649999999905
11
76.2214910000000003
21
-145.0910820000000001
0
LINE
8
BLACK
6
CONTINUOUS
10
76.2214910000000003
20
-145.0910820000000001
11
76.2214960000000019
21
-145.0910829999999976
0
LINE
8
BLACK
6
CONTINUOUS
10
76.2214960000000019
20
-145.0910829999999976
11
76.2214969999999994
21
-145.0910839999999951
0
LINE
8
BLACK
6
CONTINUOUS
10
76.2214969999999994
20
-145.0910839999999951
11
76.2727589999999935
21
-145.1077400000000068
0
LINE
8
BLACK
6
CONTINUOUS
10
76.2727589999999935
20
-145.1077400000000068
11
76.4041989999999913
21
-145.1504469999999856
0
LINE
8
BLACK
6
CONTINUOUS
10
76.4041989999999913
20
-145.1504469999999856
11
76.5939449999999908
21
-145.180499999999995
0
LINE
8
BLACK
6
CONTINUOUS
10
76.5939449999999908
20
-145.180499999999995
11
76.7860549999999904
21
-145.180499999999995
0
LINE
8
BLACK
6
CONTINUOUS
10
76.7860549999999904
20
-145.180499999999995
11
76.9758009999999899
21
-145.1504469999999856
0
LINE
8
BLACK
6
CONTINUOUS
10
76.9758009999999899
20
-145.1504469999999856
11
77.1072399999999902
21
-145.1077389999999809
0
LINE
8
BLACK
6
CONTINUOUS
10
77.1072399999999902
20
-145.1077389999999809
11
77.1687340000000006
21
-145.0979999999999848
0
LINE
8
BLACK
6
CONTINUOUS
10
77.1687340000000006
20
-145.0979999999999848
11
78.7512660000000011
21
-145.0979999999999848
0
LINE
8
BLACK
6
CONTINUOUS
10
78.7512660000000011
20
-145.0979999999999848
11
78.8127589999999998
21
-145.1077389999999809
0
LINE
8
BLACK
6
CONTINUOUS
10
78.8127589999999998
20
-145.1077389999999809
11
78.9441989999999976
21
-145.1504469999999856
0
LINE
8
BLACK
6
CONTINUOUS
10
78.9441989999999976
20
-145.1504469999999856
11
79.1339449999999971
21
-145.180499999999995
0
LINE
8
BLACK
6
CONTINUOUS
10
79.1339449999999971
20
-145.180499999999995
11
79.3260549999999967
21
-145.180499999999995
0
LINE
8
BLACK
6
CONTINUOUS
10
79.3260549999999967
20
-145.180499999999995
11
79.5158009999999962
21
-145.1504469999999856
0
LINE
8
BLACK
6
CONTINUOUS
10
79.5158009999999962
20
-145.1504469999999856
11
79.6985090000000014
21
-145.0910820000000001
0
LINE
8
BLACK
6
CONTINUOUS
10
79.6985090000000014
20
-145.0910820000000001
11
79.8696809999999999
21
-145.0038649999999905
0
LINE
8
BLACK
6
CONTINUOUS
10
79.8696809999999999
20
-145.0038649999999905
11
80.0251019999999897
21
-144.8909449999999879
0
LINE
8
BLACK
6
CONTINUOUS
10
80.0251019999999897
20
-144.8909449999999879
11
80.1609449999999981
21
-144.7551019999999937
0
LINE
8
BLACK
6
CONTINUOUS
10
80.1609449999999981
20
-144.7551019999999937
11
80.2738650000000007
21
-144.5996810000000039
0
LINE
8
BLACK
6
CONTINUOUS
10
80.2738650000000007
20
-144.5996810000000039
11
80.3610819999999961
21
-144.4285089999999911
0
LINE
8
BLACK
6
CONTINUOUS
10
80.3610819999999961
20
-144.4285089999999911
11
80.4204469999999958
21
-144.2458010000000002
0
LINE
8
BLACK
6
CONTINUOUS
10
80.4204469999999958
20
-144.2458010000000002
11
80.450499999999991
21
-144.0560549999999864
0
LINE
8
BLACK
6
CONTINUOUS
10
80.450499999999991
20
-144.0560549999999864
11
80.450499999999991
21
-143.8639450000000011
0
LINE
8
BLACK
6
CONTINUOUS
10
80.450499999999991
20
-143.8639450000000011
11
80.4204469999999958
21
-143.6741989999999873
0
LINE
8
BLACK
6
CONTINUOUS
10
80.4204469999999958
20
-143.6741989999999873
11
80.3610819999999961
21
-143.4914909999999963
0
LINE
8
BLACK
6
CONTINUOUS
10
80.3610819999999961
20
-143.4914909999999963
11
80.2738650000000007
21
-143.3203189999999836
0
LINE
8
BLACK
6
CONTINUOUS
10
80.2738650000000007
20
-143.3203189999999836
11
80.1609449999999981
21
-143.1648979999999938
0
LINE
8
BLACK
6
CONTINUOUS
10
80.1609449999999981
20
-143.1648979999999938
11
80.1609440000000006
21
-143.1648969999999963
0
LINE
8
BLACK
6
CONTINUOUS
10
80.1609440000000006
20
-143.1648969999999963
11
80.1609419999999915
21
-143.1648940000000039
0
LINE
8
BLACK
6
CONTINUOUS
10
80.1609419999999915
20
-143.1648940000000039
11
80.0251049999999964
21
-143.0290569999999946
0
LINE
8
BLACK
6
CONTINUOUS
10
80.0251049999999964
20
-143.0290569999999946
11
79.8696819999999974
21
-142.9161359999999945
0
LINE
8
BLACK
6
CONTINUOUS
10
79.8696819999999974
20
-142.9161359999999945
11
79.8696829999999949
21
-142.9161359999999945
0
LINE
8
BLACK
6
CONTINUOUS
10
79.8696829999999949
20
-142.9161359999999945
11
79.8696809999999999
21
-142.916134999999997
0
LINE
8
BLACK
6
CONTINUOUS
10
79.8696809999999999
20
-142.916134999999997
11
79.6985090000000014
21
-142.8289179999999874
0
LINE
8
BLACK
6
CONTINUOUS
10
79.6985090000000014
20
-142.8289179999999874
11
79.6985069999999922
21
-142.8289169999999899
0
LINE
8
BLACK
6
CONTINUOUS
10
79.6985069999999922
20
-142.8289169999999899
11
79.6985019999999906
21
-142.828914999999995
0
LINE
8
BLACK
6
CONTINUOUS
10
79.6985019999999906
20
-142.828914999999995
11
79.5158029999999911
21
-142.7695530000000019
0
LINE
8
BLACK
6
CONTINUOUS
10
79.5158029999999911
20
-142.7695530000000019
11
79.5157939999999996
21
-142.769551000000007
0
LINE
8
BLACK
6
CONTINUOUS
10
79.5157939999999996
20
-142.769551000000007
11
79.3260549999999967
21
-142.7394999999999925
0
LINE
8
BLACK
6
CONTINUOUS
10
79.3260549999999967
20
-142.7394999999999925
11
79.1339449999999971
21
-142.7394999999999925
0
LINE
8
BLACK
6
CONTINUOUS
10
79.1339449999999971
20
-142.7394999999999925
11
78.9442049999999966
21
-142.769551000000007
0
LINE
8
BLACK
6
CONTINUOUS
10
78.9442049999999966
20
-142.769551000000007
11
78.9441959999999909
21
-142.7695530000000019
0
LINE
8
BLACK
6
CONTINUOUS
10
78.9441959999999909
20
-142.7695530000000019
11
78.8127599999999973
21
-142.8122599999999807
0
LINE
8
BLACK
6
CONTINUOUS
10
78.8127599999999973
20
-142.8122599999999807
11
78.7512660000000011
21
-142.8220000000000027
0
LINE
8
BLACK
6
CONTINUOUS
10
78.7512660000000011
20
-142.8220000000000027
11
78.027000000000001
21
-142.8220000000000027
0
LINE
8
BLACK
6
CONTINUOUS
10
78.027000000000001
20
-142.8220000000000027
11
77.9406570000000016
21
-142.8022929999999917
0
LINE
8
BLACK
6
CONTINUOUS
10
77.9406570000000016
20
-142.8022929999999917
11
77.8714159999999964
21
-142.7470739999999978
0
LINE
8
BLACK
6
CONTINUOUS
10
77.8714159999999964
20
-142.7470739999999978
11
77.8329889999999978
21
-142.6672820000000002
0
LINE
8
BLACK
6
CONTINUOUS
10
77.8329889999999978
20
-142.6672820000000002
11
77.828000000000003
21
-142.6229999999999905
0
LINE
8
BLACK
6
CONTINUOUS
10
77.828000000000003
20
-142.6229999999999905
11
77.828000000000003
21
-141.2104369999999847
0
LINE
8
BLACK
6
CONTINUOUS
10
77.828000000000003
20
-141.2104369999999847
11
77.7999799999999908
21
-141.0335230000000024
0
LINE
8
BLACK
6
CONTINUOUS
10
77.7999799999999908
20
-141.0335230000000024
11
77.7999779999999959
21
-141.0335149999999942
0
LINE
8
BLACK
6
CONTINUOUS
10
77.7999779999999959
20
-141.0335149999999942
11
77.7707359999999994
21
-140.9435169999999857
0
LINE
8
BLACK
6
CONTINUOUS
10
77.7707359999999994
20
-140.9435169999999857
11
77.7446279999999916
21
-140.8631660000000068
0
LINE
8
BLACK
6
CONTINUOUS
10
77.7446279999999916
20
-140.8631660000000068
11
77.7446259999999967
21
-140.863158999999996
0
LINE
8
BLACK
6
CONTINUOUS
10
77.7446259999999967
20
-140.863158999999996
11
77.6633059999999915
21
-140.7035589999999843
0
LINE
8
BLACK
6
CONTINUOUS
10
77.6633059999999915
20
-140.7035589999999843
11
77.663304999999994
21
-140.7035569999999893
0
LINE
8
BLACK
6
CONTINUOUS
10
77.663304999999994
20
-140.7035569999999893
11
77.5580179999999899
21
-140.5586429999999893
0
LINE
8
BLACK
6
CONTINUOUS
10
77.5580179999999899
20
-140.5586429999999893
11
77.5580130000000025
21
-140.558638000000002
0
LINE
8
BLACK
6
CONTINUOUS
10
77.5580130000000025
20
-140.558638000000002
11
77.5580119999999908
21
-140.558636000000007
0
LINE
8
BLACK
6
CONTINUOUS
10
77.5580119999999908
20
-140.558636000000007
11
76.0362859999999898
21
-139.036910000000006
0
LINE
8
BLACK
6
CONTINUOUS
10
76.0362859999999898
20
-139.036910000000006
11
75.9891669999999948
21
-138.9619219999999871
0
LINE
8
BLACK
6
CONTINUOUS
10
75.9891669999999948
20
-138.9619219999999871
11
75.9779999999999944
21
-138.8961960000000033
0
LINE
8
BLACK
6
CONTINUOUS
10
75.9779999999999944
20
-138.8961960000000033
11
75.9779999999999944
21
-136.8039019999999937
0
LINE
8
BLACK
6
CONTINUOUS
10
75.9779999999999944
20
-136.8039019999999937
11
75.9977069999999912
21
-136.7175589999999943
0
LINE
8
BLACK
6
CONTINUOUS
10
75.9977069999999912
20
-136.7175589999999943
11
76.0529259999999994
21
-136.6483179999999891
0
LINE
8
BLACK
6
CONTINUOUS
10
76.0529259999999994
20
-136.6483179999999891
11
76.132717999999997
21
-136.6098910000000046
0
LINE
8
BLACK
6
CONTINUOUS
10
76.132717999999997
20
-136.6098910000000046
11
76.2212820000000022
21
-136.6098910000000046
0
LINE
8
BLACK
6
CONTINUOUS
10
76.2212820000000022
20
-136.6098910000000046
11
76.3010739999999998
21
-136.6483179999999891
0
LINE
8
BLACK
6
CONTINUOUS
10
76.3010739999999998
20
-136.6483179999999891
11
76.3562929999999938
21
-136.7175589999999943
0
LINE
8
BLACK
6
CONTINUOUS
10
76.3562929999999938
20
-136.7175589999999943
11
76.3658969999999897
21
-136.7413029999999878
0
LINE
8
BLACK
6
CONTINUOUS
10
76.3658969999999897
20
-136.7413029999999878
11
76.3751859999999994
21
-136.7693339999999864
0
LINE
8
BLACK
6
CONTINUOUS
10
76.3751859999999994
20
-136.7693339999999864
11
76.4672879999999964
21
-136.9186559999999986
0
LINE
8
BLACK
6
CONTINUOUS
10
76.4672879999999964
20
-136.9186559999999986
11
76.5913439999999923
21
-137.0427119999999945
0
LINE
8
BLACK
6
CONTINUOUS
10
76.5913439999999923
20
-137.0427119999999945
11
76.7406659999999903
21
-137.1348140000000058
0
LINE
8
BLACK
6
CONTINUOUS
10
76.7406659999999903
20
-137.1348140000000058
11
76.9072029999999955
21
-137.1899990000000003
0
LINE
8
BLACK
6
CONTINUOUS
10
76.9072029999999955
20
-137.1899990000000003
11
77.0099909999999994
21
-137.2005000000000052
0
LINE
8
BLACK
6
CONTINUOUS
10
77.0099909999999994
20
-137.2005000000000052
11
79.0100079999999991
21
-137.2004990000000078
0
LINE
8
BLACK
6
CONTINUOUS
10
79.0100079999999991
20
-137.2004990000000078
11
79.1127970000000005
21
-137.1899990000000003
0
LINE
8
BLACK
6
CONTINUOUS
10
79.1127970000000005
20
-137.1899990000000003
11
79.2793339999999915
21
-137.1348140000000058
0
LINE
8
BLACK
6
CONTINUOUS
10
79.2793339999999915
20
-137.1348140000000058
11
79.3882619999999974
21
-137.06762599999999
0
LINE
8
BLACK
6
CONTINUOUS
10
79.3882619999999974
20
-137.06762599999999
11
79.4720959999999934
21
-137.0390730000000019
0
LINE
8
BLACK
6
CONTINUOUS
10
79.4720959999999934
20
-137.0390730000000019
11
79.492730999999992
21
-137.0379999999999825
0
LINE
8
BLACK
6
CONTINUOUS
10
79.492730999999992
20
-137.0379999999999825
11
84.1022009999999938
21
-137.0379999999999825
0
LINE
8
BLACK
6
CONTINUOUS
10
84.1022009999999938
20
-137.0379999999999825
11
84.1885439999999932
21
-137.0577069999999935
0
LINE
8
BLACK
6
CONTINUOUS
10
84.1885439999999932
20
-137.0577069999999935
11
84.1925189999999901
21
-137.0596759999999961
0
LINE
8
BLACK
6
CONTINUOUS
10
84.1925189999999901
20
-137.0596759999999961
11
84.3407809999999927
21
-137.1352200000000039
0
LINE
8
BLACK
6
CONTINUOUS
10
84.3407809999999927
20
-137.1352200000000039
11
84.5354659999999996
21
-137.1984769999999969
0
LINE
8
BLACK
6
CONTINUOUS
10
84.5354659999999996
20
-137.1984769999999969
11
84.737647999999993
21
-137.2305000000000064
0
LINE
8
BLACK
6
CONTINUOUS
10
84.737647999999993
20
-137.2305000000000064
11
84.7376489999999905
21
-137.2305000000000064
0
LINE
8
BLACK
6
CONTINUOUS
10
84.7376489999999905
20
-137.2305000000000064
11
84.9423510000000022
21
-137.2305000000000064
0
LINE
8
BLACK
6
CONTINUOUS
10
84.9423510000000022
20
-137.2305000000000064
11
84.9423519999999996
21
-137.2305000000000064
0
LINE
8
BLACK
6
CONTINUOUS
10
84.9423519999999996
20
-137.2305000000000064
11
85.1445339999999931
21
-137.1984769999999969
0
LINE
8
BLACK
6
CONTINUOUS
10
85.1445339999999931
20
-137.1984769999999969
11
85.3392189999999999
21
-137.1352200000000039
0
LINE
8
BLACK
6
CONTINUOUS
10
85.3392189999999999
20
-137.1352200000000039
11
85.4285759999999925
21
-137.0896889999999928
0
LINE
8
BLACK
6
CONTINUOUS
10
85.4285759999999925
20
-137.0896889999999928
11
85.5144549999999981
21
-137.0680499999999995
0
LINE
8
BLACK
6
CONTINUOUS
10
85.5144549999999981
20
-137.0680499999999995
11
85.5189209999999917
21
-137.0679999999999836
0
LINE
8
BLACK
6
CONTINUOUS
10
85.5189209999999917
20
-137.0679999999999836
11
87.1195629999999994
21
-137.0679999999999836
0
LINE
8
BLACK
6
CONTINUOUS
10
87.1195629999999994
20
-137.0679999999999836
11
87.2964759999999984
21
-137.0399799999999857
0
LINE
8
BLACK
6
CONTINUOUS
10
87.2964759999999984
20
-137.0399799999999857
11
87.2964759999999984
21
-137.0399789999999882
0
LINE
8
BLACK
6
CONTINUOUS
10
87.2964759999999984
20
-137.0399789999999882
11
87.2964819999999975
21
-137.0399789999999882
0
LINE
8
BLACK
6
CONTINUOUS
10
87.2964819999999975
20
-137.0399789999999882
11
87.4668410000000023
21
-136.9846259999999916
0
LINE
8
BLACK
6
CONTINUOUS
10
87.4668410000000023
20
-136.9846259999999916
11
87.6264419999999973
21
-136.9033049999999889
0
LINE
8
BLACK
6
CONTINUOUS
10
87.6264419999999973
20
-136.9033049999999889
11
87.7713569999999947
21
-136.7980179999999848
0
LINE
8
BLACK
6
CONTINUOUS
10
87.7713569999999947
20
-136.7980179999999848
11
93.1780179999999945
21
-131.3913569999999993
0
LINE
8
BLACK
6
CONTINUOUS
10
93.1780179999999945
20
-131.3913569999999993
11
93.2833049999999986
21
-131.2464420000000018
0
LINE
8
BLACK
6
CONTINUOUS
10
93.2833049999999986
20
-131.2464420000000018
11
93.3646260000000012
21
-131.0868399999999951
0
LINE
8
BLACK
6
CONTINUOUS
10
93.3646260000000012
20
-131.0868399999999951
11
93.4199789999999979
21
-130.916482000000002
0
LINE
8
BLACK
6
CONTINUOUS
10
93.4199789999999979
20
-130.916482000000002
11
93.4479999999999933
21
-130.739563000000004
0
LINE
8
BLACK
6
CONTINUOUS
10
93.4479999999999933
20
-130.739563000000004
11
93.4479999999999933
21
-130.5604370000000074
0
LINE
8
BLACK
6
CONTINUOUS
10
93.4479999999999933
20
-130.5604370000000074
11
93.4479999999999933
21
-125.9087339999999955
0
LINE
8
BLACK
6
CONTINUOUS
10
93.4479999999999933
20
-125.9087339999999955
11
93.4577400000000011
21
-125.8472399999999993
0
LINE
8
BLACK
6
CONTINUOUS
10
93.4577400000000011
20
-125.8472399999999993
11
93.5004459999999966
21
-125.715802999999994
0
LINE
8
BLACK
6
CONTINUOUS
10
93.5004459999999966
20
-125.715802999999994
11
93.5004469999999941
21
-125.715800999999999
0
LINE
8
BLACK
6
CONTINUOUS
10
93.5004469999999941
20
-125.715800999999999
11
93.5304999999999893
21
-125.5260549999999995
0
LINE
8
BLACK
6
CONTINUOUS
10
93.5304999999999893
20
-125.5260549999999995
11
93.5304999999999893
21
-125.3339449999999999
0
LINE
8
BLACK
6
CONTINUOUS
10
93.5304999999999893
20
-125.3339449999999999
11
93.5004469999999941
21
-125.1441990000000004
0
LINE
8
BLACK
6
CONTINUOUS
10
93.5004469999999941
20
-125.1441990000000004
11
93.4577389999999895
21
-125.0127579999999909
0
LINE
8
BLACK
6
CONTINUOUS
10
93.4577389999999895
20
-125.0127579999999909
11
93.4479999999999933
21
-124.9512649999999923
0
LINE
8
BLACK
6
CONTINUOUS
10
93.4479999999999933
20
-124.9512649999999923
11
93.4479999999999933
21
-123.3687339999999892
0
LINE
8
BLACK
6
CONTINUOUS
10
93.4479999999999933
20
-123.3687339999999892
11
93.4577400000000011
21
-123.3072399999999931
0
LINE
8
BLACK
6
CONTINUOUS
10
93.4577400000000011
20
-123.3072399999999931
11
93.5004459999999966
21
-123.1758029999999877
0
LINE
8
BLACK
6
CONTINUOUS
10
93.5004459999999966
20
-123.1758029999999877
11
93.5004469999999941
21
-123.1758009999999928
0
LINE
8
BLACK
6
CONTINUOUS
10
93.5004469999999941
20
-123.1758009999999928
11
93.5304999999999893
21
-122.9860549999999932
0
LINE
8
BLACK
6
CONTINUOUS
10
93.5304999999999893
20
-122.9860549999999932
11
93.5304999999999893
21
-122.7939449999999937
0
LINE
8
BLACK
6
CONTINUOUS
10
93.5304999999999893
20
-122.7939449999999937
11
93.5004469999999941
21
-122.6041989999999942
0
LINE
8
BLACK
6
CONTINUOUS
10
93.5004469999999941
20
-122.6041989999999942
11
93.4410819999999944
21
-122.421490999999989
0
LINE
8
BLACK
6
CONTINUOUS
10
93.4410819999999944
20
-122.421490999999989
11
93.353864999999999
21
-122.2503189999999904
0
LINE
8
BLACK
6
CONTINUOUS
10
93.353864999999999
20
-122.2503189999999904
11
93.2409449999999964
21
-122.0948980000000006
0
LINE
8
BLACK
6
CONTINUOUS
10
93.2409449999999964
20
-122.0948980000000006
11
93.2409439999999989
21
-122.0948969999999889
0
LINE
8
BLACK
6
CONTINUOUS
10
93.2409439999999989
20
-122.0948969999999889
11
93.2409419999999898
21
-122.0948939999999965
0
LINE
8
BLACK
6
CONTINUOUS
10
93.2409419999999898
20
-122.0948939999999965
11
93.1051049999999947
21
-121.9590570000000014
0
LINE
8
BLACK
6
CONTINUOUS
10
93.1051049999999947
20
-121.9590570000000014
11
92.9496819999999957
21
-121.8461360000000013
0
LINE
8
BLACK
6
CONTINUOUS
10
92.9496819999999957
20
-121.8461360000000013
11
92.9496829999999932
21
-121.8461360000000013
0
LINE
8
BLACK
6
CONTINUOUS
10
92.9496829999999932
20
-121.8461360000000013
11
92.9496809999999982
21
-121.8461349999999896
0
LINE
8
BLACK
6
CONTINUOUS
10
92.9496809999999982
20
-121.8461349999999896
11
92.8538539999999983
21
-121.797308000000001
0
LINE
8
BLACK
6
CONTINUOUS
10
92.8538539999999983
20
-121.797308000000001
11
92.7858710000000002
21
-121.7405519999999939
0
LINE
8
BLACK
6
CONTINUOUS
10
92.7858710000000002
20
-121.7405519999999939
11
92.7492450000000019
21
-121.659916999999993
0
LINE
8
BLACK
6
CONTINUOUS
10
92.7492450000000019
20
-121.659916999999993
11
92.7512329999999992
21
-121.5713760000000008
0
LINE
8
BLACK
6
CONTINUOUS
10
92.7512329999999992
20
-121.5713760000000008
11
92.7914399999999944
21
-121.4924649999999957
0
LINE
8
BLACK
6
CONTINUOUS
10
92.7914399999999944
20
-121.4924649999999957
11
92.8538539999999983
21
-121.4426909999999964
0
LINE
8
BLACK
6
CONTINUOUS
10
92.8538539999999983
20
-121.4426909999999964
11
92.9496809999999982
21
-121.393864999999991
0
LINE
8
BLACK
6
CONTINUOUS
10
92.9496809999999982
20
-121.393864999999991
11
93.1051020000000022
21
-121.2809449999999885
0
LINE
8
BLACK
6
CONTINUOUS
10
93.1051020000000022
20
-121.2809449999999885
11
93.2409449999999964
21
-121.1451019999999943
0
LINE
8
BLACK
6
CONTINUOUS
10
93.2409449999999964
20
-121.1451019999999943
11
93.353864999999999
21
-120.9896809999999903
0
LINE
8
BLACK
6
CONTINUOUS
10
93.353864999999999
20
-120.9896809999999903
11
93.4410819999999944
21
-120.8185089999999917
0
LINE
8
BLACK
6
CONTINUOUS
10
93.4410819999999944
20
-120.8185089999999917
11
93.5004469999999941
21
-120.6358010000000007
0
LINE
8
BLACK
6
CONTINUOUS
10
93.5004469999999941
20
-120.6358010000000007
11
93.5304999999999893
21
-120.4460550000000012
0
LINE
8
BLACK
6
CONTINUOUS
10
93.5304999999999893
20
-120.4460550000000012
11
93.5304999999999893
21
-120.2539450000000016
0
LINE
8
BLACK
6
CONTINUOUS
10
93.5304999999999893
20
-120.2539450000000016
11
93.5004469999999941
21
-120.0641989999999879
0
LINE
8
BLACK
6
CONTINUOUS
10
93.5004469999999941
20
-120.0641989999999879
11
93.4410819999999944
21
-119.8814909999999969
0
LINE
8
BLACK
6
CONTINUOUS
10
93.4410819999999944
20
-119.8814909999999969
11
93.353864999999999
21
-119.7103189999999984
0
LINE
8
BLACK
6
CONTINUOUS
10
93.353864999999999
20
-119.7103189999999984
11
93.2409449999999964
21
-119.5548979999999943
0
LINE
8
BLACK
6
CONTINUOUS
10
93.2409449999999964
20
-119.5548979999999943
11
93.2409439999999989
21
-119.5548969999999969
0
LINE
8
BLACK
6
CONTINUOUS
10
93.2409439999999989
20
-119.5548969999999969
11
93.2409419999999898
21
-119.5548939999999902
0
LINE
8
BLACK
6
CONTINUOUS
10
93.2409419999999898
20
-119.5548939999999902
11
93.1051049999999947
21
-119.4190569999999951
0
LINE
8
BLACK
6
CONTINUOUS
10
93.1051049999999947
20
-119.4190569999999951
11
92.9496819999999957
21
-119.3061359999999951
0
LINE
8
BLACK
6
CONTINUOUS
10
92.9496819999999957
20
-119.3061359999999951
11
92.9496829999999932
21
-119.3061359999999951
0
LINE
8
BLACK
6
CONTINUOUS
10
92.9496829999999932
20
-119.3061359999999951
11
92.9496809999999982
21
-119.3061349999999976
0
LINE
8
BLACK
6
CONTINUOUS
10
92.9496809999999982
20
-119.3061349999999976
11
92.7785089999999997
21
-119.218917999999988
0
LINE
8
BLACK
6
CONTINUOUS
10
92.7785089999999997
20
-119.218917999999988
11
92.7785069999999905
21
-119.2189169999999905
0
LINE
8
BLACK
6
CONTINUOUS
10
92.7785069999999905
20
-119.2189169999999905
11
92.7785019999999889
21
-119.2189149999999955
0
LINE
8
BLACK
6
CONTINUOUS
10
92.7785019999999889
20
-119.2189149999999955
11
92.5958029999999894
21
-119.1595529999999883
0
LINE
8
BLACK
6
CONTINUOUS
10
92.5958029999999894
20
-119.1595529999999883
11
92.5957939999999979
21
-119.1595509999999933
0
LINE
8
BLACK
6
CONTINUOUS
10
92.5957939999999979
20
-119.1595509999999933
11
92.4060549999999949
21
-119.1294999999999931
0
LINE
8
BLACK
6
CONTINUOUS
10
92.4060549999999949
20
-119.1294999999999931
11
92.2139449999999954
21
-119.1294999999999931
0
LINE
8
BLACK
6
CONTINUOUS
10
92.2139449999999954
20
-119.1294999999999931
11
92.0242049999999949
21
-119.1595509999999933
0
LINE
8
BLACK
6
CONTINUOUS
10
92.0242049999999949
20
-119.1595509999999933
11
92.0241959999999892
21
-119.1595529999999883
0
LINE
8
BLACK
6
CONTINUOUS
10
92.0241959999999892
20
-119.1595529999999883
11
91.8987609999999933
21
-119.2003099999999876
0
LINE
8
BLACK
6
CONTINUOUS
10
91.8987609999999933
20
-119.2003099999999876
11
91.8619810000000001
21
-119.2122600000000006
0
LINE
8
BLACK
6
CONTINUOUS
10
91.8619810000000001
20
-119.2122600000000006
11
91.8004889999999989
21
-119.2219999999999942
0
LINE
8
BLACK
6
CONTINUOUS
10
91.8004889999999989
20
-119.2219999999999942
11
75.3389209999999991
21
-119.2219999999999942
0
LINE
8
BLACK
6
CONTINUOUS
10
75.3389209999999991
20
-119.2219999999999942
11
75.2525779999999997
21
-119.2022929999999974
0
LINE
8
BLACK
6
CONTINUOUS
10
75.2525779999999997
20
-119.2022929999999974
11
75.2485759999999999
21
-119.2003099999999876
0
LINE
8
BLACK
6
CONTINUOUS
10
75.2485759999999999
20
-119.2003099999999876
11
75.1592189999999931
21
-119.1547799999999881
0
LINE
8
BLACK
6
CONTINUOUS
10
75.1592189999999931
20
-119.1547799999999881
11
75.1592139999999915
21
-119.1547779999999932
0
LINE
8
BLACK
6
CONTINUOUS
10
75.1592139999999915
20
-119.1547779999999932
11
74.9645359999999954
21
-119.0915229999999951
0
LINE
8
BLACK
6
CONTINUOUS
10
74.9645359999999954
20
-119.0915229999999951
11
74.9645289999999989
21
-119.0915219999999977
0
LINE
8
BLACK
6
CONTINUOUS
10
74.9645289999999989
20
-119.0915219999999977
11
74.7740759999999938
21
-119.061357000000001
0
LINE
8
BLACK
6
CONTINUOUS
10
74.7740759999999938
20
-119.061357000000001
11
74.7623519999999928
21
-119.0594999999999999
0
LINE
8
BLACK
6
CONTINUOUS
10
74.7623519999999928
20
-119.0594999999999999
11
74.5576480000000004
21
-119.0594999999999999
0
LINE
8
BLACK
6
CONTINUOUS
10
74.5576480000000004
20
-119.0594999999999999
11
74.5459239999999994
21
-119.061357000000001
0
LINE
8
BLACK
6
CONTINUOUS
10
34.8019999999999996
20
-127.6695619999999991
11
34.8300190000000001
21
-127.8464759999999956
0
LINE
8
BLACK
6
CONTINUOUS
10
34.8300190000000001
20
-127.8464759999999956
11
34.830020999999995
21
-127.8464839999999896
0
LINE
8
BLACK
6
CONTINUOUS
10
34.830020999999995
20
-127.8464839999999896
11
34.8853709999999992
21
-128.0168339999999887
0
LINE
8
BLACK
6
CONTINUOUS
10
34.8853709999999992
20
-128.0168339999999887
11
34.8853790000000004
21
-128.0168529999999976
0
LINE
8
BLACK
6
CONTINUOUS
10
34.8853790000000004
20
-128.0168529999999976
11
34.9666909999999973
21
-128.1764359999999954
0
LINE
8
BLACK
6
CONTINUOUS
10
34.9666909999999973
20
-128.1764359999999954
11
34.9666939999999968
21
-128.1764399999999853
0
LINE
8
BLACK
6
CONTINUOUS
10
34.9666939999999968
20
-128.1764399999999853
11
34.9666950000000014
21
-128.1764419999999802
0
LINE
8
BLACK
6
CONTINUOUS
10
34.9666950000000014
20
-128.1764419999999802
11
34.967571999999997
21
-128.1776490000000024
0
LINE
8
BLACK
6
CONTINUOUS
10
34.967571999999997
20
-128.1776490000000024
11
35.0719840000000005
21
-128.3213599999999985
0
LINE
8
BLACK
6
CONTINUOUS
10
35.0719840000000005
20
-128.3213599999999985
11
51.8986359999999962
21
-145.1480119999999943
0
LINE
8
BLACK
6
CONTINUOUS
10
51.8986359999999962
20
-145.1480119999999943
11
51.8986379999999983
21
-145.1480129999999917
0
LINE
8
BLACK
6
CONTINUOUS
10
51.8986379999999983
20
-145.1480129999999917
11
51.8986429999999999
21
-145.1480180000000075
0
LINE
8
BLACK
6
CONTINUOUS
10
51.8986429999999999
20
-145.1480180000000075
11
52.0435569999999998
21
-145.2533049999999832
0
LINE
8
BLACK
6
CONTINUOUS
10
52.0435569999999998
20
-145.2533049999999832
11
52.1029330000000002
21
-145.2835579999999993
0
LINE
8
BLACK
6
CONTINUOUS
10
52.1029330000000002
20
-145.2835579999999993
11
52.2031599999999969
21
-145.3346259999999859
0
LINE
8
BLACK
6
CONTINUOUS
10
52.2031599999999969
20
-145.3346259999999859
11
52.3735179999999971
21
-145.3899789999999825
0
LINE
8
BLACK
6
CONTINUOUS
10
52.3735179999999971
20
-145.3899789999999825
11
52.5504369999999952
21
-145.4180000000000064
0
LINE
8
BLACK
6
CONTINUOUS
10
52.5504369999999952
20
-145.4180000000000064
11
67.4095629999999915
21
-145.4180000000000064
0
LINE
8
BLACK
6
CONTINUOUS
10
67.4095629999999915
20
-145.4180000000000064
11
67.5864759999999904
21
-145.38997999999998
0
LINE
8
BLACK
6
CONTINUOUS
10
67.5864759999999904
20
-145.38997999999998
11
67.5864759999999904
21
-145.3899789999999825
0
LINE
8
BLACK
6
CONTINUOUS
10
67.5864759999999904
20
-145.3899789999999825
11
67.5864820000000037
21
-145.3899789999999825
0
LINE
8
BLACK
6
CONTINUOUS
10
67.5864820000000037
20
-145.3899789999999825
11
67.7568409999999943
21
-145.3346259999999859
0
LINE
8
BLACK
6
CONTINUOUS
10
67.7568409999999943
20
-145.3346259999999859
11
67.9164420000000035
21
-145.2533049999999832
0
LINE
8
BLACK
6
CONTINUOUS
10
67.9164420000000035
20
-145.2533049999999832
11
68.061357000000001
21
-145.1480180000000075
0
LINE
8
BLACK
6
CONTINUOUS
10
68.061357000000001
20
-145.1480180000000075
11
71.2580179999999928
21
-141.9513570000000016
0
LINE
8
BLACK
6
CONTINUOUS
10
71.2580179999999928
20
-141.9513570000000016
11
71.3633049999999969
21
-141.8064420000000041
0
LINE
8
BLACK
6
CONTINUOUS
10
71.3633049999999969
20
-141.8064420000000041
11
71.4446259999999995
21
-141.6468399999999974
0
LINE
8
BLACK
6
CONTINUOUS
10
71.4446259999999995
20
-141.6468399999999974
11
71.4999789999999962
21
-141.4764820000000043
0
LINE
8
BLACK
6
CONTINUOUS
10
71.4999789999999962
20
-141.4764820000000043
11
71.5279999999999916
21
-141.2995630000000062
0
LINE
8
BLACK
6
CONTINUOUS
10
71.5279999999999916
20
-141.2995630000000062
11
71.5279999999999916
21
-141.1204369999999813
0
LINE
8
BLACK
6
CONTINUOUS
10
71.5279999999999916
20
-141.1204369999999813
11
71.5279999999999916
21
-137.0727129999999931
0
LINE
8
BLACK
6
CONTINUOUS
10
71.5279999999999916
20
-137.0727129999999931
11
71.5477070000000026
21
-136.9863699999999938
0
LINE
8
BLACK
6
CONTINUOUS
10
71.5477070000000026
20
-136.9863699999999938
11
71.6029259999999965
21
-136.9171289999999885
0
LINE
8
BLACK
6
CONTINUOUS
10
71.6029259999999965
20
-136.9171289999999885
11
71.6100189999999941
21
-136.9117269999999849
0
LINE
8
BLACK
6
CONTINUOUS
10
71.6100189999999941
20
-136.9117269999999849
11
71.6372190000000018
21
-136.8919659999999965
0
LINE
8
BLACK
6
CONTINUOUS
10
71.6372190000000018
20
-136.8919659999999965
11
71.7819659999999971
21
-136.7472190000000012
0
LINE
8
BLACK
6
CONTINUOUS
10
71.7819659999999971
20
-136.7472190000000012
11
71.9022870000000012
21
-136.5816099999999835
0
LINE
8
BLACK
6
CONTINUOUS
10
71.9022870000000012
20
-136.5816099999999835
11
71.9063149999999922
21
-136.5737059999999872
0
LINE
8
BLACK
6
CONTINUOUS
10
71.9063149999999922
20
-136.5737059999999872
11
71.9952139999999901
21
-136.3992309999999861
0
LINE
8
BLACK
6
CONTINUOUS
10
71.9952139999999901
20
-136.3992309999999861
11
71.9952139999999901
21
-136.3992289999999912
0
LINE
8
BLACK
6
CONTINUOUS
10
71.9952139999999901
20
-136.3992289999999912
11
71.9952200000000033
21
-136.399218999999988
0
LINE
8
BLACK
6
CONTINUOUS
10
71.9952200000000033
20
-136.399218999999988
11
72.0584769999999963
21
-136.2045339999999953
0
LINE
8
BLACK
6
CONTINUOUS
10
72.0584769999999963
20
-136.2045339999999953
11
72.0904999999999916
21
-136.0023520000000019
0
LINE
8
BLACK
6
CONTINUOUS
10
72.0904999999999916
20
-136.0023520000000019
11
72.0904999999999916
21
-135.797647999999981
0
LINE
8
BLACK
6
CONTINUOUS
10
72.0904999999999916
20
-135.797647999999981
11
72.0584769999999963
21
-135.5954659999999876
0
LINE
8
BLACK
6
CONTINUOUS
10
72.0584769999999963
20
-135.5954659999999876
11
71.9952200000000033
21
-135.4007809999999949
0
LINE
8
BLACK
6
CONTINUOUS
10
71.9952200000000033
20
-135.4007809999999949
11
71.9952159999999992
21
-135.4007749999999817
0
LINE
8
BLACK
6
CONTINUOUS
10
71.9952159999999992
20
-135.4007749999999817
11
71.9952139999999901
21
-135.4007679999999993
0
LINE
8
BLACK
6
CONTINUOUS
10
71.9952139999999901
20
-135.4007679999999993
11
71.9022930000000002
21
-135.2184000000000026
0
LINE
8
BLACK
6
CONTINUOUS
10
71.9022930000000002
20
-135.2184000000000026
11
71.9022870000000012
21
-135.2183899999999994
0
LINE
8
BLACK
6
CONTINUOUS
10
71.9022870000000012
20
-135.2183899999999994
11
71.7819669999999945
21
-135.0527830000000051
0
LINE
8
BLACK
6
CONTINUOUS
10
71.7819669999999945
20
-135.0527830000000051
11
71.7819659999999971
21
-135.0527809999999818
0
LINE
8
BLACK
6
CONTINUOUS
10
71.7819659999999971
20
-135.0527809999999818
11
71.6372190000000018
21
-134.9080339999999865
0
LINE
8
BLACK
6
CONTINUOUS
10
71.6372190000000018
20
-134.9080339999999865
11
71.4761230000000012
21
-134.7909919999999886
0
LINE
8
BLACK
6
CONTINUOUS
10
71.4761230000000012
20
-134.7909919999999886
11
71.4178560000000004
21
-134.724300999999997
0
LINE
8
BLACK
6
CONTINUOUS
10
71.4178560000000004
20
-134.724300999999997
11
71.3942940000000021
21
-134.6389299999999878
0
LINE
8
BLACK
6
CONTINUOUS
10
71.3942940000000021
20
-134.6389299999999878
11
71.4101069999999964
21
-134.5517889999999852
0
LINE
8
BLACK
6
CONTINUOUS
10
71.4101069999999964
20
-134.5517889999999852
11
71.4621629999999897
21
-134.4801400000000058
0
LINE
8
BLACK
6
CONTINUOUS
10
71.4621629999999897
20
-134.4801400000000058
11
71.4761120000000005
21
-134.4690149999999846
0
LINE
8
BLACK
6
CONTINUOUS
10
71.4761120000000005
20
-134.4690149999999846
11
71.6372190000000018
21
-134.3519660000000044
0
LINE
8
BLACK
6
CONTINUOUS
10
71.6372190000000018
20
-134.3519660000000044
11
71.7819659999999971
21
-134.2072189999999807
0
LINE
8
BLACK
6
CONTINUOUS
10
71.7819659999999971
20
-134.2072189999999807
11
71.9022870000000012
21
-134.0416099999999915
0
LINE
8
BLACK
6
CONTINUOUS
10
71.9022870000000012
20
-134.0416099999999915
11
71.9952200000000033
21
-133.859218999999996
0
LINE
8
BLACK
6
CONTINUOUS
10
71.9952200000000033
20
-133.859218999999996
11
72.0584769999999963
21
-133.6645340000000033
0
LINE
8
BLACK
6
CONTINUOUS
10
72.0584769999999963
20
-133.6645340000000033
11
72.0904999999999916
21
-133.4623519999999814
0
LINE
8
BLACK
6
CONTINUOUS
10
72.0904999999999916
20
-133.4623519999999814
11
72.0904999999999916
21
-133.257647999999989
0
LINE
8
BLACK
6
CONTINUOUS
10
72.0904999999999916
20
-133.257647999999989
11
72.0584769999999963
21
-133.0554659999999956
0
LINE
8
BLACK
6
CONTINUOUS
10
72.0584769999999963
20
-133.0554659999999956
11
71.9952200000000033
21
-132.8607810000000029
0
LINE
8
BLACK
6
CONTINUOUS
10
71.9952200000000033
20
-132.8607810000000029
11
71.9952159999999992
21
-132.8607749999999896
0
LINE
8
BLACK
6
CONTINUOUS
10
71.9952159999999992
20
-132.8607749999999896
11
71.9952139999999901
21
-132.8607680000000073
0
LINE
8
BLACK
6
CONTINUOUS
10
71.9952139999999901
20
-132.8607680000000073
11
71.9022930000000002
21
-132.6783999999999821
0
LINE
8
BLACK
6
CONTINUOUS
10
71.9022930000000002
20
-132.6783999999999821
11
71.9022870000000012
21
-132.6783900000000074
0
LINE
8
BLACK
6
CONTINUOUS
10
71.9022870000000012
20
-132.6783900000000074
11
71.7819669999999945
21
-132.5127829999999847
0
LINE
8
BLACK
6
CONTINUOUS
10
71.7819669999999945
20
-132.5127829999999847
11
71.7819659999999971
21
-132.5127809999999897
0
LINE
8
BLACK
6
CONTINUOUS
10
71.7819659999999971
20
-132.5127809999999897
11
71.6372190000000018
21
-132.3680339999999944
0
LINE
8
BLACK
6
CONTINUOUS
10
71.6372190000000018
20
-132.3680339999999944
11
71.4761230000000012
21
-132.2509919999999966
0
LINE
8
BLACK
6
CONTINUOUS
10
71.4761230000000012
20
-132.2509919999999966
11
71.4178560000000004
21
-132.1843010000000049
0
LINE
8
BLACK
6
CONTINUOUS
10
71.4178560000000004
20
-132.1843010000000049
11
71.3942940000000021
21
-132.0989299999999957
0
LINE
8
BLACK
6
CONTINUOUS
10
71.3942940000000021
20
-132.0989299999999957
11
71.4101069999999964
21
-132.0117889999999932
0
LINE
8
BLACK
6
CONTINUOUS
10
71.4101069999999964
20
-132.0117889999999932
11
71.4621629999999897
21
-131.9401399999999853
0
LINE
8
BLACK
6
CONTINUOUS
10
71.4621629999999897
20
-131.9401399999999853
11
71.4761120000000005
21
-131.9290149999999926
0
LINE
8
BLACK
6
CONTINUOUS
10
71.4761120000000005
20
-131.9290149999999926
11
71.6372190000000018
21
-131.811965999999984
0
LINE
8
BLACK
6
CONTINUOUS
10
71.6372190000000018
20
-131.811965999999984
11
71.7819659999999971
21
-131.6672189999999887
0
LINE
8
BLACK
6
CONTINUOUS
10
71.7819659999999971
20
-131.6672189999999887
11
71.9022870000000012
21
-131.5016099999999994
0
LINE
8
BLACK
6
CONTINUOUS
10
71.9022870000000012
20
-131.5016099999999994
11
71.9306880000000035
21
-131.4458709999999826
0
LINE
8
BLACK
6
CONTINUOUS
10
71.9306880000000035
20
-131.4458709999999826
11
71.9952139999999901
21
-131.319231000000002
0
LINE
8
BLACK
6
CONTINUOUS
10
71.9952139999999901
20
-131.319231000000002
11
71.9952139999999901
21
-131.3192290000000071
0
LINE
8
BLACK
6
CONTINUOUS
10
71.9952139999999901
20
-131.3192290000000071
11
71.9952200000000033
21
-131.3192190000000039
0
LINE
8
BLACK
6
CONTINUOUS
10
71.9952200000000033
20
-131.3192190000000039
11
72.0584769999999963
21
-131.1245339999999828
0
LINE
8
BLACK
6
CONTINUOUS
10
72.0584769999999963
20
-131.1245339999999828
11
72.0904999999999916
21
-130.9223519999999894
0
LINE
8
BLACK
6
CONTINUOUS
10
72.0904999999999916
20
-130.9223519999999894
11
72.0904999999999916
21
-130.717647999999997
0
LINE
8
BLACK
6
CONTINUOUS
10
72.0904999999999916
20
-130.717647999999997
11
72.0584769999999963
21
-130.5154660000000035
0
LINE
8
BLACK
6
CONTINUOUS
10
72.0584769999999963
20
-130.5154660000000035
11
72.0164199999999965
21
-130.3860279999999818
0
LINE
8
BLACK
6
CONTINUOUS
10
72.0164199999999965
20
-130.3860279999999818
11
71.9952219999999983
21
-130.3207869999999957
0
LINE
8
BLACK
6
CONTINUOUS
10
71.9952219999999983
20
-130.3207869999999957
11
71.9952210000000008
21
-130.3207859999999982
0
LINE
8
BLACK
6
CONTINUOUS
10
71.9952210000000008
20
-130.3207859999999982
11
71.9952200000000033
21
-130.3207809999999824
0
LINE
8
BLACK
6
CONTINUOUS
10
71.9952200000000033
20
-130.3207809999999824
11
71.9952159999999992
21
-130.3207749999999976
0
LINE
8
BLACK
6
CONTINUOUS
10
71.9952159999999992
20
-130.3207749999999976
11
71.9952139999999901
21
-130.3207679999999868
0
LINE
8
BLACK
6
CONTINUOUS
10
71.9952139999999901
20
-130.3207679999999868
11
71.9022930000000002
21
-130.1383999999999901
0
LINE
8
BLACK
6
CONTINUOUS
10
71.9022930000000002
20
-130.1383999999999901
11
71.9022870000000012
21
-130.1383899999999869
0
LINE
8
BLACK
6
CONTINUOUS
10
71.9022870000000012
20
-130.1383899999999869
11
71.8301160000000039
21
-130.0390549999999905
0
LINE
8
BLACK
6
CONTINUOUS
10
71.8301160000000039
20
-130.0390549999999905
11
71.7819659999999971
21
-129.9727809999999977
0
LINE
8
BLACK
6
CONTINUOUS
10
71.7819659999999971
20
-129.9727809999999977
11
71.6372190000000018
21
-129.8280340000000024
0
LINE
8
BLACK
6
CONTINUOUS
10
71.6372190000000018
20
-129.8280340000000024
11
71.4756989999999917
21
-129.7106839999999863
0
LINE
8
BLACK
6
CONTINUOUS
10
71.4756989999999917
20
-129.7106839999999863
11
71.4174319999999909
21
-129.6439929999999947
0
LINE
8
BLACK
6
CONTINUOUS
10
71.4174319999999909
20
-129.6439929999999947
11
71.3938699999999926
21
-129.5586219999999855
0
LINE
8
BLACK
6
CONTINUOUS
10
71.3938699999999926
20
-129.5586219999999855
11
71.4096830000000011
21
-129.4714819999999804
0
LINE
8
BLACK
6
CONTINUOUS
10
71.4096830000000011
20
-129.4714819999999804
11
71.4617389999999943
21
-129.3998320000000035
0
LINE
8
BLACK
6
CONTINUOUS
10
71.4617389999999943
20
-129.3998320000000035
11
71.4757010000000008
21
-129.3886970000000076
0
LINE
8
BLACK
6
CONTINUOUS
10
71.4757010000000008
20
-129.3886970000000076
11
71.636895999999993
21
-129.2715819999999951
0
LINE
8
BLACK
6
CONTINUOUS
10
71.636895999999993
20
-129.2715819999999951
11
71.7815829999999977
21
-129.1268949999999904
0
LINE
8
BLACK
6
CONTINUOUS
10
71.7815829999999977
20
-129.1268949999999904
11
71.7815889999999968
21
-129.1268880000000081
0
LINE
8
BLACK
6
CONTINUOUS
10
71.7815889999999968
20
-129.1268880000000081
11
71.9018569999999926
21
-128.9613530000000026
0
LINE
8
BLACK
6
CONTINUOUS
10
71.9018569999999926
20
-128.9613530000000026
11
71.9018579999999901
21
-128.9613510000000076
0
LINE
8
BLACK
6
CONTINUOUS
10
71.9018579999999901
20
-128.9613510000000076
11
71.9242009999999965
21
-128.9174999999999898
0
LINE
8
BLACK
6
CONTINUOUS
10
71.9242009999999965
20
-128.9174999999999898
11
71.2689419999999956
21
-128.9174999999999898
0
LINE
8
BLACK
6
CONTINUOUS
10
71.2689419999999956
20
-128.9174999999999898
11
71.1671169999999904
21
-128.9855369999999937
0
LINE
8
BLACK
6
CONTINUOUS
10
71.1671169999999904
20
-128.9855369999999937
11
71.0222279999999984
21
-129.0455519999999865
0
LINE
8
BLACK
6
CONTINUOUS
10
71.0222279999999984
20
-129.0455519999999865
11
70.8684140000000014
21
-129.0761479999999892
0
LINE
8
BLACK
6
CONTINUOUS
10
70.8684140000000014
20
-129.0761479999999892
11
70.789999999999992
21
-129.0799999999999841
0
LINE
8
BLACK
6
CONTINUOUS
10
70.789999999999992
20
-129.0799999999999841
11
69.9899999999999949
21
-129.0799999999999841
0
LINE
8
BLACK
6
CONTINUOUS
10
69.9899999999999949
20
-129.0799999999999841
11
69.9115859999999998
21
-129.0761479999999892
0
LINE
8
BLACK
6
CONTINUOUS
10
69.9115859999999998
20
-129.0761479999999892
11
69.7577720000000028
21
-129.0455519999999865
0
LINE
8
BLACK
6
CONTINUOUS
10
69.7577720000000028
20
-129.0455519999999865
11
69.6128829999999965
21
-128.9855369999999937
0
LINE
8
BLACK
6
CONTINUOUS
10
69.6128829999999965
20
-128.9855369999999937
11
69.4824849999999969
21
-128.8984079999999892
0
LINE
8
BLACK
6
CONTINUOUS
10
69.4824849999999969
20
-128.8984079999999892
11
69.3715919999999926
21
-128.7875149999999849
0
LINE
8
BLACK
6
CONTINUOUS
10
69.3715919999999926
20
-128.7875149999999849
11
69.2844630000000024
21
-128.6571169999999995
0
LINE
8
BLACK
6
CONTINUOUS
10
69.2844630000000024
20
-128.6571169999999995
11
69.2318089999999984
21
-128.5300000000000011
0
LINE
8
BLACK
6
CONTINUOUS
10
69.2318089999999984
20
-128.5300000000000011
11
68.7133910000000014
21
-128.5300000000000011
0
LINE
8
BLACK
6
CONTINUOUS
10
68.7133910000000014
20
-128.5300000000000011
11
68.7220089999999999
21
-128.5844129999999836
0
LINE
8
BLACK
6
CONTINUOUS
10
68.7220089999999999
20
-128.5844129999999836
11
68.7220089999999999
21
-128.5844160000000045
0
LINE
8
BLACK
6
CONTINUOUS
10
68.7220089999999999
20
-128.5844160000000045
11
68.7852409999999992
21
-128.7790229999999951
0
LINE
8
BLACK
6
CONTINUOUS
10
68.7852409999999992
20
-128.7790229999999951
11
68.7852419999999967
21
-128.7790259999999876
0
LINE
8
BLACK
6
CONTINUOUS
10
68.7852419999999967
20
-128.7790259999999876
11
68.8781409999999994
21
-128.9613510000000076
0
LINE
8
BLACK
6
CONTINUOUS
10
68.8781409999999994
20
-128.9613510000000076
11
68.8781419999999969
21
-128.9613530000000026
0
LINE
8
BLACK
6
CONTINUOUS
10
68.8781419999999969
20
-128.9613530000000026
11
68.9984099999999927
21
-129.1268880000000081
0
LINE
8
BLACK
6
CONTINUOUS
10
68.9984099999999927
20
-129.1268880000000081
11
68.9984159999999918
21
-129.1268949999999904
0
LINE
8
BLACK
6
CONTINUOUS
10
68.9984159999999918
20
-129.1268949999999904
11
69.1431029999999964
21
-129.2715819999999951
0
LINE
8
BLACK
6
CONTINUOUS
10
69.1431029999999964
20
-129.2715819999999951
11
69.2675600000000031
21
-129.3620049999999821
0
LINE
8
BLACK
6
CONTINUOUS
10
69.2675600000000031
20
-129.3620049999999821
11
69.3258289999999988
21
-129.4286999999999921
0
LINE
8
BLACK
6
CONTINUOUS
10
69.3258289999999988
20
-129.4286999999999921
11
69.3493909999999971
21
-129.5140710000000013
0
LINE
8
BLACK
6
CONTINUOUS
10
69.3493909999999971
20
-129.5140710000000013
11
69.3335769999999911
21
-129.6012120000000039
0
LINE
8
BLACK
6
CONTINUOUS
10
69.3335769999999911
20
-129.6012120000000039
11
69.2815209999999979
21
-129.6728609999999833
0
LINE
8
BLACK
6
CONTINUOUS
10
69.2815209999999979
20
-129.6728609999999833
11
69.2035329999999931
21
-129.7148279999999829
0
LINE
8
BLACK
6
CONTINUOUS
10
69.2035329999999931
20
-129.7148279999999829
11
69.1505909999999915
21
-129.72199999999998
0
LINE
8
BLACK
6
CONTINUOUS
10
69.1505909999999915
20
-129.72199999999998
11
65.1289209999999912
21
-129.72199999999998
0
LINE
8
BLACK
6
CONTINUOUS
10
65.1289209999999912
20
-129.72199999999998
11
65.0425779999999918
21
-129.7022929999999974
0
LINE
8
BLACK
6
CONTINUOUS
10
65.0425779999999918
20
-129.7022929999999974
11
65.038575999999992
21
-129.7003100000000018
0
LINE
8
BLACK
6
CONTINUOUS
10
65.038575999999992
20
-129.7003100000000018
11
65.0382949999999909
21
-129.7001669999999933
0
LINE
8
BLACK
6
CONTINUOUS
10
65.0382949999999909
20
-129.7001669999999933
11
64.9492189999999994
21
-129.6547799999999881
0
LINE
8
BLACK
6
CONTINUOUS
10
64.9492189999999994
20
-129.6547799999999881
11
64.9492139999999978
21
-129.6547779999999932
0
LINE
8
BLACK
6
CONTINUOUS
10
64.9492139999999978
20
-129.6547779999999932
11
64.7545360000000016
21
-129.5915229999999951
0
LINE
8
BLACK
6
CONTINUOUS
10
64.7545360000000016
20
-129.5915229999999951
11
64.7545289999999909
21
-129.5915219999999977
0
LINE
8
BLACK
6
CONTINUOUS
10
64.7545289999999909
20
-129.5915219999999977
11
64.6397350000000017
21
-129.5733400000000017
0
LINE
8
BLACK
6
CONTINUOUS
10
64.6397350000000017
20
-129.5733400000000017
11
64.5523519999999991
21
-129.5594999999999857
0
LINE
8
BLACK
6
CONTINUOUS
10
64.5523519999999991
20
-129.5594999999999857
11
64.3476479999999924
21
-129.5594999999999857
0
LINE
8
BLACK
6
CONTINUOUS
10
64.3476479999999924
20
-129.5594999999999857
11
64.286635000000004
21
-129.5691630000000032
0
LINE
8
BLACK
6
CONTINUOUS
10
64.286635000000004
20
-129.5691630000000032
11
64.1454700000000031
21
-129.5915219999999977
0
LINE
8
BLACK
6
CONTINUOUS
10
64.1454700000000031
20
-129.5915219999999977
11
64.1454629999999923
21
-129.5915229999999951
0
LINE
8
BLACK
6
CONTINUOUS
10
64.1454629999999923
20
-129.5915229999999951
11
63.9507869999999983
21
-129.6547769999999957
0
LINE
8
BLACK
6
CONTINUOUS
10
63.9507869999999983
20
-129.6547769999999957
11
63.9507679999999965
21
-129.6547850000000039
0
LINE
8
BLACK
6
CONTINUOUS
10
63.9507679999999965
20
-129.6547850000000039
11
63.7683999999999997
21
-129.7477059999999938
0
LINE
8
BLACK
6
CONTINUOUS
10
63.7683999999999997
20
-129.7477059999999938
11
63.7683919999999986
21
-129.7477109999999811
0
LINE
8
BLACK
6
CONTINUOUS
10
63.7683919999999986
20
-129.7477109999999811
11
63.7046859999999953
21
-129.7939959999999928
0
LINE
8
BLACK
6
CONTINUOUS
10
63.7046859999999953
20
-129.7939959999999928
11
63.6232489999999942
21
-129.828801999999996
0
LINE
8
BLACK
6
CONTINUOUS
10
63.6232489999999942
20
-129.828801999999996
11
63.5877189999999999
21
-129.8319999999999936
0
LINE
8
BLACK
6
CONTINUOUS
10
63.5877189999999999
20
-129.8319999999999936
11
58.7187339999999978
21
-129.8319999999999936
0
LINE
8
BLACK
6
CONTINUOUS
10
58.7187339999999978
20
-129.8319999999999936
11
58.6572399999999945
21
-129.82226
0
LINE
8
BLACK
6
CONTINUOUS
10
58.6572399999999945
20
-129.82226
11
58.5258029999999962
21
-129.7795529999999928
0
LINE
8
BLACK
6
CONTINUOUS
10
58.5258029999999962
20
-129.7795529999999928
11
58.5257939999999977
21
-129.7795509999999979
0
LINE
8
BLACK
6
CONTINUOUS
10
58.5257939999999977
20
-129.7795509999999979
11
58.3360549999999947
21
-129.7494999999999834
0
LINE
8
BLACK
6
CONTINUOUS
10
58.3360549999999947
20
-129.7494999999999834
11
58.1439449999999951
21
-129.7494999999999834
0
LINE
8
BLACK
6
CONTINUOUS
10
58.1439449999999951
20
-129.7494999999999834
11
57.9542049999999946
21
-129.7795509999999979
0
LINE
8
BLACK
6
CONTINUOUS
10
57.9542049999999946
20
-129.7795509999999979
11
57.954195999999996
21
-129.7795529999999928
0
LINE
8
BLACK
6
CONTINUOUS
10
57.954195999999996
20
-129.7795529999999928
11
57.8227599999999953
21
-129.82226
0
LINE
8
BLACK
6
CONTINUOUS
10
57.8227599999999953
20
-129.82226
11
57.7612659999999991
21
-129.8319999999999936
0
LINE
8
BLACK
6
CONTINUOUS
10
57.7612659999999991
20
-129.8319999999999936
11
56.1787339999999986
21
-129.8319999999999936
0
LINE
8
BLACK
6
CONTINUOUS
10
56.1787339999999986
20
-129.8319999999999936
11
56.1172399999999953
21
-129.82226
0
LINE
8
BLACK
6
CONTINUOUS
10
56.1172399999999953
20
-129.82226
11
55.9858029999999971
21
-129.7795529999999928
0
LINE
8
BLACK
6
CONTINUOUS
10
55.9858029999999971
20
-129.7795529999999928
11
55.9857939999999985
21
-129.7795509999999979
0
LINE
8
BLACK
6
CONTINUOUS
10
55.9857939999999985
20
-129.7795509999999979
11
55.7960549999999955
21
-129.7494999999999834
0
LINE
8
BLACK
6
CONTINUOUS
10
55.7960549999999955
20
-129.7494999999999834
11
55.603944999999996
21
-129.7494999999999834
0
LINE
8
BLACK
6
CONTINUOUS
10
55.603944999999996
20
-129.7494999999999834
11
55.4142049999999955
21
-129.7795509999999979
0
LINE
8
BLACK
6
CONTINUOUS
10
55.4142049999999955
20
-129.7795509999999979
11
55.4141959999999969
21
-129.7795529999999928
0
LINE
8
BLACK
6
CONTINUOUS
10
55.4141959999999969
20
-129.7795529999999928
11
55.2314969999999974
21
-129.8389149999999859
0
LINE
8
BLACK
6
CONTINUOUS
10
55.2314969999999974
20
-129.8389149999999859
11
55.2314839999999947
21
-129.8389209999999991
0
LINE
8
BLACK
6
CONTINUOUS
10
55.2314839999999947
20
-129.8389209999999991
11
55.0603169999999977
21
-129.9261359999999854
0
LINE
8
BLACK
6
CONTINUOUS
10
55.0603169999999977
20
-129.9261359999999854
11
54.9048939999999988
21
-130.0390569999999855
0
LINE
8
BLACK
6
CONTINUOUS
10
54.9048939999999988
20
-130.0390569999999855
11
54.7690559999999991
21
-130.1748949999999923
0
LINE
8
BLACK
6
CONTINUOUS
10
54.7690559999999991
20
-130.1748949999999923
11
54.76905
21
-130.174902000000003
0
LINE
8
BLACK
6
CONTINUOUS
10
54.76905
20
-130.174902000000003
11
54.6579939999999951
21
-130.3277589999999861
0
LINE
8
BLACK
6
CONTINUOUS
10
54.6579939999999951
20
-130.3277589999999861
11
54.5912999999999968
21
-130.3860279999999818
0
LINE
8
BLACK
6
CONTINUOUS
10
54.5912999999999968
20
-130.3860279999999818
11
54.5059279999999973
21
-130.4095899999999801
0
LINE
8
BLACK
6
CONTINUOUS
10
54.5059279999999973
20
-130.4095899999999801
11
54.4187879999999993
21
-130.3937760000000026
0
LINE
8
BLACK
6
CONTINUOUS
10
54.4187879999999993
20
-130.3937760000000026
11
54.3471389999999985
21
-130.3417199999999809
0
LINE
8
BLACK
6
CONTINUOUS
10
54.3471389999999985
20
-130.3417199999999809
11
54.3051709999999943
21
-130.263731000000007
0
LINE
8
BLACK
6
CONTINUOUS
10
54.3051709999999943
20
-130.263731000000007
11
54.2979999999999947
21
-130.2107900000000029
0
LINE
8
BLACK
6
CONTINUOUS
10
54.2979999999999947
20
-130.2107900000000029
11
54.2979999999999947
21
-123.9306270000000012
0
LINE
8
BLACK
6
CONTINUOUS
10
54.2979999999999947
20
-123.9306270000000012
11
54.3077399999999955
21
-123.8691319999999934
0
LINE
8
BLACK
6
CONTINUOUS
10
54.3077399999999955
20
-123.8691319999999934
11
54.3211459999999988
21
-123.8278719999999993
0
LINE
8
BLACK
6
CONTINUOUS
10
54.3211459999999988
20
-123.8278719999999993
11
54.3384769999999975
21
-123.7745339999999885
0
LINE
8
BLACK
6
CONTINUOUS
10
54.3384769999999975
20
-123.7745339999999885
11
54.3704999999999998
21
-123.5723519999999951
0
LINE
8
BLACK
6
CONTINUOUS
10
54.3704999999999998
20
-123.5723519999999951
11
54.3704999999999998
21
-123.3676479999999884
0
LINE
8
BLACK
6
CONTINUOUS
10
54.3704999999999998
20
-123.3676479999999884
11
54.3384769999999975
21
-123.165465999999995
0
LINE
8
BLACK
6
CONTINUOUS
10
54.3384769999999975
20
-123.165465999999995
11
54.280183000000001
21
-122.9860549999999932
0
LINE
8
BLACK
6
CONTINUOUS
10
54.280183000000001
20
-122.9860549999999932
11
54.2752219999999994
21
-122.9707870000000014
0
LINE
8
BLACK
6
CONTINUOUS
10
54.2752219999999994
20
-122.9707870000000014
11
54.2752209999999948
21
-122.9707859999999897
0
LINE
8
BLACK
6
CONTINUOUS
10
54.2752209999999948
20
-122.9707859999999897
11
54.2752199999999974
21
-122.9707809999999881
0
LINE
8
BLACK
6
CONTINUOUS
10
54.2752199999999974
20
-122.9707809999999881
11
54.2752160000000003
21
-122.9707749999999891
0
LINE
8
BLACK
6
CONTINUOUS
10
54.2752160000000003
20
-122.9707749999999891
11
54.2752139999999983
21
-122.9707679999999925
0
LINE
8
BLACK
6
CONTINUOUS
10
54.2752139999999983
20
-122.9707679999999925
11
54.1822929999999943
21
-122.7883999999999958
0
LINE
8
BLACK
6
CONTINUOUS
10
54.1822929999999943
20
-122.7883999999999958
11
54.1822869999999952
21
-122.7883899999999926
0
LINE
8
BLACK
6
CONTINUOUS
10
54.1822869999999952
20
-122.7883899999999926
11
54.0619669999999957
21
-122.6227829999999983
0
LINE
8
BLACK
6
CONTINUOUS
10
54.0619669999999957
20
-122.6227829999999983
11
54.0619659999999982
21
-122.6227809999999891
0
LINE
8
BLACK
6
CONTINUOUS
10
54.0619659999999982
20
-122.6227809999999891
11
53.9172189999999958
21
-122.4780339999999939
0
LINE
8
BLACK
6
CONTINUOUS
10
53.9172189999999958
20
-122.4780339999999939
11
53.7516099999999994
21
-122.3577129999999897
0
LINE
8
BLACK
6
CONTINUOUS
10
53.7516099999999994
20
-122.3577129999999897
11
53.7516109999999969
21
-122.3577129999999897
0
LINE
8
BLACK
6
CONTINUOUS
10
53.7516109999999969
20
-122.3577129999999897
11
53.7516089999999949
21
-122.3577119999999923
0
LINE
8
BLACK
6
CONTINUOUS
10
53.7516089999999949
20
-122.3577119999999923
11
53.7515989999999988
21
-122.3577059999999932
0
LINE
8
BLACK
6
CONTINUOUS
10
53.7515989999999988
20
-122.3577059999999932
11
53.5692309999999949
21
-122.2647849999999892
0
LINE
8
BLACK
6
CONTINUOUS
10
53.5692309999999949
20
-122.2647849999999892
11
53.5692120000000003
21
-122.2647769999999952
0
LINE
8
BLACK
6
CONTINUOUS
10
53.5692120000000003
20
-122.2647769999999952
11
53.3745359999999991
21
-122.2015229999999946
0
LINE
8
BLACK
6
CONTINUOUS
10
53.3745359999999991
20
-122.2015229999999946
11
53.3745289999999954
21
-122.2015219999999971
0
LINE
8
BLACK
6
CONTINUOUS
10
53.3745289999999954
20
-122.2015219999999971
11
53.2597349999999992
21
-122.1833400000000012
0
LINE
8
BLACK
6
CONTINUOUS
10
53.2597349999999992
20
-122.1833400000000012
11
53.1723519999999965
21
-122.1694999999999993
0
LINE
8
BLACK
6
CONTINUOUS
10
53.1723519999999965
20
-122.1694999999999993
11
52.967647999999997
21
-122.1694999999999993
0
LINE
8
BLACK
6
CONTINUOUS
10
52.967647999999997
20
-122.1694999999999993
11
52.9066349999999943
21
-122.1791629999999884
0
LINE
8
BLACK
6
CONTINUOUS
10
52.9066349999999943
20
-122.1791629999999884
11
52.7654700000000005
21
-122.2015219999999971
0
LINE
8
BLACK
6
CONTINUOUS
10
52.7654700000000005
20
-122.2015219999999971
11
52.7654629999999969
21
-122.2015229999999946
0
LINE
8
BLACK
6
CONTINUOUS
10
52.7654629999999969
20
-122.2015229999999946
11
52.5707869999999957
21
-122.2647769999999952
0
LINE
8
BLACK
6
CONTINUOUS
10
52.5707869999999957
20
-122.2647769999999952
11
52.5707680000000011
21
-122.2647849999999892
0
LINE
8
BLACK
6
CONTINUOUS
10
52.5707680000000011
20
-122.2647849999999892
11
52.3883999999999972
21
-122.3577059999999932
0
LINE
8
BLACK
6
CONTINUOUS
10
52.3883999999999972
20
-122.3577059999999932
11
52.3883900000000011
21
-122.3577119999999923
0
LINE
8
BLACK
6
CONTINUOUS
10
52.3883900000000011
20
-122.3577119999999923
11
52.2227829999999997
21
-122.4780319999999989
0
LINE
8
BLACK
6
CONTINUOUS
10
52.2227829999999997
20
-122.4780319999999989
11
52.2227789999999956
21
-122.4780349999999913
0
LINE
8
BLACK
6
CONTINUOUS
10
52.2227789999999956
20
-122.4780349999999913
11
52.0780349999999999
21
-122.6227789999999942
0
LINE
8
BLACK
6
CONTINUOUS
10
52.0780349999999999
20
-122.6227789999999942
11
52.0780320000000003
21
-122.6227829999999983
0
LINE
8
BLACK
6
CONTINUOUS
10
52.0780320000000003
20
-122.6227829999999983
11
51.9577120000000008
21
-122.7883899999999926
0
LINE
8
BLACK
6
CONTINUOUS
10
51.9577120000000008
20
-122.7883899999999926
11
51.9577059999999946
21
-122.7883999999999958
0
LINE
8
BLACK
6
CONTINUOUS
10
51.9577059999999946
20
-122.7883999999999958
11
51.8647849999999977
21
-122.9707679999999925
0
LINE
8
BLACK
6
CONTINUOUS
10
51.8647849999999977
20
-122.9707679999999925
11
51.8647769999999966
21
-122.9707870000000014
0
LINE
8
BLACK
6
CONTINUOUS
10
51.8647769999999966
20
-122.9707870000000014
11
51.801522999999996
21
-123.1654629999999884
0
LINE
8
BLACK
6
CONTINUOUS
10
51.801522999999996
20
-123.1654629999999884
11
51.8015219999999985
21
-123.1654699999999991
0
LINE
8
BLACK
6
CONTINUOUS
10
51.8015219999999985
20
-123.1654699999999991
11
51.7695000000000007
21
-123.3676490000000001
0
LINE
8
BLACK
6
CONTINUOUS
10
51.7695000000000007
20
-123.3676490000000001
11
51.7695000000000007
21
-123.5723500000000001
0
LINE
8
BLACK
6
CONTINUOUS
10
51.7695000000000007
20
-123.5723500000000001
11
51.8015219999999985
21
-123.7745290000000011
0
LINE
8
BLACK
6
CONTINUOUS
10
51.8015219999999985
20
-123.7745290000000011
11
51.801522999999996
21
-123.7745359999999977
0
LINE
8
BLACK
6
CONTINUOUS
10
51.801522999999996
20
-123.7745359999999977
11
51.8647769999999966
21
-123.9692119999999989
0
LINE
8
BLACK
6
CONTINUOUS
10
51.8647769999999966
20
-123.9692119999999989
11
51.8647849999999977
21
-123.9692309999999935
0
LINE
8
BLACK
6
CONTINUOUS
10
51.8647849999999977
20
-123.9692309999999935
11
51.9577059999999946
21
-124.1515989999999903
0
LINE
8
BLACK
6
CONTINUOUS
10
51.9577059999999946
20
-124.1515989999999903
11
51.9577120000000008
21
-124.1516089999999934
0
LINE
8
BLACK
6
CONTINUOUS
10
51.9577120000000008
20
-124.1516089999999934
11
51.9839950000000002
21
-124.1877839999999935
0
LINE
8
BLACK
6
CONTINUOUS
10
51.9839950000000002
20
-124.1877839999999935
11
52.0188020000000009
21
-124.26921999999999
0
LINE
8
BLACK
6
CONTINUOUS
10
52.0188020000000009
20
-124.26921999999999
11
52.0219999999999985
21
-124.3047519999999935
0
LINE
8
BLACK
6
CONTINUOUS
10
52.0219999999999985
20
-124.3047519999999935
11
52.0219999999999985
21
-130.3912489999999877
0
LINE
8
BLACK
6
CONTINUOUS
10
52.0219999999999985
20
-130.3912489999999877
11
52.0122599999999977
21
-130.4527429999999981
0
LINE
8
BLACK
6
CONTINUOUS
10
52.0122599999999977
20
-130.4527429999999981
11
51.9600209999999976
21
-130.6135150000000067
0
LINE
8
BLACK
6
CONTINUOUS
10
51.9600209999999976
20
-130.6135150000000067
11
51.9600189999999955
21
-130.6135229999999865
0
LINE
8
BLACK
6
CONTINUOUS
10
51.9600189999999955
20
-130.6135229999999865
11
51.9319999999999951
21
-130.7904369999999972
0
LINE
8
BLACK
6
CONTINUOUS
10
51.9319999999999951
20
-130.7904369999999972
11
51.9319999999999951
21
-130.9695609999999988
0
LINE
8
BLACK
6
CONTINUOUS
10
51.9319999999999951
20
-130.9695609999999988
11
51.9370499999999993
21
-131.0014459999999872
0
LINE
8
BLACK
6
CONTINUOUS
10
51.9370499999999993
20
-131.0014459999999872
11
51.9394999999999953
21
-131.0325770000000034
0
LINE
8
BLACK
6
CONTINUOUS
10
51.9394999999999953
20
-131.0325770000000034
11
51.9394999999999953
21
-131.0660540000000083
0
LINE
8
BLACK
6
CONTINUOUS
10
51.9394999999999953
20
-131.0660540000000083
11
51.9695509999999956
21
-131.2557939999999803
0
LINE
8
BLACK
6
CONTINUOUS
10
51.9695509999999956
20
-131.2557939999999803
11
51.9695529999999977
21
-131.255802999999986
0
LINE
8
BLACK
6
CONTINUOUS
10
51.9695529999999977
20
-131.255802999999986
11
52.0289149999999978
21
-131.4385019999999997
0
LINE
8
BLACK
6
CONTINUOUS
10
52.0289149999999978
20
-131.4385019999999997
11
52.0289169999999999
21
-131.4385069999999871
0
LINE
8
BLACK
6
CONTINUOUS
10
52.0289169999999999
20
-131.4385069999999871
11
52.0289179999999973
21
-131.4385089999999821
0
LINE
8
BLACK
6
CONTINUOUS
10
52.0289179999999973
20
-131.4385089999999821
11
52.1161349999999999
21
-131.6096809999999948
0
LINE
8
BLACK
6
CONTINUOUS
10
52.1161349999999999
20
-131.6096809999999948
11
52.1579369999999969
21
-131.6672159999999963
0
LINE
8
BLACK
6
CONTINUOUS
10
52.1579369999999969
20
-131.6672159999999963
11
52.2290569999999974
21
-131.7651050000000055
0
LINE
8
BLACK
6
CONTINUOUS
10
52.2290569999999974
20
-131.7651050000000055
11
52.3648939999999996
21
-131.9009419999999864
0
LINE
8
BLACK
6
CONTINUOUS
10
52.3648939999999996
20
-131.9009419999999864
11
52.3648969999999991
21
-131.9009439999999813
0
LINE
8
BLACK
6
CONTINUOUS
10
52.3648969999999991
20
-131.9009439999999813
11
52.3648979999999966
21
-131.9009450000000072
0
LINE
8
BLACK
6
CONTINUOUS
10
52.3648979999999966
20
-131.9009450000000072
11
52.5203190000000006
21
-132.0138649999999814
0
LINE
8
BLACK
6
CONTINUOUS
10
52.5203190000000006
20
-132.0138649999999814
11
52.6914909999999992
21
-132.101081999999991
0
LINE
8
BLACK
6
CONTINUOUS
10
52.6914909999999992
20
-132.101081999999991
11
52.6914960000000008
21
-132.1010829999999885
0
LINE
8
BLACK
6
CONTINUOUS
10
52.6914960000000008
20
-132.1010829999999885
11
52.6914969999999983
21
-132.101083999999986
0
LINE
8
BLACK
6
CONTINUOUS
10
52.6914969999999983
20
-132.101083999999986
11
52.7427589999999995
21
-132.1177399999999977
0
LINE
8
BLACK
6
CONTINUOUS
10
52.7427589999999995
20
-132.1177399999999977
11
52.8741989999999973
21
-132.1604470000000049
0
LINE
8
BLACK
6
CONTINUOUS
10
52.8741989999999973
20
-132.1604470000000049
11
52.8742039999999989
21
-132.1604470000000049
0
LINE
8
BLACK
6
CONTINUOUS
10
52.8742039999999989
20
-132.1604470000000049
11
52.8742049999999963
21
-132.1604480000000024
0
LINE
8
BLACK
6
CONTINUOUS
10
52.8742049999999963
20
-132.1604480000000024
11
52.8948259999999948
21
-132.1637139999999988
0
LINE
8
BLACK
6
CONTINUOUS
10
52.8948259999999948
20
-132.1637139999999988
11
53.0639449999999968
21
-132.1904999999999859
0
LINE
8
BLACK
6
CONTINUOUS
10
53.0639449999999968
20
-132.1904999999999859
11
53.2560549999999964
21
-132.1904999999999859
0
LINE
8
BLACK
6
CONTINUOUS
10
53.2560549999999964
20
-132.1904999999999859
11
53.4458009999999959
21
-132.1604470000000049
0
LINE
8
BLACK
6
CONTINUOUS
10
53.4458009999999959
20
-132.1604470000000049
11
53.6285090000000011
21
-132.101081999999991
0
LINE
8
BLACK
6
CONTINUOUS
10
53.6285090000000011
20
-132.101081999999991
11
53.7996809999999996
21
-132.0138649999999814
0
LINE
8
BLACK
6
CONTINUOUS
10
53.7996809999999996
20
-132.0138649999999814
11
53.9551019999999966
21
-131.9009450000000072
0
LINE
8
BLACK
6
CONTINUOUS
10
53.9551019999999966
20
-131.9009450000000072
11
54.0909449999999978
21
-131.7651019999999846
0
LINE
8
BLACK
6
CONTINUOUS
10
54.0909449999999978
20
-131.7651019999999846
11
54.2038650000000004
21
-131.6096809999999948
0
LINE
8
BLACK
6
CONTINUOUS
10
54.2038650000000004
20
-131.6096809999999948
11
54.2526909999999987
21
-131.5138539999999807
0
LINE
8
BLACK
6
CONTINUOUS
10
54.2526909999999987
20
-131.5138539999999807
11
54.3094479999999962
21
-131.4458709999999826
0
LINE
8
BLACK
6
CONTINUOUS
10
54.3094479999999962
20
-131.4458709999999826
11
54.3900829999999971
21
-131.4092449999999985
0
LINE
8
BLACK
6
CONTINUOUS
10
54.3900829999999971
20
-131.4092449999999985
11
54.4786239999999964
21
-131.4112329999999815
0
LINE
8
BLACK
6
CONTINUOUS
10
54.4786239999999964
20
-131.4112329999999815
11
54.5575349999999943
21
-131.451439999999991
0
LINE
8
BLACK
6
CONTINUOUS
10
54.5575349999999943
20
-131.451439999999991
11
54.6073079999999962
21
-131.5138539999999807
0
LINE
8
BLACK
6
CONTINUOUS
10
54.6073079999999962
20
-131.5138539999999807
11
54.656134999999999
21
-131.6096809999999948
0
LINE
8
BLACK
6
CONTINUOUS
10
54.656134999999999
20
-131.6096809999999948
11
54.697936999999996
21
-131.6672159999999963
0
LINE
8
BLACK
6
CONTINUOUS
10
54.697936999999996
20
-131.6672159999999963
11
54.7690569999999965
21
-131.7651050000000055
0
LINE
8
BLACK
6
CONTINUOUS
10
54.7690569999999965
20
-131.7651050000000055
11
54.9048939999999988
21
-131.9009419999999864
0
LINE
8
BLACK
6
CONTINUOUS
10
54.9048939999999988
20
-131.9009419999999864
11
54.9048969999999983
21
-131.9009439999999813
0
LINE
8
BLACK
6
CONTINUOUS
10
54.9048969999999983
20
-131.9009439999999813
11
54.9048979999999958
21
-131.9009450000000072
0
LINE
8
BLACK
6
CONTINUOUS
10
54.9048979999999958
20
-131.9009450000000072
11
55.0603189999999998
21
-132.0138649999999814
0
LINE
8
BLACK
6
CONTINUOUS
10
55.0603189999999998
20
-132.0138649999999814
11
55.2314909999999983
21
-132.101081999999991
0
LINE
8
BLACK
6
CONTINUOUS
10
55.2314909999999983
20
-132.101081999999991
11
55.2314959999999999
21
-132.1010829999999885
0
LINE
8
BLACK
6
CONTINUOUS
10
55.2314959999999999
20
-132.1010829999999885
11
55.2314969999999974
21
-132.101083999999986
0
LINE
8
BLACK
6
CONTINUOUS
10
55.2314969999999974
20
-132.101083999999986
11
55.2827589999999987
21
-132.1177399999999977
0
LINE
8
BLACK
6
CONTINUOUS
10
55.2827589999999987
20
-132.1177399999999977
11
55.4141989999999964
21
-132.1604470000000049
0
LINE
8
BLACK
6
CONTINUOUS
10
55.4141989999999964
20
-132.1604470000000049
11
55.414203999999998
21
-132.1604470000000049
0
LINE
8
BLACK
6
CONTINUOUS
10
55.414203999999998
20
-132.1604470000000049
11
55.4142049999999955
21
-132.1604480000000024
0
LINE
8
BLACK
6
CONTINUOUS
10
55.4142049999999955
20
-132.1604480000000024
11
55.4348259999999939
21
-132.1637139999999988
0
LINE
8
BLACK
6
CONTINUOUS
10
55.4348259999999939
20
-132.1637139999999988
11
55.603944999999996
21
-132.1904999999999859
0
LINE
8
BLACK
6
CONTINUOUS
10
55.603944999999996
20
-132.1904999999999859
11
55.7960549999999955
21
-132.1904999999999859
0
LINE
8
BLACK
6
CONTINUOUS
10
55.7960549999999955
20
-132.1904999999999859
11
55.985800999999995
21
-132.1604470000000049
0
LINE
8
BLACK
6
CONTINUOUS
10
55.985800999999995
20
-132.1604470000000049
11
56.1172399999999953
21
-132.1177390000000003
0
LINE
8
BLACK
6
CONTINUOUS
10
56.1172399999999953
20
-132.1177390000000003
11
56.1787339999999986
21
-132.1080000000000041
0
LINE
8
BLACK
6
CONTINUOUS
10
56.1787339999999986
20
-132.1080000000000041
11
57.7612659999999991
21
-132.1080000000000041
0
LINE
8
BLACK
6
CONTINUOUS
10
57.7612659999999991
20
-132.1080000000000041
11
57.8227589999999978
21
-132.1177390000000003
0
LINE
8
BLACK
6
CONTINUOUS
10
57.8227589999999978
20
-132.1177390000000003
11
57.9541989999999956
21
-132.1604470000000049
0
LINE
8
BLACK
6
CONTINUOUS
10
57.9541989999999956
20
-132.1604470000000049
11
57.9542039999999972
21
-132.1604470000000049
0
LINE
8
BLACK
6
CONTINUOUS
10
57.9542039999999972
20
-132.1604470000000049
11
57.9542049999999946
21
-132.1604480000000024
0
LINE
8
BLACK
6
CONTINUOUS
10
57.9542049999999946
20
-132.1604480000000024
11
57.9748260000000002
21
-132.1637139999999988
0
LINE
8
BLACK
6
CONTINUOUS
10
57.9748260000000002
20
-132.1637139999999988
11
58.1439449999999951
21
-132.1904999999999859
0
LINE
8
BLACK
6
CONTINUOUS
10
58.1439449999999951
20
-132.1904999999999859
11
58.3360549999999947
21
-132.1904999999999859
0
LINE
8
BLACK
6
CONTINUOUS
10
58.3360549999999947
20
-132.1904999999999859
11
58.5258009999999942
21
-132.1604470000000049
0
LINE
8
BLACK
6
CONTINUOUS
10
58.5258009999999942
20
-132.1604470000000049
11
58.6572399999999945
21
-132.1177390000000003
0
LINE
8
BLACK
6
CONTINUOUS
10
58.6572399999999945
20
-132.1177390000000003
11
58.7187339999999978
21
-132.1080000000000041
0
LINE
8
BLACK
6
CONTINUOUS
10
58.7187339999999978
20
-132.1080000000000041
11
64.0509270000000015
21
-132.1080000000000041
0
LINE
8
BLACK
6
CONTINUOUS
10
64.0509270000000015
20
-132.1080000000000041
11
64.1124200000000002
21
-132.1177390000000003
0
LINE
8
BLACK
6
CONTINUOUS
10
64.1124200000000002
20
-132.1177390000000003
11
64.145465999999999
21
-132.1284770000000037
0
LINE
8
BLACK
6
CONTINUOUS
10
64.145465999999999
20
-132.1284770000000037
11
64.3476479999999924
21
-132.1604999999999848
0
LINE
8
BLACK
6
CONTINUOUS
10
64.3476479999999924
20
-132.1604999999999848
11
64.3476490000000041
21
-132.1604999999999848
0
LINE
8
BLACK
6
CONTINUOUS
10
64.3476490000000041
20
-132.1604999999999848
11
64.5523510000000016
21
-132.1604999999999848
0
LINE
8
BLACK
6
CONTINUOUS
10
64.5523510000000016
20
-132.1604999999999848
11
64.5523519999999991
21
-132.1604999999999848
0
LINE
8
BLACK
6
CONTINUOUS
10
64.5523519999999991
20
-132.1604999999999848
11
64.7545339999999925
21
-132.1284770000000037
0
LINE
8
BLACK
6
CONTINUOUS
10
64.7545339999999925
20
-132.1284770000000037
11
64.9492189999999994
21
-132.0652199999999823
0
LINE
8
BLACK
6
CONTINUOUS
10
64.9492189999999994
20
-132.0652199999999823
11
65.038575999999992
21
-132.0196889999999996
0
LINE
8
BLACK
6
CONTINUOUS
10
65.038575999999992
20
-132.0196889999999996
11
65.0407909999999987
21
-132.0191309999999874
0
LINE
8
BLACK
6
CONTINUOUS
10
65.0407909999999987
20
-132.0191309999999874
11
65.0425779999999918
21
-132.0177070000000015
0
LINE
8
BLACK
6
CONTINUOUS
10
65.0425779999999918
20
-132.0177070000000015
11
65.0836259999999953
21
-132.0083369999999832
0
LINE
8
BLACK
6
CONTINUOUS
10
65.0836259999999953
20
-132.0083369999999832
11
65.1244549999999975
21
-131.9980500000000063
0
LINE
8
BLACK
6
CONTINUOUS
10
65.1244549999999975
20
-131.9980500000000063
11
65.1289209999999912
21
-131.9979999999999905
0
LINE
8
BLACK
6
CONTINUOUS
10
65.1289209999999912
20
-131.9979999999999905
11
65.2975199999999916
21
-131.9979999999999905
0
LINE
8
BLACK
6
CONTINUOUS
10
65.2975199999999916
20
-131.9979999999999905
11
65.383862999999991
21
-132.0177070000000015
0
LINE
8
BLACK
6
CONTINUOUS
10
65.383862999999991
20
-132.0177070000000015
11
65.4531039999999962
21
-132.0729259999999954
0
LINE
8
BLACK
6
CONTINUOUS
10
65.4531039999999962
20
-132.0729259999999954
11
65.4915309999999948
21
-132.152717999999993
0
LINE
8
BLACK
6
CONTINUOUS
10
65.4915309999999948
20
-132.152717999999993
11
65.4915309999999948
21
-132.241281999999984
0
LINE
8
BLACK
6
CONTINUOUS
10
65.4915309999999948
20
-132.241281999999984
11
65.4531039999999962
21
-132.3210739999999817
0
LINE
8
BLACK
6
CONTINUOUS
10
65.4531039999999962
20
-132.3210739999999817
11
65.3878619999999984
21
-132.3743110000000058
0
LINE
8
BLACK
6
CONTINUOUS
10
65.3878619999999984
20
-132.3743110000000058
11
65.3635589999999951
21
-132.3866930000000082
0
LINE
8
BLACK
6
CONTINUOUS
10
65.3635589999999951
20
-132.3866930000000082
11
65.2768590000000017
21
-132.4496849999999881
0
LINE
8
BLACK
6
CONTINUOUS
10
65.2768590000000017
20
-132.4496849999999881
11
65.2186430000000001
21
-132.4919820000000072
0
LINE
8
BLACK
6
CONTINUOUS
10
65.2186430000000001
20
-132.4919820000000072
11
65.218640999999991
21
-132.4919830000000047
0
LINE
8
BLACK
6
CONTINUOUS
10
65.218640999999991
20
-132.4919830000000047
11
65.2186379999999986
21
-132.4919859999999971
0
LINE
8
BLACK
6
CONTINUOUS
10
65.2186379999999986
20
-132.4919859999999971
11
65.2186360000000036
21
-132.4919869999999946
0
LINE
8
BLACK
6
CONTINUOUS
10
65.2186360000000036
20
-132.4919869999999946
11
63.5819839999999985
21
-134.1286389999999926
0
LINE
8
BLACK
6
CONTINUOUS
10
63.5819839999999985
20
-134.1286389999999926
11
63.4766939999999948
21
-134.27355799999998
0
LINE
8
BLACK
6
CONTINUOUS
10
63.4766939999999948
20
-134.27355799999998
11
63.3953699999999998
21
-134.4331659999999999
0
LINE
8
BLACK
6
CONTINUOUS
10
63.3953699999999998
20
-134.4331659999999999
11
63.3826619999999963
21
-134.4722830000000044
0
LINE
8
BLACK
6
CONTINUOUS
10
63.3826619999999963
20
-134.4722830000000044
11
63.3826609999999988
21
-134.4722869999999944
0
LINE
8
BLACK
6
CONTINUOUS
10
63.3826609999999988
20
-134.4722869999999944
11
63.3400219999999976
21
-134.6035139999999899
0
LINE
8
BLACK
6
CONTINUOUS
10
63.3400219999999976
20
-134.6035139999999899
11
63.3400189999999981
21
-134.6035249999999905
0
LINE
8
BLACK
6
CONTINUOUS
10
63.3400189999999981
20
-134.6035249999999905
11
63.3119999999999976
21
-134.7804370000000063
0
LINE
8
BLACK
6
CONTINUOUS
10
63.3119999999999976
20
-134.7804370000000063
11
63.3119999999999976
21
-135.1810789999999827
0
LINE
8
BLACK
6
CONTINUOUS
10
63.3119999999999976
20
-135.1810789999999827
11
63.2922929999999937
21
-135.2674219999999821
0
LINE
8
BLACK
6
CONTINUOUS
10
63.2922929999999937
20
-135.2674219999999821
11
63.2903099999999981
21
-135.2714229999999986
0
LINE
8
BLACK
6
CONTINUOUS
10
63.2903099999999981
20
-135.2714229999999986
11
63.2447819999999936
21
-135.3607749999999896
0
LINE
8
BLACK
6
CONTINUOUS
10
63.2447819999999936
20
-135.3607749999999896
11
63.2447779999999966
21
-135.3607859999999903
0
LINE
8
BLACK
6
CONTINUOUS
10
63.2447779999999966
20
-135.3607859999999903
11
63.1815229999999985
21
-135.5554630000000031
0
LINE
8
BLACK
6
CONTINUOUS
10
63.1815229999999985
20
-135.5554630000000031
11
63.181521999999994
21
-135.5554699999999855
0
LINE
8
BLACK
6
CONTINUOUS
10
63.181521999999994
20
-135.5554699999999855
11
63.175186999999994
21
-135.5954700000000059
0
LINE
8
BLACK
6
CONTINUOUS
10
63.175186999999994
20
-135.5954700000000059
11
63.1494999999999962
21
-135.757647999999989
0
LINE
8
BLACK
6
CONTINUOUS
10
63.1494999999999962
20
-135.757647999999989
11
63.1494999999999962
21
-135.9623519999999814
0
LINE
8
BLACK
6
CONTINUOUS
10
63.1494999999999962
20
-135.9623519999999814
11
63.1688270000000003
21
-136.0843769999999893
0
LINE
8
BLACK
6
CONTINUOUS
10
63.1688270000000003
20
-136.0843769999999893
11
63.181521999999994
21
-136.1645289999999875
0
LINE
8
BLACK
6
CONTINUOUS
10
63.181521999999994
20
-136.1645289999999875
11
63.1815229999999985
21
-136.1645359999999982
0
LINE
8
BLACK
6
CONTINUOUS
10
63.1815229999999985
20
-136.1645359999999982
11
63.1945199999999971
21
-136.2045359999999903
0
LINE
8
BLACK
6
CONTINUOUS
10
63.1945199999999971
20
-136.2045359999999903
11
63.2447799999999987
21
-136.359218999999996
0
LINE
8
BLACK
6
CONTINUOUS
10
63.2447799999999987
20
-136.359218999999996
11
63.3103099999999941
21
-136.487829000000005
0
LINE
8
BLACK
6
CONTINUOUS
10
63.3103099999999941
20
-136.487829000000005
11
63.3319499999999991
21
-136.5737059999999872
0
LINE
8
BLACK
6
CONTINUOUS
10
63.3319499999999991
20
-136.5737059999999872
11
63.3319999999999936
21
-136.578171999999995
0
LINE
8
BLACK
6
CONTINUOUS
10
63.3319999999999936
20
-136.578171999999995
11
63.3319999999999936
21
-138.7630000000000052
0
LINE
8
BLACK
6
CONTINUOUS
10
63.3319999999999936
20
-138.7630000000000052
11
63.3122929999999968
21
-138.8493430000000046
0
LINE
8
BLACK
6
CONTINUOUS
10
63.3122929999999968
20
-138.8493430000000046
11
63.2570739999999958
21
-138.9185839999999814
0
LINE
8
BLACK
6
CONTINUOUS
10
63.2570739999999958
20
-138.9185839999999814
11
63.1772819999999982
21
-138.9570109999999943
0
LINE
8
BLACK
6
CONTINUOUS
10
63.1772819999999982
20
-138.9570109999999943
11
63.1329999999999956
21
-138.9619999999999891
0
LINE
8
BLACK
6
CONTINUOUS
10
63.1329999999999956
20
-138.9619999999999891
11
60.1292189999999991
21
-138.9619999999999891
0
LINE
8
BLACK
6
CONTINUOUS
10
60.1292189999999991
20
-138.9619999999999891
11
60.0428759999999997
21
-138.9422930000000065
0
LINE
8
BLACK
6
CONTINUOUS
10
60.0428759999999997
20
-138.9422930000000065
11
59.9899969999999954
21
-138.9001230000000078
0
LINE
8
BLACK
6
CONTINUOUS
10
59.9899969999999954
20
-138.9001230000000078
11
59.9876059999999995
21
-138.902514999999994
0
LINE
8
BLACK
6
CONTINUOUS
10
59.9876059999999995
20
-138.902514999999994
11
59.9775479999999988
21
-138.8924570000000074
0
LINE
8
BLACK
6
CONTINUOUS
10
59.9775479999999988
20
-138.8924570000000074
11
59.9775459999999967
21
-138.8924539999999865
0
LINE
8
BLACK
6
CONTINUOUS
10
59.9775459999999967
20
-138.8924539999999865
11
59.8623309999999975
21
-138.8062039999999797
0
LINE
8
BLACK
6
CONTINUOUS
10
59.8623309999999975
20
-138.8062039999999797
11
59.7274829999999994
21
-138.7559090000000026
0
LINE
8
BLACK
6
CONTINUOUS
10
59.7274829999999994
20
-138.7559090000000026
11
59.6678730000000002
21
-138.7494999999999834
0
LINE
8
BLACK
6
CONTINUOUS
10
59.6678730000000002
20
-138.7494999999999834
11
59.667866999999994
21
-138.7494999999999834
0
LINE
8
BLACK
6
CONTINUOUS
10
59.667866999999994
20
-138.7494999999999834
11
57.8721229999999949
21
-138.7494999999999834
0
LINE
8
BLACK
6
CONTINUOUS
10
57.8721229999999949
20
-138.7494999999999834
11
57.8125179999999972
21
-138.7559080000000051
0
LINE
8
BLACK
6
CONTINUOUS
10
57.8125179999999972
20
-138.7559080000000051
11
57.6776699999999991
21
-138.8062029999999822
0
LINE
8
BLACK
6
CONTINUOUS
10
57.6776699999999991
20
-138.8062029999999822
11
57.677664
21
-138.8062070000000006
0
LINE
8
BLACK
6
CONTINUOUS
10
57.677664
20
-138.8062070000000006
11
57.5624529999999979
21
-138.8924529999999891
0
LINE
8
BLACK
6
CONTINUOUS
10
57.5624529999999979
20
-138.8924529999999891
11
57.4762069999999952
21
-139.0076640000000054
0
LINE
8
BLACK
6
CONTINUOUS
10
57.4762069999999952
20
-139.0076640000000054
11
57.4762039999999956
21
-139.0076689999999928
0
LINE
8
BLACK
6
CONTINUOUS
10
57.4762039999999956
20
-139.0076689999999928
11
57.4259089999999972
21
-139.142516999999998
0
LINE
8
BLACK
6
CONTINUOUS
10
57.4259089999999972
20
-139.142516999999998
11
57.4194999999999993
21
-139.2021269999999902
0
LINE
8
BLACK
6
CONTINUOUS
10
57.4194999999999993
20
-139.2021269999999902
11
57.4194999999999993
21
-139.2021309999999801
0
LINE
8
BLACK
6
CONTINUOUS
10
57.4194999999999993
20
-139.2021309999999801
11
57.4194999999999993
21
-139.202132000000006
0
LINE
8
BLACK
6
CONTINUOUS
10
57.4194999999999993
20
-139.202132000000006
11
57.4194999999999993
21
-140.9978759999999909
0
LINE
8
BLACK
6
CONTINUOUS
10
57.4194999999999993
20
-140.9978759999999909
11
57.4259079999999997
21
-141.0574809999999957
0
LINE
8
BLACK
6
CONTINUOUS
10
57.4259079999999997
20
-141.0574809999999957
11
57.4762029999999982
21
-141.1923290000000009
0
LINE
8
BLACK
6
CONTINUOUS
10
57.4762029999999982
20
-141.1923290000000009
11
57.4762069999999952
21
-141.1923349999999857
0
LINE
8
BLACK
6
CONTINUOUS
10
57.4762069999999952
20
-141.1923349999999857
11
57.5624529999999979
21
-141.3075460000000021
0
LINE
8
BLACK
6
CONTINUOUS
10
57.5624529999999979
20
-141.3075460000000021
11
57.6482189999999974
21
-141.3717499999999916
0
LINE
8
BLACK
6
CONTINUOUS
10
57.6482189999999974
20
-141.3717499999999916
11
57.6776689999999945
21
-141.3937959999999805
0
LINE
8
BLACK
6
CONTINUOUS
10
57.6776689999999945
20
-141.3937959999999805
11
57.8125169999999997
21
-141.444090999999986
0
LINE
8
BLACK
6
CONTINUOUS
10
57.8125169999999997
20
-141.444090999999986
11
57.872126999999999
21
-141.4505000000000052
0
LINE
8
BLACK
6
CONTINUOUS
10
57.872126999999999
20
-141.4505000000000052
11
59.6678719999999956
21
-141.4504990000000078
0
LINE
8
BLACK
6
CONTINUOUS
10
59.6678719999999956
20
-141.4504990000000078
11
59.6678759999999997
21
-141.4504990000000078
0
LINE
8
BLACK
6
CONTINUOUS
10
59.6678759999999997
20
-141.4504990000000078
11
59.7076119999999975
21
-141.4462269999999933
0
LINE
8
BLACK
6
CONTINUOUS
10
59.7076119999999975
20
-141.4462269999999933
11
59.7274829999999994
21
-141.444090999999986
0
LINE
8
BLACK
6
CONTINUOUS
10
59.7274829999999994
20
-141.444090999999986
11
59.8623309999999975
21
-141.3937959999999805
0
LINE
8
BLACK
6
CONTINUOUS
10
59.8623309999999975
20
-141.3937959999999805
11
59.9775459999999967
21
-141.3075460000000021
0
LINE
8
BLACK
6
CONTINUOUS
10
59.9775459999999967
20
-141.3075460000000021
11
59.9775509999999983
21
-141.3075379999999939
0
LINE
8
BLACK
6
CONTINUOUS
10
59.9775509999999983
20
-141.3075379999999939
11
59.9876059999999995
21
-141.2974849999999947
0
LINE
8
BLACK
6
CONTINUOUS
10
59.9876059999999995
20
-141.2974849999999947
11
59.9904419999999945
21
-141.3003199999999993
0
LINE
8
BLACK
6
CONTINUOUS
10
59.9904419999999945
20
-141.3003199999999993
11
60.0374009999999956
21
-141.2604479999999967
0
LINE
8
BLACK
6
CONTINUOUS
10
60.0374009999999956
20
-141.2604479999999967
11
60.1230969999999942
21
-141.2380939999999896
0
LINE
8
BLACK
6
CONTINUOUS
10
60.1230969999999942
20
-141.2380939999999896
11
60.1292189999999991
21
-141.2379999999999995
0
LINE
8
BLACK
6
CONTINUOUS
10
60.1292189999999991
20
-141.2379999999999995
11
64.0709269999999975
21
-141.2379999999999995
0
LINE
8
BLACK
6
CONTINUOUS
10
64.0709269999999975
20
-141.2379999999999995
11
64.1324199999999962
21
-141.2477389999999957
0
LINE
8
BLACK
6
CONTINUOUS
10
64.1324199999999962
20
-141.2477389999999957
11
64.165465999999995
21
-141.2584769999999992
0
LINE
8
BLACK
6
CONTINUOUS
10
64.165465999999995
20
-141.2584769999999992
11
64.3676480000000026
21
-141.2904999999999802
0
LINE
8
BLACK
6
CONTINUOUS
10
64.3676480000000026
20
-141.2904999999999802
11
64.3676490000000001
21
-141.2904999999999802
0
LINE
8
BLACK
6
CONTINUOUS
10
64.3676490000000001
20
-141.2904999999999802
11
64.5723509999999976
21
-141.2904999999999802
0
LINE
8
BLACK
6
CONTINUOUS
10
64.5723509999999976
20
-141.2904999999999802
11
64.5723519999999951
21
-141.2904999999999802
0
LINE
8
BLACK
6
CONTINUOUS
10
64.5723519999999951
20
-141.2904999999999802
11
64.7745340000000027
21
-141.2584769999999992
0
LINE
8
BLACK
6
CONTINUOUS
10
64.7745340000000027
20
-141.2584769999999992
11
64.9692189999999954
21
-141.1952200000000062
0
LINE
8
BLACK
6
CONTINUOUS
10
64.9692189999999954
20
-141.1952200000000062
11
65.115988999999999
21
-141.1204369999999813
0
LINE
8
BLACK
6
CONTINUOUS
10
65.115988999999999
20
-141.1204369999999813
11
65.1515989999999903
21
-141.1022930000000031
0
LINE
8
BLACK
6
CONTINUOUS
10
65.1515989999999903
20
-141.1022930000000031
11
65.1516029999999944
21
-141.1022899999999822
0
LINE
8
BLACK
6
CONTINUOUS
10
65.1516029999999944
20
-141.1022899999999822
11
65.1516099999999909
21
-141.1022869999999898
0
LINE
8
BLACK
6
CONTINUOUS
10
65.1516099999999909
20
-141.1022869999999898
11
65.3172189999999944
21
-140.9819659999999999
0
LINE
8
BLACK
6
CONTINUOUS
10
65.3172189999999944
20
-140.9819659999999999
11
65.4619660000000039
21
-140.8372190000000046
0
LINE
8
BLACK
6
CONTINUOUS
10
65.4619660000000039
20
-140.8372190000000046
11
65.5822869999999938
21
-140.6716099999999869
0
LINE
8
BLACK
6
CONTINUOUS
10
65.5822869999999938
20
-140.6716099999999869
11
65.5901410000000027
21
-140.6561969999999917
0
LINE
8
BLACK
6
CONTINUOUS
10
65.5901410000000027
20
-140.6561969999999917
11
65.6752139999999969
21
-140.4892309999999895
0
LINE
8
BLACK
6
CONTINUOUS
10
65.6752139999999969
20
-140.4892309999999895
11
65.6752139999999969
21
-140.4892289999999946
0
LINE
8
BLACK
6
CONTINUOUS
10
65.6752139999999969
20
-140.4892289999999946
11
65.6752199999999959
21
-140.4892189999999914
0
LINE
8
BLACK
6
CONTINUOUS
10
65.6752199999999959
20
-140.4892189999999914
11
65.7384770000000032
21
-140.2945339999999987
0
LINE
8
BLACK
6
CONTINUOUS
10
65.7384770000000032
20
-140.2945339999999987
11
65.7704999999999984
21
-140.0923520000000053
0
LINE
8
BLACK
6
CONTINUOUS
10
65.7704999999999984
20
-140.0923520000000053
11
65.7704999999999984
21
-139.8876479999999844
0
LINE
8
BLACK
6
CONTINUOUS
10
65.7704999999999984
20
-139.8876479999999844
11
65.7384770000000032
21
-139.685465999999991
0
LINE
8
BLACK
6
CONTINUOUS
10
65.7384770000000032
20
-139.685465999999991
11
65.6752199999999959
21
-139.4907809999999984
0
LINE
8
BLACK
6
CONTINUOUS
10
65.6752199999999959
20
-139.4907809999999984
11
65.6296899999999965
21
-139.4014229999999941
0
LINE
8
BLACK
6
CONTINUOUS
10
65.6296899999999965
20
-139.4014229999999941
11
65.6080499999999915
21
-139.3155439999999885
0
LINE
8
BLACK
6
CONTINUOUS
10
65.6080499999999915
20
-139.3155439999999885
11
65.6080000000000041
21
-139.3110790000000065
0
LINE
8
BLACK
6
CONTINUOUS
10
65.6080000000000041
20
-139.3110790000000065
11
65.6080000000000041
21
-136.4996679999999856
0
LINE
8
BLACK
6
CONTINUOUS
10
65.6080000000000041
20
-136.4996679999999856
11
65.6277070000000009
21
-136.4133249999999862
0
LINE
8
BLACK
6
CONTINUOUS
10
65.6277070000000009
20
-136.4133249999999862
11
65.629690999999994
21
-136.4093220000000031
0
LINE
8
BLACK
6
CONTINUOUS
10
65.629690999999994
20
-136.4093220000000031
11
65.6552169999999933
21
-136.3592239999999833
0
LINE
8
BLACK
6
CONTINUOUS
10
65.6552169999999933
20
-136.3592239999999833
11
65.6552199999999999
21
-136.359218999999996
0
LINE
8
BLACK
6
CONTINUOUS
10
65.6552199999999999
20
-136.359218999999996
11
65.7184769999999929
21
-136.1645340000000033
0
LINE
8
BLACK
6
CONTINUOUS
10
65.7184769999999929
20
-136.1645340000000033
11
65.7505000000000024
21
-135.9623519999999814
0
LINE
8
BLACK
6
CONTINUOUS
10
65.7505000000000024
20
-135.9623519999999814
11
65.7505000000000024
21
-135.757647999999989
0
LINE
8
BLACK
6
CONTINUOUS
10
65.7505000000000024
20
-135.757647999999989
11
65.7184769999999929
21
-135.5554659999999956
0
LINE
8
BLACK
6
CONTINUOUS
10
65.7184769999999929
20
-135.5554659999999956
11
65.6716579999999936
21
-135.411373999999995
0
LINE
8
BLACK
6
CONTINUOUS
10
65.6716579999999936
20
-135.411373999999995
11
65.6637199999999979
21
-135.3231700000000046
0
LINE
8
BLACK
6
CONTINUOUS
10
65.6637199999999979
20
-135.3231700000000046
11
65.6948390000000018
21
-135.2402539999999931
0
LINE
8
BLACK
6
CONTINUOUS
10
65.6948390000000018
20
-135.2402539999999931
11
65.7201999999999913
21
-135.2091739999999902
0
LINE
8
BLACK
6
CONTINUOUS
10
65.7201999999999913
20
-135.2091739999999902
11
66.3730889999999931
21
-134.5562860000000001
0
LINE
8
BLACK
6
CONTINUOUS
10
66.3730889999999931
20
-134.5562860000000001
11
66.4480779999999953
21
-134.5091669999999908
0
LINE
8
BLACK
6
CONTINUOUS
10
66.4480779999999953
20
-134.5091669999999908
11
66.5138029999999958
21
-134.4979999999999905
0
LINE
8
BLACK
6
CONTINUOUS
10
66.5138029999999958
20
-134.4979999999999905
11
69.0946859999999958
21
-134.4979999999999905
0
LINE
8
BLACK
6
CONTINUOUS
10
69.0946859999999958
20
-134.4979999999999905
11
69.1810289999999952
21
-134.5177070000000015
0
LINE
8
BLACK
6
CONTINUOUS
10
69.1810289999999952
20
-134.5177070000000015
11
69.2502700000000004
21
-134.5729259999999954
0
LINE
8
BLACK
6
CONTINUOUS
10
69.2502700000000004
20
-134.5729259999999954
11
69.2886969999999991
21
-134.652717999999993
0
LINE
8
BLACK
6
CONTINUOUS
10
69.2886969999999991
20
-134.652717999999993
11
69.2886969999999991
21
-134.741281999999984
0
LINE
8
BLACK
6
CONTINUOUS
10
69.2886969999999991
20
-134.741281999999984
11
69.2502700000000004
21
-134.8210739999999817
0
LINE
8
BLACK
6
CONTINUOUS
10
69.2502700000000004
20
-134.8210739999999817
11
69.2116570000000024
21
-134.8579919999999959
0
LINE
8
BLACK
6
CONTINUOUS
10
69.2116570000000024
20
-134.8579919999999959
11
69.1795169999999899
21
-134.8813439999999844
0
LINE
8
BLACK
6
CONTINUOUS
10
69.1795169999999899
20
-134.8813439999999844
11
69.1427779999999927
21
-134.9080359999999814
0
LINE
8
BLACK
6
CONTINUOUS
10
69.1427779999999927
20
-134.9080359999999814
11
68.9980350000000016
21
-135.0527789999999868
0
LINE
8
BLACK
6
CONTINUOUS
10
68.9980350000000016
20
-135.0527789999999868
11
68.9980319999999949
21
-135.0527830000000051
0
LINE
8
BLACK
6
CONTINUOUS
10
68.9980319999999949
20
-135.0527830000000051
11
68.8777120000000025
21
-135.2183899999999994
0
LINE
8
BLACK
6
CONTINUOUS
10
68.8777120000000025
20
-135.2183899999999994
11
68.8777060000000034
21
-135.2184000000000026
0
LINE
8
BLACK
6
CONTINUOUS
10
68.8777060000000034
20
-135.2184000000000026
11
68.7847849999999994
21
-135.4007679999999993
0
LINE
8
BLACK
6
CONTINUOUS
10
68.7847849999999994
20
-135.4007679999999993
11
68.7847769999999912
21
-135.4007869999999798
0
LINE
8
BLACK
6
CONTINUOUS
10
68.7847769999999912
20
-135.4007869999999798
11
68.7215229999999906
21
-135.5954629999999952
0
LINE
8
BLACK
6
CONTINUOUS
10
68.7215229999999906
20
-135.5954629999999952
11
68.7215229999999906
21
-135.5954659999999876
0
LINE
8
BLACK
6
CONTINUOUS
10
68.7215229999999906
20
-135.5954659999999876
11
68.6958359999999999
21
-135.757647999999989
0
LINE
8
BLACK
6
CONTINUOUS
10
68.6958359999999999
20
-135.757647999999989
11
68.6894999999999953
21
-135.7976490000000069
0
LINE
8
BLACK
6
CONTINUOUS
10
68.6894999999999953
20
-135.7976490000000069
11
68.6894999999999953
21
-136.002350000000007
0
LINE
8
BLACK
6
CONTINUOUS
10
68.6894999999999953
20
-136.002350000000007
11
68.7215219999999931
21
-136.204529000000008
0
LINE
8
BLACK
6
CONTINUOUS
10
68.7215219999999931
20
-136.204529000000008
11
68.7215229999999906
21
-136.2045359999999903
0
LINE
8
BLACK
6
CONTINUOUS
10
68.7215229999999906
20
-136.2045359999999903
11
68.7847769999999912
21
-136.3992120000000057
0
LINE
8
BLACK
6
CONTINUOUS
10
68.7847769999999912
20
-136.3992120000000057
11
68.7847849999999994
21
-136.3992309999999861
0
LINE
8
BLACK
6
CONTINUOUS
10
68.7847849999999994
20
-136.3992309999999861
11
68.8777060000000034
21
-136.5815989999999829
0
LINE
8
BLACK
6
CONTINUOUS
10
68.8777060000000034
20
-136.5815989999999829
11
68.8777120000000025
21
-136.5816089999999861
0
LINE
8
BLACK
6
CONTINUOUS
10
68.8777120000000025
20
-136.5816089999999861
11
68.877713
21
-136.5816099999999835
0
LINE
8
BLACK
6
CONTINUOUS
10
68.877713
20
-136.5816099999999835
11
68.9980339999999899
21
-136.7472190000000012
0
LINE
8
BLACK
6
CONTINUOUS
10
68.9980339999999899
20
-136.7472190000000012
11
69.1427809999999994
21
-136.8919659999999965
0
LINE
8
BLACK
6
CONTINUOUS
10
69.1427809999999994
20
-136.8919659999999965
11
69.1699679999999972
21
-136.9117180000000076
0
LINE
8
BLACK
6
CONTINUOUS
10
69.1699679999999972
20
-136.9117180000000076
11
69.2282369999999929
21
-136.9784109999999941
0
LINE
8
BLACK
6
CONTINUOUS
10
69.2282369999999929
20
-136.9784109999999941
11
69.2518000000000029
21
-137.0637820000000033
0
LINE
8
BLACK
6
CONTINUOUS
10
69.2518000000000029
20
-137.0637820000000033
11
69.2519999999999953
21
-137.0727129999999931
0
LINE
8
BLACK
6
CONTINUOUS
10
69.2519999999999953
20
-137.0727129999999931
11
69.2519999999999953
21
-140.6561969999999917
0
LINE
8
BLACK
6
CONTINUOUS
10
69.2519999999999953
20
-140.6561969999999917
11
69.2322929999999985
21
-140.7425399999999911
0
LINE
8
BLACK
6
CONTINUOUS
10
69.2322929999999985
20
-140.7425399999999911
11
69.1937139999999999
21
-140.7969109999999944
0
LINE
8
BLACK
6
CONTINUOUS
10
69.1937139999999999
20
-140.7969109999999944
11
66.9069109999999938
21
-143.0837139999999863
0
LINE
8
BLACK
6
CONTINUOUS
10
66.9069109999999938
20
-143.0837139999999863
11
66.8319230000000033
21
-143.1308329999999955
0
LINE
8
BLACK
6
CONTINUOUS
10
66.8319230000000033
20
-143.1308329999999955
11
66.7661969999999911
21
-143.1419999999999959
0
LINE
8
BLACK
6
CONTINUOUS
10
66.7661969999999911
20
-143.1419999999999959
11
53.1938029999999955
21
-143.1419999999999959
0
LINE
8
BLACK
6
CONTINUOUS
10
53.1938029999999955
20
-143.1419999999999959
11
53.1074599999999961
21
-143.1222929999999849
0
LINE
8
BLACK
6
CONTINUOUS
10
53.1074599999999961
20
-143.1222929999999849
11
53.0530889999999999
21
-143.0837139999999863
0
LINE
8
BLACK
6
CONTINUOUS
10
53.0530889999999999
20
-143.0837139999999863
11
37.1362859999999984
21
-127.1669109999999989
0
LINE
8
BLACK
6
CONTINUOUS
10
37.1362859999999984
20
-127.1669109999999989
11
37.0891669999999962
21
-127.0919229999999942
0
LINE
8
BLACK
6
CONTINUOUS
10
37.0891669999999962
20
-127.0919229999999942
11
37.0779999999999959
21
-127.0261969999999963
0
LINE
8
BLACK
6
CONTINUOUS
10
37.0779999999999959
20
-127.0261969999999963
11
37.0779999999999959
21
-85.5704369999999983
0
LINE
8
BLACK
6
CONTINUOUS
10
37.0779999999999959
20
-85.5704369999999983
11
37.0779999999999959
21
-79.6420140000000032
0
LINE
8
BLACK
6
CONTINUOUS
10
37.0779999999999959
20
-79.6420140000000032
11
37.0779999999999959
21
-78.9638029999999986
0
LINE
8
BLACK
6
CONTINUOUS
10
37.0779999999999959
20
-78.9638029999999986
11
37.0977069999999998
21
-78.8774599999999992
0
LINE
8
BLACK
6
CONTINUOUS
10
37.0977069999999998
20
-78.8774599999999992
11
37.1362859999999984
21
-78.823088999999996
0
LINE
8
BLACK
6
CONTINUOUS
10
37.1362859999999984
20
-78.823088999999996
11
40.0030889999999957
21
-75.9562859999999915
0
LINE
8
BLACK
6
CONTINUOUS
10
40.0030889999999957
20
-75.9562859999999915
11
40.0780770000000004
21
-75.9091669999999965
0
LINE
8
BLACK
6
CONTINUOUS
10
40.0780770000000004
20
-75.9091669999999965
11
40.1438029999999983
21
-75.8979999999999961
0
LINE
8
BLACK
6
CONTINUOUS
10
40.1438029999999983
20
-75.8979999999999961
11
40.857330999999995
21
-75.8979999999999961
0
LINE
8
BLACK
6
CONTINUOUS
10
40.857330999999995
20
-75.8979999999999961
11
40.9436740000000015
21
-75.9177069999999929
0
LINE
8
BLACK
6
CONTINUOUS
10
40.9436740000000015
20
-75.9177069999999929
11
41.0129149999999996
21
-75.9729260000000011
0
LINE
8
BLACK
6
CONTINUOUS
10
41.0129149999999996
20
-75.9729260000000011
11
41.0462300000000013
21
-76.0344049999999925
0
LINE
8
BLACK
6
CONTINUOUS
10
41.0462300000000013
20
-76.0344049999999925
11
41.0776849999999953
21
-76.1293319999999909
0
LINE
8
BLACK
6
CONTINUOUS
10
41.0776849999999953
20
-76.1293319999999909
11
41.0776859999999999
21
-76.1293340000000001
0
LINE
8
BLACK
6
CONTINUOUS
10
41.0776859999999999
20
-76.1293340000000001
11
41.1697879999999969
21
-76.278655999999998
0
LINE
8
BLACK
6
CONTINUOUS
10
41.1697879999999969
20
-76.278655999999998
11
41.293844
21
-76.402711999999994
0
LINE
8
BLACK
6
CONTINUOUS
10
41.293844
20
-76.402711999999994
11
41.443165999999998
21
-76.494813999999991
0
LINE
8
BLACK
6
CONTINUOUS
10
41.443165999999998
20
-76.494813999999991
11
41.6097029999999961
21
-76.5499989999999997
0
LINE
8
BLACK
6
CONTINUOUS
10
41.6097029999999961
20
-76.5499989999999997
11
41.712491
21
-76.5604999999999905
0
LINE
8
BLACK
6
CONTINUOUS
10
41.712491
20
-76.5604999999999905
11
43.9125079999999954
21
-76.560498999999993
0
LINE
8
BLACK
6
CONTINUOUS
10
43.9125079999999954
20
-76.560498999999993
11
44.0152969999999968
21
-76.5499989999999997
0
LINE
8
BLACK
6
CONTINUOUS
10
44.0152969999999968
20
-76.5499989999999997
11
44.1818339999999949
21
-76.494813999999991
0
LINE
8
BLACK
6
CONTINUOUS
10
44.1818339999999949
20
-76.494813999999991
11
44.331156
21
-76.402711999999994
0
LINE
8
BLACK
6
CONTINUOUS
10
44.331156
20
-76.402711999999994
11
44.455211999999996
21
-76.278655999999998
0
LINE
8
BLACK
6
CONTINUOUS
10
44.455211999999996
20
-76.278655999999998
11
44.5473140000000001
21
-76.1293340000000001
0
LINE
8
BLACK
6
CONTINUOUS
10
44.5473140000000001
20
-76.1293340000000001
11
44.5762479999999996
21
-76.0420170000000013
0
LINE
8
BLACK
6
CONTINUOUS
10
44.5762479999999996
20
-76.0420170000000013
11
44.5787709999999961
21
-76.034403999999995
0
LINE
8
BLACK
6
CONTINUOUS
10
44.5787709999999961
20
-76.034403999999995
11
44.6246379999999974
21
-75.9586419999999976
0
LINE
8
BLACK
6
CONTINUOUS
10
44.6246379999999974
20
-75.9586419999999976
11
44.698833999999998
21
-75.9102850000000018
0
LINE
8
BLACK
6
CONTINUOUS
10
44.698833999999998
20
-75.9102850000000018
11
44.7676699999999954
21
-75.8979999999999961
0
LINE
8
BLACK
6
CONTINUOUS
10
44.7676699999999954
20
-75.8979999999999961
11
54.1121239999999943
21
-75.8979999999999961
0
LINE
8
BLACK
6
CONTINUOUS
10
54.1121239999999943
20
-75.8979999999999961
11
54.1882759999999948
21
-75.913146999999995
0
LINE
8
BLACK
6
CONTINUOUS
10
54.1882759999999948
20
-75.913146999999995
11
54.1932779999999994
21
-75.9152179999999959
0
LINE
8
BLACK
6
CONTINUOUS
10
54.1932779999999994
20
-75.9152179999999959
11
54.1932809999999989
21
-75.9152199999999908
0
LINE
8
BLACK
6
CONTINUOUS
10
54.1932809999999989
20
-75.9152199999999908
11
54.3879659999999987
21
-75.978476999999998
0
LINE
8
BLACK
6
CONTINUOUS
10
54.3879659999999987
20
-75.978476999999998
11
54.5901479999999992
21
-76.0104999999999933
0
LINE
8
BLACK
6
CONTINUOUS
10
54.5901479999999992
20
-76.0104999999999933
11
54.5901489999999967
21
-76.0104999999999933
0
LINE
8
BLACK
6
CONTINUOUS
10
54.5901489999999967
20
-76.0104999999999933
11
54.7948509999999942
21
-76.0104999999999933
0
LINE
8
BLACK
6
CONTINUOUS
10
54.7948509999999942
20
-76.0104999999999933
11
54.7948519999999988
21
-76.0104999999999933
0
LINE
8
BLACK
6
CONTINUOUS
10
54.7948519999999988
20
-76.0104999999999933
11
54.9970339999999993
21
-75.978476999999998
0
LINE
8
BLACK
6
CONTINUOUS
10
54.9970339999999993
20
-75.978476999999998
11
55.1917189999999991
21
-75.9152199999999908
0
LINE
8
BLACK
6
CONTINUOUS
10
55.1917189999999991
20
-75.9152199999999908
11
55.2810759999999988
21
-75.8696889999999939
0
LINE
8
BLACK
6
CONTINUOUS
10
55.2810759999999988
20
-75.8696889999999939
11
55.3669549999999973
21
-75.8480500000000006
0
LINE
8
BLACK
6
CONTINUOUS
10
55.3669549999999973
20
-75.8480500000000006
11
55.371420999999998
21
-75.847999999999999
0
LINE
8
BLACK
6
CONTINUOUS
10
55.371420999999998
20
-75.847999999999999
11
64.0461969999999923
21
-75.847999999999999
0
LINE
8
BLACK
6
CONTINUOUS
10
64.0461969999999923
20
-75.847999999999999
11
64.1325399999999917
21
-75.8677069999999958
0
LINE
8
BLACK
6
CONTINUOUS
10
64.1325399999999917
20
-75.8677069999999958
11
64.1869109999999949
21
-75.9062859999999944
0
LINE
8
BLACK
6
CONTINUOUS
10
64.1869109999999949
20
-75.9062859999999944
11
68.7237140000000011
21
-80.4430890000000005
0
LINE
8
BLACK
6
CONTINUOUS
10
68.7237140000000011
20
-80.4430890000000005
11
68.7708329999999961
21
-80.518076999999991
0
LINE
8
BLACK
6
CONTINUOUS
10
68.7708329999999961
20
-80.518076999999991
11
68.7819999999999965
21
-80.5838030000000032
0
LINE
8
BLACK
6
CONTINUOUS
10
68.7819999999999965
20
-80.5838030000000032
11
68.7819999999999965
21
-87.007284999999996
0
LINE
8
BLACK
6
CONTINUOUS
10
68.7819999999999965
20
-87.007284999999996
11
68.7622929999999997
21
-87.0936279999999954
0
LINE
8
BLACK
6
CONTINUOUS
10
68.7622929999999997
20
-87.0936279999999954
11
68.7070739999999915
21
-87.1628690000000006
0
LINE
8
BLACK
6
CONTINUOUS
10
68.7070739999999915
20
-87.1628690000000006
11
68.6999709999999908
21
-87.1682780000000008
0
LINE
8
BLACK
6
CONTINUOUS
10
68.6999709999999908
20
-87.1682780000000008
11
68.6727829999999955
21
-87.1880309999999952
0
LINE
8
BLACK
6
CONTINUOUS
10
68.6727829999999955
20
-87.1880309999999952
11
68.5280309999999986
21
-87.3327839999999895
0
LINE
8
BLACK
6
CONTINUOUS
10
68.5280309999999986
20
-87.3327839999999895
11
68.4077120000000036
21
-87.4983900000000006
0
LINE
8
BLACK
6
CONTINUOUS
10
68.4077120000000036
20
-87.4983900000000006
11
68.4077059999999904
21
-87.4983999999999895
0
LINE
8
BLACK
6
CONTINUOUS
10
68.4077059999999904
20
-87.4983999999999895
11
68.3147850000000005
21
-87.6807680000000005
0
LINE
8
BLACK
6
CONTINUOUS
10
68.3147850000000005
20
-87.6807680000000005
11
68.3147769999999923
21
-87.6807869999999951
0
LINE
8
BLACK
6
CONTINUOUS
10
68.3147769999999923
20
-87.6807869999999951
11
68.2515229999999917
21
-87.8754629999999963
0
LINE
8
BLACK
6
CONTINUOUS
10
68.2515229999999917
20
-87.8754629999999963
11
68.2515219999999943
21
-87.8754699999999929
0
LINE
8
BLACK
6
CONTINUOUS
10
68.2515219999999943
20
-87.8754699999999929
11
68.2194999999999965
21
-88.0776489999999939
0
LINE
8
BLACK
6
CONTINUOUS
10
68.2194999999999965
20
-88.0776489999999939
11
68.2194999999999965
21
-88.2823499999999939
0
LINE
8
BLACK
6
CONTINUOUS
10
68.2194999999999965
20
-88.2823499999999939
11
68.2515219999999943
21
-88.4845289999999949
0
LINE
8
BLACK
6
CONTINUOUS
10
68.2515219999999943
20
-88.4845289999999949
11
68.2515229999999917
21
-88.4845359999999914
0
LINE
8
BLACK
6
CONTINUOUS
10
68.2515229999999917
20
-88.4845359999999914
11
68.3147769999999923
21
-88.6792119999999926
0
LINE
8
BLACK
6
CONTINUOUS
10
68.3147769999999923
20
-88.6792119999999926
11
68.3147850000000005
21
-88.6792310000000015
0
LINE
8
BLACK
6
CONTINUOUS
10
68.3147850000000005
20
-88.6792310000000015
11
68.4077059999999904
21
-88.8615989999999982
0
LINE
8
BLACK
6
CONTINUOUS
10
68.4077059999999904
20
-88.8615989999999982
11
68.4077120000000036
21
-88.8616090000000014
0
LINE
8
BLACK
6
CONTINUOUS
10
68.4077120000000036
20
-88.8616090000000014
11
68.4077130000000011
21
-88.8616099999999989
0
LINE
8
BLACK
6
CONTINUOUS
10
68.4077130000000011
20
-88.8616099999999989
11
68.528033999999991
21
-89.0272190000000023
0
LINE
8
BLACK
6
CONTINUOUS
10
68.528033999999991
20
-89.0272190000000023
11
68.6727810000000005
21
-89.1719659999999976
0
LINE
8
BLACK
6
CONTINUOUS
10
68.6727810000000005
20
-89.1719659999999976
11
68.833872999999997
21
-89.2890049999999889
0
LINE
8
BLACK
6
CONTINUOUS
10
68.833872999999997
20
-89.2890049999999889
11
68.8921429999999901
21
-89.3556990000000013
0
LINE
8
BLACK
6
CONTINUOUS
10
68.8921429999999901
20
-89.3556990000000013
11
68.9157050000000027
21
-89.4410709999999938
0
LINE
8
BLACK
6
CONTINUOUS
10
68.9157050000000027
20
-89.4410709999999938
11
68.8998909999999967
21
-89.5282109999999989
0
LINE
8
BLACK
6
CONTINUOUS
10
68.8998909999999967
20
-89.5282109999999989
11
68.8478360000000009
21
-89.59986099999999
0
LINE
8
BLACK
6
CONTINUOUS
10
68.8478360000000009
20
-89.59986099999999
11
68.833872999999997
21
-89.6109950000000026
0
LINE
8
BLACK
6
CONTINUOUS
10
68.833872999999997
20
-89.6109950000000026
11
68.6727829999999955
21
-89.7280319999999989
0
LINE
8
BLACK
6
CONTINUOUS
10
68.6727829999999955
20
-89.7280319999999989
11
68.6727789999999914
21
-89.7280349999999913
0
LINE
8
BLACK
6
CONTINUOUS
10
68.6727789999999914
20
-89.7280349999999913
11
68.5280350000000027
21
-89.8727789999999942
0
LINE
8
BLACK
6
CONTINUOUS
10
68.5280350000000027
20
-89.8727789999999942
11
68.5280319999999961
21
-89.8727829999999983
0
LINE
8
BLACK
6
CONTINUOUS
10
68.5280319999999961
20
-89.8727829999999983
11
68.4077120000000036
21
-90.0383899999999926
0
LINE
8
BLACK
6
CONTINUOUS
10
68.4077120000000036
20
-90.0383899999999926
11
68.4077059999999904
21
-90.0383999999999958
0
LINE
8
BLACK
6
CONTINUOUS
10
68.4077059999999904
20
-90.0383999999999958
11
68.3147850000000005
21
-90.2207679999999925
0
LINE
8
BLACK
6
CONTINUOUS
10
68.3147850000000005
20
-90.2207679999999925
11
68.3147769999999923
21
-90.2207870000000014
0
LINE
8
BLACK
6
CONTINUOUS
10
68.3147769999999923
20
-90.2207870000000014
11
68.2515229999999917
21
-90.4154630000000026
0
LINE
8
BLACK
6
CONTINUOUS
10
68.2515229999999917
20
-90.4154630000000026
11
68.2515219999999943
21
-90.4154699999999991
0
LINE
8
BLACK
6
CONTINUOUS
10
68.2515219999999943
20
-90.4154699999999991
11
68.2194999999999965
21
-90.6176490000000001
0
LINE
8
BLACK
6
CONTINUOUS
10
68.2194999999999965
20
-90.6176490000000001
11
68.2194999999999965
21
-90.8223500000000001
0
LINE
8
BLACK
6
CONTINUOUS
10
68.2194999999999965
20
-90.8223500000000001
11
68.2515219999999943
21
-91.0245290000000011
0
LINE
8
BLACK
6
CONTINUOUS
10
68.2515219999999943
20
-91.0245290000000011
11
68.2515229999999917
21
-91.0245359999999977
0
LINE
8
BLACK
6
CONTINUOUS
10
68.2515229999999917
20
-91.0245359999999977
11
68.3147769999999923
21
-91.2192119999999989
0
LINE
8
BLACK
6
CONTINUOUS
10
68.3147769999999923
20
-91.2192119999999989
11
68.3147850000000005
21
-91.2192309999999935
0
LINE
8
BLACK
6
CONTINUOUS
10
68.3147850000000005
20
-91.2192309999999935
11
68.4077059999999904
21
-91.4015989999999903
0
LINE
8
BLACK
6
CONTINUOUS
10
68.4077059999999904
20
-91.4015989999999903
11
68.4077120000000036
21
-91.4016089999999934
0
LINE
8
BLACK
6
CONTINUOUS
10
68.4077120000000036
20
-91.4016089999999934
11
68.4077130000000011
21
-91.4016099999999909
0
LINE
8
BLACK
6
CONTINUOUS
10
68.4077130000000011
20
-91.4016099999999909
11
68.528033999999991
21
-91.5672189999999944
0
LINE
8
BLACK
6
CONTINUOUS
10
68.528033999999991
20
-91.5672189999999944
11
68.6727810000000005
21
-91.7119659999999897
0
LINE
8
BLACK
6
CONTINUOUS
10
68.6727810000000005
20
-91.7119659999999897
11
68.833872999999997
21
-91.8290049999999951
0
LINE
8
BLACK
6
CONTINUOUS
10
68.833872999999997
20
-91.8290049999999951
11
68.8921429999999901
21
-91.8956989999999934
0
LINE
8
BLACK
6
CONTINUOUS
10
68.8921429999999901
20
-91.8956989999999934
11
68.9157050000000027
21
-91.981071
0
LINE
8
BLACK
6
CONTINUOUS
10
68.9157050000000027
20
-91.981071
11
68.8998909999999967
21
-92.0682109999999909
0
LINE
8
BLACK
6
CONTINUOUS
10
68.8998909999999967
20
-92.0682109999999909
11
68.8478360000000009
21
-92.1398609999999962
0
LINE
8
BLACK
6
CONTINUOUS
10
68.8478360000000009
20
-92.1398609999999962
11
68.8338760000000036
21
-92.1509920000000022
0
LINE
8
BLACK
6
CONTINUOUS
10
68.8338760000000036
20
-92.1509920000000022
11
68.7973199999999991
21
-92.1775519999999915
0
LINE
8
BLACK
6
CONTINUOUS
10
68.7973199999999991
20
-92.1775519999999915
11
68.6727829999999955
21
-92.2680319999999909
0
LINE
8
BLACK
6
CONTINUOUS
10
68.6727829999999955
20
-92.2680319999999909
11
68.6727789999999914
21
-92.2680349999999976
0
LINE
8
BLACK
6
CONTINUOUS
10
68.6727789999999914
20
-92.2680349999999976
11
68.5280350000000027
21
-92.4127790000000005
0
LINE
8
BLACK
6
CONTINUOUS
10
68.5280350000000027
20
-92.4127790000000005
11
68.5280319999999961
21
-92.4127829999999904
0
LINE
8
BLACK
6
CONTINUOUS
10
68.5280319999999961
20
-92.4127829999999904
11
68.4077120000000036
21
-92.5783899999999988
0
LINE
8
BLACK
6
CONTINUOUS
10
68.4077120000000036
20
-92.5783899999999988
11
68.4077059999999904
21
-92.578400000000002
0
LINE
8
BLACK
6
CONTINUOUS
10
68.4077059999999904
20
-92.578400000000002
11
68.3147850000000005
21
-92.7607679999999988
0
LINE
8
BLACK
6
CONTINUOUS
10
68.3147850000000005
20
-92.7607679999999988
11
68.3147769999999923
21
-92.7607869999999934
0
LINE
8
BLACK
6
CONTINUOUS
10
68.3147769999999923
20
-92.7607869999999934
11
68.2515229999999917
21
-92.9554629999999946
0
LINE
8
BLACK
6
CONTINUOUS
10
68.2515229999999917
20
-92.9554629999999946
11
68.2515219999999943
21
-92.9554699999999912
0
LINE
8
BLACK
6
CONTINUOUS
10
68.2515219999999943
20
-92.9554699999999912
11
68.2194999999999965
21
-93.1576489999999922
0
LINE
8
BLACK
6
CONTINUOUS
10
68.2194999999999965
20
-93.1576489999999922
11
68.2194999999999965
21
-93.3623499999999922
0
LINE
8
BLACK
6
CONTINUOUS
10
68.2194999999999965
20
-93.3623499999999922
11
68.2515219999999943
21
-93.5645289999999932
0
LINE
8
BLACK
6
CONTINUOUS
10
68.2515219999999943
20
-93.5645289999999932
11
68.2515229999999917
21
-93.5645359999999897
0
LINE
8
BLACK
6
CONTINUOUS
10
68.2515229999999917
20
-93.5645359999999897
11
68.3147769999999923
21
-93.7592119999999909
0
LINE
8
BLACK
6
CONTINUOUS
10
68.3147769999999923
20
-93.7592119999999909
11
68.3147850000000005
21
-93.7592309999999998
0
LINE
8
BLACK
6
CONTINUOUS
10
68.3147850000000005
20
-93.7592309999999998
11
68.4077059999999904
21
-93.9415989999999965
0
LINE
8
BLACK
6
CONTINUOUS
10
68.4077059999999904
20
-93.9415989999999965
11
68.4077120000000036
21
-93.9416089999999997
0
LINE
8
BLACK
6
CONTINUOUS
10
68.4077120000000036
20
-93.9416089999999997
11
68.4077130000000011
21
-93.9416099999999972
0
LINE
8
BLACK
6
CONTINUOUS
10
68.4077130000000011
20
-93.9416099999999972
11
68.528033999999991
21
-94.1072190000000006
0
LINE
8
BLACK
6
CONTINUOUS
10
68.528033999999991
20
-94.1072190000000006
11
68.6727810000000005
21
-94.2519659999999959
0
LINE
8
BLACK
6
CONTINUOUS
10
68.6727810000000005
20
-94.2519659999999959
11
68.8342999999999989
21
-94.3693150000000003
0
LINE
8
BLACK
6
CONTINUOUS
10
68.8342999999999989
20
-94.3693150000000003
11
68.8925669999999997
21
-94.4360059999999919
0
LINE
8
BLACK
6
CONTINUOUS
10
68.8925669999999997
20
-94.4360059999999919
11
68.916128999999998
21
-94.5213770000000011
0
LINE
8
BLACK
6
CONTINUOUS
10
68.916128999999998
20
-94.5213770000000011
11
68.9003160000000037
21
-94.608516999999992
0
LINE
8
BLACK
6
CONTINUOUS
10
68.9003160000000037
20
-94.608516999999992
11
68.8482599999999962
21
-94.6801669999999973
0
LINE
8
BLACK
6
CONTINUOUS
10
68.8482599999999962
20
-94.6801669999999973
11
68.8342990000000015
21
-94.6913009999999957
0
LINE
8
BLACK
6
CONTINUOUS
10
68.8342990000000015
20
-94.6913009999999957
11
68.6731049999999925
21
-94.8084149999999966
0
LINE
8
BLACK
6
CONTINUOUS
10
68.6731049999999925
20
-94.8084149999999966
11
68.5284159999999929
21
-94.9531039999999962
0
LINE
8
BLACK
6
CONTINUOUS
10
68.5284159999999929
20
-94.9531039999999962
11
68.5284099999999938
21
-94.9531109999999927
0
LINE
8
BLACK
6
CONTINUOUS
10
68.5284099999999938
20
-94.9531109999999927
11
68.408141999999998
21
-95.1186459999999983
0
LINE
8
BLACK
6
CONTINUOUS
10
68.408141999999998
20
-95.1186459999999983
11
68.4081410000000005
21
-95.1186479999999932
0
LINE
8
BLACK
6
CONTINUOUS
10
68.4081410000000005
20
-95.1186479999999932
11
68.3857969999999966
21
-95.1624999999999943
0
LINE
8
BLACK
6
CONTINUOUS
10
68.3857969999999966
20
-95.1624999999999943
11
69.0410579999999925
21
-95.1624999999999943
0
LINE
8
BLACK
6
CONTINUOUS
10
69.0410579999999925
20
-95.1624999999999943
11
69.1428829999999977
21
-95.0944629999999904
0
LINE
8
BLACK
6
CONTINUOUS
10
69.1428829999999977
20
-95.0944629999999904
11
69.2877720000000039
21
-95.0344479999999976
0
LINE
8
BLACK
6
CONTINUOUS
10
69.2877720000000039
20
-95.0344479999999976
11
69.4415860000000009
21
-95.0038519999999949
0
LINE
8
BLACK
6
CONTINUOUS
10
69.4415860000000009
20
-95.0038519999999949
11
69.519999999999996
21
-95.
0
LINE
8
BLACK
6
CONTINUOUS
10
69.519999999999996
20
-95.
11
70.3199999999999932
21
-95.
0
LINE
8
BLACK
6
CONTINUOUS
10
70.3199999999999932
20
-95.
11
70.3984140000000025
21
-95.0038519999999949
0
LINE
8
BLACK
6
CONTINUOUS
10
70.3984140000000025
20
-95.0038519999999949
11
70.5522279999999995
21
-95.0344479999999976
0
LINE
8
BLACK
6
CONTINUOUS
10
70.5522279999999995
20
-95.0344479999999976
11
70.6971169999999915
21
-95.0944629999999904
0
LINE
8
BLACK
6
CONTINUOUS
10
70.6971169999999915
20
-95.0944629999999904
11
70.8275149999999911
21
-95.1815919999999949
0
LINE
8
BLACK
6
CONTINUOUS
10
70.8275149999999911
20
-95.1815919999999949
11
70.9384079999999955
21
-95.2924849999999992
0
LINE
8
BLACK
6
CONTINUOUS
10
70.9384079999999955
20
-95.2924849999999992
11
71.0255369999999999
21
-95.4228829999999988
0
LINE
8
BLACK
6
CONTINUOUS
10
71.0255369999999999
20
-95.4228829999999988
11
71.0781909999999897
21
-95.5499999999999972
0
LINE
8
BLACK
6
CONTINUOUS
10
71.0781909999999897
20
-95.5499999999999972
11
71.5966090000000008
21
-95.5499999999999972
0
LINE
8
BLACK
6
CONTINUOUS
10
71.5966090000000008
20
-95.5499999999999972
11
71.5966090000000008
21
-95.5499989999999997
0
LINE
8
BLACK
6
CONTINUOUS
10
71.5966090000000008
20
-95.5499989999999997
11
71.5879899999999907
21
-95.4955859999999888
0
LINE
8
BLACK
6
CONTINUOUS
10
71.5879899999999907
20
-95.4955859999999888
11
71.5879899999999907
21
-95.4955829999999963
0
LINE
8
BLACK
6
CONTINUOUS
10
71.5879899999999907
20
-95.4955829999999963
11
71.5247579999999914
21
-95.3009759999999915
0
LINE
8
BLACK
6
CONTINUOUS
10
71.5247579999999914
20
-95.3009759999999915
11
71.5247569999999939
21
-95.300972999999999
0
LINE
8
BLACK
6
CONTINUOUS
10
71.5247569999999939
20
-95.300972999999999
11
71.4318579999999912
21
-95.1186479999999932
0
LINE
8
BLACK
6
CONTINUOUS
10
71.4318579999999912
20
-95.1186479999999932
11
71.4318569999999937
21
-95.1186459999999983
0
LINE
8
BLACK
6
CONTINUOUS
10
71.4318569999999937
20
-95.1186459999999983
11
71.3115889999999979
21
-94.9531109999999927
0
LINE
8
BLACK
6
CONTINUOUS
10
71.3115889999999979
20
-94.9531109999999927
11
71.3115829999999988
21
-94.9531039999999962
0
LINE
8
BLACK
6
CONTINUOUS
10
71.3115829999999988
20
-94.9531039999999962
11
71.1668949999999967
21
-94.808415999999994
0
LINE
8
BLACK
6
CONTINUOUS
10
71.1668949999999967
20
-94.808415999999994
11
71.1668880000000001
21
-94.808409999999995
0
LINE
8
BLACK
6
CONTINUOUS
10
71.1668880000000001
20
-94.808409999999995
11
71.0974959999999925
21
-94.7579939999999965
0
LINE
8
BLACK
6
CONTINUOUS
10
71.0974959999999925
20
-94.7579939999999965
11
71.0392259999999993
21
-94.6912999999999982
0
LINE
8
BLACK
6
CONTINUOUS
10
71.0392259999999993
20
-94.6912999999999982
11
71.0156649999999985
21
-94.6059279999999916
0
LINE
8
BLACK
6
CONTINUOUS
10
71.0156649999999985
20
-94.6059279999999916
11
71.0314789999999903
21
-94.5187880000000007
0
LINE
8
BLACK
6
CONTINUOUS
10
71.0314789999999903
20
-94.5187880000000007
11
71.0835349999999977
21
-94.4471389999999928
0
LINE
8
BLACK
6
CONTINUOUS
10
71.0835349999999977
20
-94.4471389999999928
11
71.161524
21
-94.4051709999999957
0
LINE
8
BLACK
6
CONTINUOUS
10
71.161524
20
-94.4051709999999957
11
71.2144649999999899
21
-94.3979999999999961
0
LINE
8
BLACK
6
CONTINUOUS
10
71.2144649999999899
20
-94.3979999999999961
11
72.7861970000000014
21
-94.3979999999999961
0
LINE
8
BLACK
6
CONTINUOUS
10
72.7861970000000014
20
-94.3979999999999961
11
72.8725400000000008
21
-94.4177069999999929
0
LINE
8
BLACK
6
CONTINUOUS
10
72.8725400000000008
20
-94.4177069999999929
11
72.9269109999999898
21
-94.4562859999999915
0
LINE
8
BLACK
6
CONTINUOUS
10
72.9269109999999898
20
-94.4562859999999915
11
75.1037139999999965
21
-96.6330889999999982
0
LINE
8
BLACK
6
CONTINUOUS
10
75.1037139999999965
20
-96.6330889999999982
11
75.1508329999999916
21
-96.7080769999999887
0
LINE
8
BLACK
6
CONTINUOUS
10
75.1508329999999916
20
-96.7080769999999887
11
75.1619999999999919
21
-96.7738030000000009
0
LINE
8
BLACK
6
CONTINUOUS
10
75.1619999999999919
20
-96.7738030000000009
11
75.1619999999999919
21
-97.6210789999999946
0
LINE
8
BLACK
6
CONTINUOUS
10
75.1619999999999919
20
-97.6210789999999946
11
75.1422929999999951
21
-97.707421999999994
0
LINE
8
BLACK
6
CONTINUOUS
10
75.1422929999999951
20
-97.707421999999994
11
75.1403099999999995
21
-97.7114229999999964
0
LINE
8
BLACK
6
CONTINUOUS
10
75.1403099999999995
20
-97.7114229999999964
11
75.094781999999995
21
-97.8007750000000016
0
LINE
8
BLACK
6
CONTINUOUS
10
75.094781999999995
20
-97.8007750000000016
11
75.0947779999999909
21
-97.8007860000000022
0
LINE
8
BLACK
6
CONTINUOUS
10
75.0947779999999909
20
-97.8007860000000022
11
75.0315229999999929
21
-97.9954630000000009
0
LINE
8
BLACK
6
CONTINUOUS
10
75.0315229999999929
20
-97.9954630000000009
11
75.0315219999999954
21
-97.9954699999999974
0
LINE
8
BLACK
6
CONTINUOUS
10
75.0315219999999954
20
-97.9954699999999974
11
74.9994999999999976
21
-98.1976489999999984
0
LINE
8
BLACK
6
CONTINUOUS
10
74.9994999999999976
20
-98.1976489999999984
11
74.9994999999999976
21
-98.4023499999999984
0
LINE
8
BLACK
6
CONTINUOUS
10
74.9994999999999976
20
-98.4023499999999984
11
75.0315219999999954
21
-98.6045289999999994
0
LINE
8
BLACK
6
CONTINUOUS
10
75.0315219999999954
20
-98.6045289999999994
11
75.0315229999999929
21
-98.604535999999996
0
LINE
8
BLACK
6
CONTINUOUS
10
75.0315229999999929
20
-98.604535999999996
11
75.0947769999999934
21
-98.7992119999999971
0
LINE
8
BLACK
6
CONTINUOUS
10
75.0947769999999934
20
-98.7992119999999971
11
75.0947850000000017
21
-98.7992309999999918
0
LINE
8
BLACK
6
CONTINUOUS
10
75.0947850000000017
20
-98.7992309999999918
11
75.1877089999999981
21
-98.9816039999999902
0
LINE
8
BLACK
6
CONTINUOUS
10
75.1877089999999981
20
-98.9816039999999902
11
75.193995000000001
21
-98.9902560000000022
0
LINE
8
BLACK
6
CONTINUOUS
10
75.193995000000001
20
-98.9902560000000022
11
75.2288020000000017
21
-99.0716929999999962
0
LINE
8
BLACK
6
CONTINUOUS
10
75.2288020000000017
20
-99.0716929999999962
11
75.2319999999999993
21
-99.1072249999999997
0
LINE
8
BLACK
6
CONTINUOUS
10
75.2319999999999993
20
-99.1072249999999997
11
75.2319999999999993
21
-102.3529999999999944
0
LINE
8
BLACK
6
CONTINUOUS
10
75.2319999999999993
20
-102.3529999999999944
11
75.2122930000000025
21
-102.4393429999999938
0
LINE
8
BLACK
6
CONTINUOUS
10
75.2122930000000025
20
-102.4393429999999938
11
75.1570739999999944
21
-102.508583999999999
0
LINE
8
BLACK
6
CONTINUOUS
10
75.1570739999999944
20
-102.508583999999999
11
75.0772819999999967
21
-102.5470109999999977
0
LINE
8
BLACK
6
CONTINUOUS
10
75.0772819999999967
20
-102.5470109999999977
11
75.0330000000000013
21
-102.5519999999999925
0
LINE
8
BLACK
6
CONTINUOUS
10
75.0330000000000013
20
-102.5519999999999925
11
71.1289209999999912
21
-102.5519999999999925
0
LINE
8
BLACK
6
CONTINUOUS
10
71.1289209999999912
20
-102.5519999999999925
11
71.0425779999999918
21
-102.5322929999999957
0
LINE
8
BLACK
6
CONTINUOUS
10
71.0425779999999918
20
-102.5322929999999957
11
71.038575999999992
21
-102.5303100000000001
0
LINE
8
BLACK
6
CONTINUOUS
10
71.038575999999992
20
-102.5303100000000001
11
70.9492189999999994
21
-102.4847800000000007
0
LINE
8
BLACK
6
CONTINUOUS
10
70.9492189999999994
20
-102.4847800000000007
11
70.9492139999999978
21
-102.4847779999999915
0
LINE
8
BLACK
6
CONTINUOUS
10
70.9492139999999978
20
-102.4847779999999915
11
70.7545360000000016
21
-102.4215229999999934
0
LINE
8
BLACK
6
CONTINUOUS
10
70.7545360000000016
20
-102.4215229999999934
11
70.7545289999999909
21
-102.421521999999996
0
LINE
8
BLACK
6
CONTINUOUS
10
70.7545289999999909
20
-102.421521999999996
11
70.6060179999999917
21
-102.3979999999999961
0
LINE
8
BLACK
6
CONTINUOUS
10
70.6060179999999917
20
-102.3979999999999961
11
70.5523519999999991
21
-102.3894999999999982
0
LINE
8
BLACK
6
CONTINUOUS
10
70.5523519999999991
20
-102.3894999999999982
11
70.3476479999999924
21
-102.3894999999999982
0
LINE
8
BLACK
6
CONTINUOUS
10
70.3476479999999924
20
-102.3894999999999982
11
70.2939819999999997
21
-102.3979999999999961
0
LINE
8
BLACK
6
CONTINUOUS
10
70.2939819999999997
20
-102.3979999999999961
11
70.1454700000000031
21
-102.421521999999996
0
LINE
8
BLACK
6
CONTINUOUS
10
70.1454700000000031
20
-102.421521999999996
11
70.1454629999999923
21
-102.4215229999999934
0
LINE
8
BLACK
6
CONTINUOUS
10
70.1454629999999923
20
-102.4215229999999934
11
69.9507869999999912
21
-102.484776999999994
0
LINE
8
BLACK
6
CONTINUOUS
10
69.9507869999999912
20
-102.484776999999994
11
69.9507679999999965
21
-102.4847850000000022
0
LINE
8
BLACK
6
CONTINUOUS
10
69.9507679999999965
20
-102.4847850000000022
11
69.7683999999999997
21
-102.5777059999999921
0
LINE
8
BLACK
6
CONTINUOUS
10
69.7683999999999997
20
-102.5777059999999921
11
69.7683899999999966
21
-102.5777119999999911
0
LINE
8
BLACK
6
CONTINUOUS
10
69.7683899999999966
20
-102.5777119999999911
11
69.6027830000000023
21
-102.6980319999999978
0
LINE
8
BLACK
6
CONTINUOUS
10
69.6027830000000023
20
-102.6980319999999978
11
69.6027789999999982
21
-102.6980349999999902
0
LINE
8
BLACK
6
CONTINUOUS
10
69.6027789999999982
20
-102.6980349999999902
11
69.4580349999999953
21
-102.8427789999999931
0
LINE
8
BLACK
6
CONTINUOUS
10
69.4580349999999953
20
-102.8427789999999931
11
69.4580320000000029
21
-102.8427829999999972
0
LINE
8
BLACK
6
CONTINUOUS
10
69.4580320000000029
20
-102.8427829999999972
11
69.3377119999999962
21
-103.0083899999999915
0
LINE
8
BLACK
6
CONTINUOUS
10
69.3377119999999962
20
-103.0083899999999915
11
69.3377059999999972
21
-103.0083999999999946
0
LINE
8
BLACK
6
CONTINUOUS
10
69.3377059999999972
20
-103.0083999999999946
11
69.2447849999999931
21
-103.1907679999999914
0
LINE
8
BLACK
6
CONTINUOUS
10
69.2447849999999931
20
-103.1907679999999914
11
69.2447769999999991
21
-103.1907870000000003
0
LINE
8
BLACK
6
CONTINUOUS
10
69.2447769999999991
20
-103.1907870000000003
11
69.1815229999999985
21
-103.3854630000000014
0
LINE
8
BLACK
6
CONTINUOUS
10
69.1815229999999985
20
-103.3854630000000014
11
69.1815220000000011
21
-103.385469999999998
0
LINE
8
BLACK
6
CONTINUOUS
10
69.1815220000000011
20
-103.385469999999998
11
69.1495000000000033
21
-103.587648999999999
0
LINE
8
BLACK
6
CONTINUOUS
10
69.1495000000000033
20
-103.587648999999999
11
69.1495000000000033
21
-103.792349999999999
0
LINE
8
BLACK
6
CONTINUOUS
10
69.1495000000000033
20
-103.792349999999999
11
69.1815220000000011
21
-103.994529
0
LINE
8
BLACK
6
CONTINUOUS
10
69.1815220000000011
20
-103.994529
11
69.1815229999999985
21
-103.9945359999999965
0
LINE
8
BLACK
6
CONTINUOUS
10
69.1815229999999985
20
-103.9945359999999965
11
69.2447769999999991
21
-104.1892119999999977
0
LINE
8
BLACK
6
CONTINUOUS
10
69.2447769999999991
20
-104.1892119999999977
11
69.2447849999999931
21
-104.1892309999999924
0
LINE
8
BLACK
6
CONTINUOUS
10
69.2447849999999931
20
-104.1892309999999924
11
69.3377059999999972
21
-104.3715989999999891
0
LINE
8
BLACK
6
CONTINUOUS
10
69.3377059999999972
20
-104.3715989999999891
11
69.3377119999999962
21
-104.3716089999999923
0
LINE
8
BLACK
6
CONTINUOUS
10
69.3377119999999962
20
-104.3716089999999923
11
69.3377129999999937
21
-104.3716099999999898
0
LINE
8
BLACK
6
CONTINUOUS
10
69.3377129999999937
20
-104.3716099999999898
11
69.4580339999999978
21
-104.5372189999999932
0
LINE
8
BLACK
6
CONTINUOUS
10
69.4580339999999978
20
-104.5372189999999932
11
69.6027809999999931
21
-104.6819659999999885
0
LINE
8
BLACK
6
CONTINUOUS
10
69.6027809999999931
20
-104.6819659999999885
11
69.7683899999999966
21
-104.8022869999999926
0
LINE
8
BLACK
6
CONTINUOUS
10
69.7683899999999966
20
-104.8022869999999926
11
69.7683999999999997
21
-104.8022929999999917
0
LINE
8
BLACK
6
CONTINUOUS
10
69.7683999999999997
20
-104.8022929999999917
11
69.9507679999999965
21
-104.8952139999999957
0
LINE
8
BLACK
6
CONTINUOUS
10
69.9507679999999965
20
-104.8952139999999957
11
69.950774999999993
21
-104.8952159999999907
0
LINE
8
BLACK
6
CONTINUOUS
10
69.950774999999993
20
-104.8952159999999907
11
69.9507809999999921
21
-104.8952199999999948
0
LINE
8
BLACK
6
CONTINUOUS
10
69.9507809999999921
20
-104.8952199999999948
11
69.9507859999999937
21
-104.8952209999999923
0
LINE
8
BLACK
6
CONTINUOUS
10
69.9507859999999937
20
-104.8952209999999923
11
69.9507869999999912
21
-104.8952219999999897
0
LINE
8
BLACK
6
CONTINUOUS
10
69.9507869999999912
20
-104.8952219999999897
11
70.043807000000001
21
-104.9254459999999938
0
LINE
8
BLACK
6
CONTINUOUS
10
70.043807000000001
20
-104.9254459999999938
11
70.145465999999999
21
-104.958477000000002
0
LINE
8
BLACK
6
CONTINUOUS
10
70.145465999999999
20
-104.958477000000002
11
70.3476479999999924
21
-104.9904999999999973
0
LINE
8
BLACK
6
CONTINUOUS
10
70.3476479999999924
20
-104.9904999999999973
11
70.3476489999999899
21
-104.9904999999999973
0
LINE
8
BLACK
6
CONTINUOUS
10
70.3476489999999899
20
-104.9904999999999973
11
70.5523510000000016
21
-104.9904999999999973
0
LINE
8
BLACK
6
CONTINUOUS
10
70.5523510000000016
20
-104.9904999999999973
11
70.5523519999999991
21
-104.9904999999999973
0
LINE
8
BLACK
6
CONTINUOUS
10
70.5523519999999991
20
-104.9904999999999973
11
70.7545339999999925
21
-104.958477000000002
0
LINE
8
BLACK
6
CONTINUOUS
10
70.7545339999999925
20
-104.958477000000002
11
70.9492189999999994
21
-104.8952199999999948
0
LINE
8
BLACK
6
CONTINUOUS
10
70.9492189999999994
20
-104.8952199999999948
11
71.038575999999992
21
-104.8496889999999979
0
LINE
8
BLACK
6
CONTINUOUS
10
71.038575999999992
20
-104.8496889999999979
11
71.1244549999999975
21
-104.8280499999999904
0
LINE
8
BLACK
6
CONTINUOUS
10
71.1244549999999975
20
-104.8280499999999904
11
71.1289209999999912
21
-104.8279999999999887
0
LINE
8
BLACK
6
CONTINUOUS
10
71.1289209999999912
20
-104.8279999999999887
11
75.4251359999999949
21
-104.8279999999999887
0
LINE
8
BLACK
6
CONTINUOUS
10
75.4251359999999949
20
-104.8279999999999887
11
75.5114789999999942
21
-104.8477069999999998
0
LINE
8
BLACK
6
CONTINUOUS
10
75.5114789999999942
20
-104.8477069999999998
11
75.5421039999999948
21
-104.8660050000000012
0
LINE
8
BLACK
6
CONTINUOUS
10
75.5421039999999948
20
-104.8660050000000012
11
75.6883899999999983
21
-104.9722869999999944
0
LINE
8
BLACK
6
CONTINUOUS
10
75.6883899999999983
20
-104.9722869999999944
11
75.6884000000000015
21
-104.9722929999999934
0
LINE
8
BLACK
6
CONTINUOUS
10
75.6884000000000015
20
-104.9722929999999934
11
75.8707679999999982
21
-105.0652139999999974
0
LINE
8
BLACK
6
CONTINUOUS
10
75.8707679999999982
20
-105.0652139999999974
11
75.8707749999999947
21
-105.0652159999999924
0
LINE
8
BLACK
6
CONTINUOUS
10
75.8707749999999947
20
-105.0652159999999924
11
75.8707809999999938
21
-105.0652199999999965
0
LINE
8
BLACK
6
CONTINUOUS
10
75.8707809999999938
20
-105.0652199999999965
11
75.8707859999999954
21
-105.065220999999994
0
LINE
8
BLACK
6
CONTINUOUS
10
75.8707859999999954
20
-105.065220999999994
11
75.8707869999999929
21
-105.0652219999999915
0
LINE
8
BLACK
6
CONTINUOUS
10
75.8707869999999929
20
-105.0652219999999915
11
75.9556539999999956
21
-105.0927969999999902
0
LINE
8
BLACK
6
CONTINUOUS
10
75.9556539999999956
20
-105.0927969999999902
11
76.0654660000000007
21
-105.1284769999999895
0
LINE
8
BLACK
6
CONTINUOUS
10
76.0654660000000007
20
-105.1284769999999895
11
76.2676479999999941
21
-105.160499999999999
0
LINE
8
BLACK
6
CONTINUOUS
10
76.2676479999999941
20
-105.160499999999999
11
76.2676489999999916
21
-105.160499999999999
0
LINE
8
BLACK
6
CONTINUOUS
10
76.2676489999999916
20
-105.160499999999999
11
76.4723510000000033
21
-105.160499999999999
0
LINE
8
BLACK
6
CONTINUOUS
10
76.4723510000000033
20
-105.160499999999999
11
76.4723520000000008
21
-105.160499999999999
0
LINE
8
BLACK
6
CONTINUOUS
10
76.4723520000000008
20
-105.160499999999999
11
76.6745339999999942
21
-105.1284769999999895
0
LINE
8
BLACK
6
CONTINUOUS
10
76.6745339999999942
20
-105.1284769999999895
11
76.8692190000000011
21
-105.0652199999999965
0
LINE
8
BLACK
6
CONTINUOUS
10
76.8692190000000011
20
-105.0652199999999965
11
76.9183099999999911
21
-105.0402069999999952
0
LINE
8
BLACK
6
CONTINUOUS
10
76.9183099999999911
20
-105.0402069999999952
11
77.051598999999996
21
-104.9722929999999934
0
LINE
8
BLACK
6
CONTINUOUS
10
77.051598999999996
20
-104.9722929999999934
11
77.0516030000000001
21
-104.972290000000001
0
LINE
8
BLACK
6
CONTINUOUS
10
77.0516030000000001
20
-104.972290000000001
11
77.0516099999999966
21
-104.9722869999999944
0
LINE
8
BLACK
6
CONTINUOUS
10
77.0516099999999966
20
-104.9722869999999944
11
77.2172190000000001
21
-104.8519659999999902
0
LINE
8
BLACK
6
CONTINUOUS
10
77.2172190000000001
20
-104.8519659999999902
11
77.3619659999999953
21
-104.7072189999999949
0
LINE
8
BLACK
6
CONTINUOUS
10
77.3619659999999953
20
-104.7072189999999949
11
77.4822869999999995
21
-104.5416099999999915
0
LINE
8
BLACK
6
CONTINUOUS
10
77.4822869999999995
20
-104.5416099999999915
11
77.4845249999999908
21
-104.5372189999999932
0
LINE
8
BLACK
6
CONTINUOUS
10
77.4845249999999908
20
-104.5372189999999932
11
77.5752140000000026
21
-104.3592309999999941
0
LINE
8
BLACK
6
CONTINUOUS
10
77.5752140000000026
20
-104.3592309999999941
11
77.5752140000000026
21
-104.3592289999999991
0
LINE
8
BLACK
6
CONTINUOUS
10
77.5752140000000026
20
-104.3592289999999991
11
77.5752200000000016
21
-104.359218999999996
0
LINE
8
BLACK
6
CONTINUOUS
10
77.5752200000000016
20
-104.359218999999996
11
77.6384769999999946
21
-104.1645339999999891
0
LINE
8
BLACK
6
CONTINUOUS
10
77.6384769999999946
20
-104.1645339999999891
11
77.6704999999999899
21
-103.9623519999999957
0
LINE
8
BLACK
6
CONTINUOUS
10
77.6704999999999899
20
-103.9623519999999957
11
77.6704999999999899
21
-103.757647999999989
0
LINE
8
BLACK
6
CONTINUOUS
10
77.6704999999999899
20
-103.757647999999989
11
77.6384769999999946
21
-103.5554659999999956
0
LINE
8
BLACK
6
CONTINUOUS
10
77.6384769999999946
20
-103.5554659999999956
11
77.5752200000000016
21
-103.3607809999999887
0
LINE
8
BLACK
6
CONTINUOUS
10
77.5752200000000016
20
-103.3607809999999887
11
77.5296900000000022
21
-103.2714229999999986
0
LINE
8
BLACK
6
CONTINUOUS
10
77.5296900000000022
20
-103.2714229999999986
11
77.5080499999999972
21
-103.185543999999993
0
LINE
8
BLACK
6
CONTINUOUS
10
77.5080499999999972
20
-103.185543999999993
11
77.5079999999999956
21
-103.1810789999999969
0
LINE
8
BLACK
6
CONTINUOUS
10
77.5079999999999956
20
-103.1810789999999969
11
77.5079999999999956
21
-98.8221799999999888
0
LINE
8
BLACK
6
CONTINUOUS
10
77.5079999999999956
20
-98.8221799999999888
11
77.5159459999999996
21
-98.7720139999999986
0
LINE
8
BLACK
6
CONTINUOUS
10
77.5159459999999996
20
-98.7720139999999986
11
77.5177400000000034
21
-98.7606859999999926
0
LINE
8
BLACK
6
CONTINUOUS
10
77.5177400000000034
20
-98.7606859999999926
11
77.5361539999999962
21
-98.7040129999999891
0
LINE
8
BLACK
6
CONTINUOUS
10
77.5361539999999962
20
-98.7040129999999891
11
77.5684770000000015
21
-98.604534000000001
0
LINE
8
BLACK
6
CONTINUOUS
10
77.5684770000000015
20
-98.604534000000001
11
77.6004999999999967
21
-98.4023519999999934
0
LINE
8
BLACK
6
CONTINUOUS
10
77.6004999999999967
20
-98.4023519999999934
11
77.6004999999999967
21
-98.1976480000000009
0
LINE
8
BLACK
6
CONTINUOUS
10
77.6004999999999967
20
-98.1976480000000009
11
77.5684770000000015
21
-97.9954659999999933
0
LINE
8
BLACK
6
CONTINUOUS
10
77.5684770000000015
20
-97.9954659999999933
11
77.5052199999999942
21
-97.8007810000000006
0
LINE
8
BLACK
6
CONTINUOUS
10
77.5052199999999942
20
-97.8007810000000006
11
77.4596899999999948
21
-97.7114229999999964
0
LINE
8
BLACK
6
CONTINUOUS
10
77.4596899999999948
20
-97.7114229999999964
11
77.4591319999999968
21
-97.7092079999999896
0
LINE
8
BLACK
6
CONTINUOUS
10
77.4591319999999968
20
-97.7092079999999896
11
77.4577069999999992
21
-97.707421999999994
0
LINE
8
BLACK
6
CONTINUOUS
10
77.4577069999999992
20
-97.707421999999994
11
77.4483350000000002
21
-97.6663619999999923
0
LINE
8
BLACK
6
CONTINUOUS
10
77.4483350000000002
20
-97.6663619999999923
11
77.4380499999999898
21
-97.6255439999999908
0
LINE
8
BLACK
6
CONTINUOUS
10
77.4380499999999898
20
-97.6255439999999908
11
77.4380000000000024
21
-97.6210789999999946
0
LINE
8
BLACK
6
CONTINUOUS
10
77.4380000000000024
20
-97.6210789999999946
11
77.4380000000000024
21
-96.1304370000000006
0
LINE
8
BLACK
6
CONTINUOUS
10
77.4380000000000024
20
-96.1304370000000006
11
77.4099799999999902
21
-95.9535249999999991
0
LINE
8
BLACK
6
CONTINUOUS
10
77.4099799999999902
20
-95.9535249999999991
11
77.4099789999999928
21
-95.9535180000000025
0
LINE
8
BLACK
6
CONTINUOUS
10
77.4099789999999928
20
-95.9535180000000025
11
77.3570390000000003
21
-95.7905859999999905
0
LINE
8
BLACK
6
CONTINUOUS
10
77.3570390000000003
20
-95.7905859999999905
11
77.3553390000000007
21
-95.7845590000000016
0
LINE
8
BLACK
6
CONTINUOUS
10
77.3553390000000007
20
-95.7845590000000016
11
77.3110559999999936
21
-95.6976489999999984
0
LINE
8
BLACK
6
CONTINUOUS
10
77.3110559999999936
20
-95.6976489999999984
11
77.2733049999999935
21
-95.623556999999991
0
LINE
8
BLACK
6
CONTINUOUS
10
77.2733049999999935
20
-95.623556999999991
11
77.1680180000000036
21
-95.478642999999991
0
LINE
8
BLACK
6
CONTINUOUS
10
77.1680180000000036
20
-95.478642999999991
11
77.168013000000002
21
-95.4786379999999895
0
LINE
8
BLACK
6
CONTINUOUS
10
77.168013000000002
20
-95.4786379999999895
11
77.1680119999999903
21
-95.4786359999999945
0
LINE
8
BLACK
6
CONTINUOUS
10
77.1680119999999903
20
-95.4786359999999945
11
74.0813600000000037
21
-92.3919839999999937
0
LINE
8
BLACK
6
CONTINUOUS
10
74.0813600000000037
20
-92.3919839999999937
11
74.0330519999999979
21
-92.3568860000000029
0
LINE
8
BLACK
6
CONTINUOUS
10
74.0330519999999979
20
-92.3568860000000029
11
73.9364419999999996
21
-92.2866949999999946
0
LINE
8
BLACK
6
CONTINUOUS
10
73.9364419999999996
20
-92.2866949999999946
11
73.9364399999999904
21
-92.2866939999999971
0
LINE
8
BLACK
6
CONTINUOUS
10
73.9364399999999904
20
-92.2866939999999971
11
73.9364360000000005
21
-92.2866909999999905
0
LINE
8
BLACK
6
CONTINUOUS
10
73.9364360000000005
20
-92.2866909999999905
11
73.8336319999999944
21
-92.2343099999999936
0
LINE
8
BLACK
6
CONTINUOUS
10
73.8336319999999944
20
-92.2343099999999936
11
73.7656470000000013
21
-92.1775519999999915
0
LINE
8
BLACK
6
CONTINUOUS
10
73.7656470000000013
20
-92.1775519999999915
11
73.729021000000003
21
-92.0969180000000023
0
LINE
8
BLACK
6
CONTINUOUS
10
73.729021000000003
20
-92.0969180000000023
11
73.7310080000000028
21
-92.0083769999999959
0
LINE
8
BLACK
6
CONTINUOUS
10
73.7310080000000028
20
-92.0083769999999959
11
73.771214999999998
21
-91.9294659999999908
0
LINE
8
BLACK
6
CONTINUOUS
10
73.771214999999998
20
-91.9294659999999908
11
73.8416780000000017
21
-91.8758150000000029
0
LINE
8
BLACK
6
CONTINUOUS
10
73.8416780000000017
20
-91.8758150000000029
11
73.9239759999999961
21
-91.8579999999999899
0
LINE
8
BLACK
6
CONTINUOUS
10
73.9239759999999961
20
-91.8579999999999899
11
75.6995829999999899
21
-91.8579999999999899
0
LINE
8
BLACK
6
CONTINUOUS
10
75.6995829999999899
20
-91.8579999999999899
11
75.7859260000000035
21
-91.8777070000000009
0
LINE
8
BLACK
6
CONTINUOUS
10
75.7859260000000035
20
-91.8777070000000009
11
75.7899290000000008
21
-91.879690999999994
0
LINE
8
BLACK
6
CONTINUOUS
10
75.7899290000000008
20
-91.879690999999994
11
75.8007750000000016
21
-91.8852169999999973
0
LINE
8
BLACK
6
CONTINUOUS
10
75.8007750000000016
20
-91.8852169999999973
11
75.8007810000000006
21
-91.8852199999999897
0
LINE
8
BLACK
6
CONTINUOUS
10
75.8007810000000006
20
-91.8852199999999897
11
75.9954659999999933
21
-91.9484769999999969
0
LINE
8
BLACK
6
CONTINUOUS
10
75.9954659999999933
20
-91.9484769999999969
11
76.1976480000000009
21
-91.9804999999999922
0
LINE
8
BLACK
6
CONTINUOUS
10
76.1976480000000009
20
-91.9804999999999922
11
76.1976489999999984
21
-91.9804999999999922
0
LINE
8
BLACK
6
CONTINUOUS
10
76.1976489999999984
20
-91.9804999999999922
11
76.4023509999999959
21
-91.9804999999999922
0
LINE
8
BLACK
6
CONTINUOUS
10
76.4023509999999959
20
-91.9804999999999922
11
76.4023519999999934
21
-91.9804999999999922
0
LINE
8
BLACK
6
CONTINUOUS
10
76.4023519999999934
20
-91.9804999999999922
11
76.604534000000001
21
-91.9484769999999969
0
LINE
8
BLACK
6
CONTINUOUS
10
76.604534000000001
20
-91.9484769999999969
11
76.7992189999999937
21
-91.8852199999999897
0
LINE
8
BLACK
6
CONTINUOUS
10
76.7992189999999937
20
-91.8852199999999897
11
76.8885760000000005
21
-91.8396889999999928
0
LINE
8
BLACK
6
CONTINUOUS
10
76.8885760000000005
20
-91.8396889999999928
11
76.9744549999999919
21
-91.8180499999999995
0
LINE
8
BLACK
6
CONTINUOUS
10
76.9744549999999919
20
-91.8180499999999995
11
76.9789209999999997
21
-91.8179999999999978
0
LINE
8
BLACK
6
CONTINUOUS
10
76.9789209999999997
20
-91.8179999999999978
11
81.3709479999999985
21
-91.8179999999999978
0
LINE
8
BLACK
6
CONTINUOUS
10
81.3709479999999985
20
-91.8179999999999978
11
81.4572909999999979
21
-91.8377069999999947
0
LINE
8
BLACK
6
CONTINUOUS
10
81.4572909999999979
20
-91.8377069999999947
11
81.5265320000000031
21
-91.8929260000000028
0
LINE
8
BLACK
6
CONTINUOUS
10
81.5265320000000031
20
-91.8929260000000028
11
81.5302549999999968
21
-91.8977429999999913
0
LINE
8
BLACK
6
CONTINUOUS
10
81.5302549999999968
20
-91.8977429999999913
11
81.6124530000000021
21
-92.0075459999999907
0
LINE
8
BLACK
6
CONTINUOUS
10
81.6124530000000021
20
-92.0075459999999907
11
81.6755500000000012
21
-92.0547799999999938
0
LINE
8
BLACK
6
CONTINUOUS
10
81.6755500000000012
20
-92.0547799999999938
11
81.7276689999999917
21
-92.0937959999999975
0
LINE
8
BLACK
6
CONTINUOUS
10
81.7276689999999917
20
-92.0937959999999975
11
81.8625169999999969
21
-92.1440909999999889
0
LINE
8
BLACK
6
CONTINUOUS
10
81.8625169999999969
20
-92.1440909999999889
11
81.9221270000000032
21
-92.1504999999999939
0
LINE
8
BLACK
6
CONTINUOUS
10
81.9221270000000032
20
-92.1504999999999939
11
83.7178719999999998
21
-92.1504989999999964
0
LINE
8
BLACK
6
CONTINUOUS
10
83.7178719999999998
20
-92.1504989999999964
11
83.7178759999999897
21
-92.1504989999999964
0
LINE
8
BLACK
6
CONTINUOUS
10
83.7178759999999897
20
-92.1504989999999964
11
83.7576119999999946
21
-92.1462269999999961
0
LINE
8
BLACK
6
CONTINUOUS
10
83.7576119999999946
20
-92.1462269999999961
11
83.7774829999999895
21
-92.1440909999999889
0
LINE
8
BLACK
6
CONTINUOUS
10
83.7774829999999895
20
-92.1440909999999889
11
83.9123309999999947
21
-92.0937959999999975
0
LINE
8
BLACK
6
CONTINUOUS
10
83.9123309999999947
20
-92.0937959999999975
11
84.027546000000001
21
-92.0075459999999907
0
LINE
8
BLACK
6
CONTINUOUS
10
84.027546000000001
20
-92.0075459999999907
11
84.1137959999999936
21
-91.8923309999999987
0
LINE
8
BLACK
6
CONTINUOUS
10
84.1137959999999936
20
-91.8923309999999987
11
84.1640909999999991
21
-91.7574829999999935
0
LINE
8
BLACK
6
CONTINUOUS
10
84.1640909999999991
20
-91.7574829999999935
11
84.1704999999999899
21
-91.6978730000000013
0
LINE
8
BLACK
6
CONTINUOUS
10
84.1704999999999899
20
-91.6978730000000013
11
84.1704989999999924
21
-89.9021279999999905
0
LINE
8
BLACK
6
CONTINUOUS
10
84.1704989999999924
20
-89.9021279999999905
11
84.1704989999999924
21
-89.9021229999999889
0
LINE
8
BLACK
6
CONTINUOUS
10
84.1704989999999924
20
-89.9021229999999889
11
84.1640909999999991
21
-89.8425179999999983
0
LINE
8
BLACK
6
CONTINUOUS
10
84.1640909999999991
20
-89.8425179999999983
11
84.1337149999999951
21
-89.7610739999999936
0
LINE
8
BLACK
6
CONTINUOUS
10
84.1337149999999951
20
-89.7610739999999936
11
84.1137959999999936
21
-89.7076689999999957
0
LINE
8
BLACK
6
CONTINUOUS
10
84.1137959999999936
20
-89.7076689999999957
11
84.0406969999999944
21
-89.610020999999989
0
LINE
8
BLACK
6
CONTINUOUS
10
84.0406969999999944
20
-89.610020999999989
11
84.027546000000001
21
-89.5924529999999919
0
LINE
8
BLACK
6
CONTINUOUS
10
84.027546000000001
20
-89.5924529999999919
11
83.9123349999999988
21
-89.5062069999999892
0
LINE
8
BLACK
6
CONTINUOUS
10
83.9123349999999988
20
-89.5062069999999892
11
83.9123309999999947
21
-89.5062039999999968
0
LINE
8
BLACK
6
CONTINUOUS
10
83.9123309999999947
20
-89.5062039999999968
11
83.7774829999999895
21
-89.4559089999999912
0
LINE
8
BLACK
6
CONTINUOUS
10
83.7774829999999895
20
-89.4559089999999912
11
83.7178729999999973
21
-89.4495000000000005
0
LINE
8
BLACK
6
CONTINUOUS
10
83.7178729999999973
20
-89.4495000000000005
11
83.7178669999999983
21
-89.4495000000000005
0
LINE
8
BLACK
6
CONTINUOUS
10
83.7178669999999983
20
-89.4495000000000005
11
81.9221229999999991
21
-89.4495000000000005
0
LINE
8
BLACK
6
CONTINUOUS
10
81.9221229999999991
20
-89.4495000000000005
11
81.8625179999999943
21
-89.4559079999999938
0
LINE
8
BLACK
6
CONTINUOUS
10
81.8625179999999943
20
-89.4559079999999938
11
81.7276679999999942
21
-89.5062039999999968
0
LINE
8
BLACK
6
CONTINUOUS
10
81.7276679999999942
20
-89.5062039999999968
11
81.7151750000000021
21
-89.5130259999999964
0
LINE
8
BLACK
6
CONTINUOUS
10
81.7151750000000021
20
-89.5130259999999964
11
81.7139209999999991
21
-89.5107299999999952
0
LINE
8
BLACK
6
CONTINUOUS
10
81.7139209999999991
20
-89.5107299999999952
11
81.6519419999999911
21
-89.5382749999999987
0
LINE
8
BLACK
6
CONTINUOUS
10
81.6519419999999911
20
-89.5382749999999987
11
81.6136169999999908
21
-89.5420000000000016
0
LINE
8
BLACK
6
CONTINUOUS
10
81.6136169999999908
20
-89.5420000000000016
11
77.6069999999999993
21
-89.5420000000000016
0
LINE
8
BLACK
6
CONTINUOUS
10
77.6069999999999993
20
-89.5420000000000016
11
77.5206569999999999
21
-89.5222929999999906
0
LINE
8
BLACK
6
CONTINUOUS
10
77.5206569999999999
20
-89.5222929999999906
11
77.4514159999999947
21
-89.4670739999999967
0
LINE
8
BLACK
6
CONTINUOUS
10
77.4514159999999947
20
-89.4670739999999967
11
77.4129889999999961
21
-89.387281999999999
0
LINE
8
BLACK
6
CONTINUOUS
10
77.4129889999999961
20
-89.387281999999999
11
77.4080000000000013
21
-89.3429999999999893
0
LINE
8
BLACK
6
CONTINUOUS
10
77.4080000000000013
20
-89.3429999999999893
11
77.4080000000000013
21
-77.1807189999999963
0
LINE
8
BLACK
6
CONTINUOUS
10
77.4080000000000013
20
-77.1807189999999963
11
77.4277069999999981
21
-77.0943759999999969
0
LINE
8
BLACK
6
CONTINUOUS
10
77.4277069999999981
20
-77.0943759999999969
11
77.46628299999999
21
-77.0400070000000028
0
LINE
8
BLACK
6
CONTINUOUS
10
77.46628299999999
20
-77.0400070000000028
11
77.6265920000000023
21
-76.8796990000000022
0
LINE
8
BLACK
6
CONTINUOUS
10
77.6265920000000023
20
-76.8796990000000022
11
77.7702730000000031
21
-76.6924499999999938
0
LINE
8
BLACK
6
CONTINUOUS
10
77.7702730000000031
20
-76.6924499999999938
11
77.8882839999999987
21
-76.4880489999999895
0
LINE
8
BLACK
6
CONTINUOUS
10
77.8882839999999987
20
-76.4880489999999895
11
77.9786059999999992
21
-76.2699929999999995
0
LINE
8
BLACK
6
CONTINUOUS
10
77.9786059999999992
20
-76.2699929999999995
11
78.0396929999999998
21
-76.0420139999999947
0
LINE
8
BLACK
6
CONTINUOUS
10
78.0396929999999998
20
-76.0420139999999947
11
78.0704999999999956
21
-75.8080109999999934
0
LINE
8
BLACK
6
CONTINUOUS
10
78.0704999999999956
20
-75.8080109999999934
11
78.0704999999999956
21
-75.5719890000000021
0
LINE
8
BLACK
6
CONTINUOUS
10
78.0704999999999956
20
-75.5719890000000021
11
78.0396929999999998
21
-75.3379860000000008
0
LINE
8
BLACK
6
CONTINUOUS
10
78.0396929999999998
20
-75.3379860000000008
11
77.9786059999999992
21
-75.110006999999996
0
LINE
8
BLACK
6
CONTINUOUS
10
77.9786059999999992
20
-75.110006999999996
11
77.8882839999999987
21
-74.8919509999999917
0
LINE
8
BLACK
6
CONTINUOUS
10
77.8882839999999987
20
-74.8919509999999917
11
77.7702730000000031
21
-74.6875500000000017
0
LINE
8
BLACK
6
CONTINUOUS
10
77.7702730000000031
20
-74.6875500000000017
11
77.6954429999999974
21
-74.5900290000000012
0
LINE
8
BLACK
6
CONTINUOUS
10
77.6954429999999974
20
-74.5900290000000012
11
77.6265920000000023
21
-74.5003009999999932
0
LINE
8
BLACK
6
CONTINUOUS
10
77.6265920000000023
20
-74.5003009999999932
11
77.6265889999999956
21
-74.5002970000000033
0
LINE
8
BLACK
6
CONTINUOUS
10
77.6265889999999956
20
-74.5002970000000033
11
77.4597019999999929
21
-74.3334100000000007
0
LINE
8
BLACK
6
CONTINUOUS
10
77.4597019999999929
20
-74.3334100000000007
11
77.2724449999999905
21
-74.1897230000000008
0
LINE
8
BLACK
6
CONTINUOUS
10
77.2724449999999905
20
-74.1897230000000008
11
77.149132999999992
21
-74.1185299999999927
0
LINE
8
BLACK
6
CONTINUOUS
10
77.149132999999992
20
-74.1185299999999927
11
77.068049000000002
21
-74.071715999999995
0
LINE
8
BLACK
6
CONTINUOUS
10
77.068049000000002
20
-74.071715999999995
11
76.8499929999999978
21
-73.9813939999999945
0
LINE
8
BLACK
6
CONTINUOUS
10
76.8499929999999978
20
-73.9813939999999945
11
76.8499910000000028
21
-73.9813929999999971
0
LINE
8
BLACK
6
CONTINUOUS
10
76.8499910000000028
20
-73.9813929999999971
11
76.8499899999999911
21
-73.9813929999999971
0
LINE
8
BLACK
6
CONTINUOUS
10
76.8499899999999911
20
-73.9813929999999971
11
76.7360029999999966
21
-73.9508500000000026
0
LINE
8
BLACK
6
CONTINUOUS
10
76.7360029999999966
20
-73.9508500000000026
11
76.622013999999993
21
-73.920306999999994
0
LINE
8
BLACK
6
CONTINUOUS
10
76.622013999999993
20
-73.920306999999994
11
76.3880109999999917
21
-73.8894999999999982
0
LINE
8
BLACK
6
CONTINUOUS
10
76.3880109999999917
20
-73.8894999999999982
11
76.1519890000000004
21
-73.8894999999999982
0
LINE
8
BLACK
6
CONTINUOUS
10
76.1519890000000004
20
-73.8894999999999982
11
75.9179859999999991
21
-73.920306999999994
0
LINE
8
BLACK
6
CONTINUOUS
10
75.9179859999999991
20
-73.920306999999994
11
75.917981999999995
21
-73.920306999999994
0
LINE
8
BLACK
6
CONTINUOUS
10
75.917981999999995
20
-73.920306999999994
11
75.917981999999995
21
-73.9203079999999915
0
LINE
8
BLACK
6
CONTINUOUS
10
75.917981999999995
20
-73.9203079999999915
11
75.6900090000000034
21
-73.9813929999999971
0
LINE
8
BLACK
6
CONTINUOUS
10
75.6900090000000034
20
-73.9813929999999971
11
75.4719549999999941
21
-74.0717140000000001
0
LINE
8
BLACK
6
CONTINUOUS
10
75.4719549999999941
20
-74.0717140000000001
11
75.4719529999999992
21
-74.0717149999999975
0
LINE
8
BLACK
6
CONTINUOUS
10
75.4719529999999992
20
-74.0717149999999975
11
75.2675539999999899
21
-74.1897230000000008
0
LINE
8
BLACK
6
CONTINUOUS
10
75.2675539999999899
20
-74.1897230000000008
11
75.0802970000000016
21
-74.3334100000000007
0
LINE
8
BLACK
6
CONTINUOUS
10
75.0802970000000016
20
-74.3334100000000007
11
74.9134099999999989
21
-74.5002970000000033
0
LINE
8
BLACK
6
CONTINUOUS
10
74.9134099999999989
20
-74.5002970000000033
11
74.769722999999999
21
-74.6875539999999916
0
LINE
8
BLACK
6
CONTINUOUS
10
74.769722999999999
20
-74.6875539999999916
11
74.6517149999999958
21
-74.8919530000000009
0
LINE
8
BLACK
6
CONTINUOUS
10
74.6517149999999958
20
-74.8919530000000009
11
74.6517139999999984
21
-74.8919549999999958
0
LINE
8
BLACK
6
CONTINUOUS
10
74.6517139999999984
20
-74.8919549999999958
11
74.5613929999999954
21
-75.1100089999999909
0
LINE
8
BLACK
6
CONTINUOUS
10
74.5613929999999954
20
-75.1100089999999909
11
74.5170099999999991
21
-75.2756490000000014
0
LINE
8
BLACK
6
CONTINUOUS
10
74.5170099999999991
20
-75.2756490000000014
11
74.5003069999999923
21
-75.3379860000000008
0
LINE
8
BLACK
6
CONTINUOUS
10
74.5003069999999923
20
-75.3379860000000008
11
74.4694999999999965
21
-75.5719890000000021
0
LINE
8
BLACK
6
CONTINUOUS
10
74.4694999999999965
20
-75.5719890000000021
11
74.4694999999999965
21
-75.8080109999999934
0
LINE
8
BLACK
6
CONTINUOUS
10
74.4694999999999965
20
-75.8080109999999934
11
74.5003069999999923
21
-76.0420139999999947
0
LINE
8
BLACK
6
CONTINUOUS
10
74.5003069999999923
20
-76.0420139999999947
11
74.5613939999999928
21
-76.2699929999999995
0
LINE
8
BLACK
6
CONTINUOUS
10
74.5613939999999928
20
-76.2699929999999995
11
74.6517159999999933
21
-76.4880489999999895
0
LINE
8
BLACK
6
CONTINUOUS
10
74.6517159999999933
20
-76.4880489999999895
11
74.6935450000000003
21
-76.560498999999993
0
LINE
8
BLACK
6
CONTINUOUS
10
74.6935450000000003
20
-76.560498999999993
11
74.769722999999999
21
-76.6924449999999922
0
LINE
8
BLACK
6
CONTINUOUS
10
74.769722999999999
20
-76.6924449999999922
11
74.8445660000000004
21
-76.7899829999999923
0
LINE
8
BLACK
6
CONTINUOUS
10
74.8445660000000004
20
-76.7899829999999923
11
74.9134079999999898
21
-76.8796990000000022
0
LINE
8
BLACK
6
CONTINUOUS
10
74.9134079999999898
20
-76.8796990000000022
11
75.0737149999999929
21
-77.0400059999999911
0
LINE
8
BLACK
6
CONTINUOUS
10
75.0737149999999929
20
-77.0400059999999911
11
75.1208329999999904
21
-77.1149929999999983
0
LINE
8
BLACK
6
CONTINUOUS
10
75.1208329999999904
20
-77.1149929999999983
11
75.1319999999999908
21
-77.1807189999999963
0
LINE
8
BLACK
6
CONTINUOUS
10
75.1319999999999908
20
-77.1807189999999963
11
75.1319999999999908
21
-89.3829999999999956
0
LINE
8
BLACK
6
CONTINUOUS
10
75.1319999999999908
20
-89.3829999999999956
11
75.112292999999994
21
-89.469342999999995
0
LINE
8
BLACK
6
CONTINUOUS
10
75.112292999999994
20
-89.469342999999995
11
75.0570740000000001
21
-89.5385840000000002
0
LINE
8
BLACK
6
CONTINUOUS
10
75.0570740000000001
20
-89.5385840000000002
11
74.9772820000000024
21
-89.5770109999999988
0
LINE
8
BLACK
6
CONTINUOUS
10
74.9772820000000024
20
-89.5770109999999988
11
74.9329999999999927
21
-89.5819999999999936
0
LINE
8
BLACK
6
CONTINUOUS
10
74.9329999999999927
20
-89.5819999999999936
11
71.2153139999999922
21
-89.5819999999999936
0
LINE
8
BLACK
6
CONTINUOUS
10
71.2153139999999922
20
-89.5819999999999936
11
71.1289709999999928
21
-89.5622929999999968
0
LINE
8
BLACK
6
CONTINUOUS
10
71.1289709999999928
20
-89.5622929999999968
11
71.0597300000000018
21
-89.5070740000000029
0
LINE
8
BLACK
6
CONTINUOUS
10
71.0597300000000018
20
-89.5070740000000029
11
71.0213030000000032
21
-89.4272819999999911
0
LINE
8
BLACK
6
CONTINUOUS
10
71.0213030000000032
20
-89.4272819999999911
11
71.0213030000000032
21
-89.3387180000000001
0
LINE
8
BLACK
6
CONTINUOUS
10
71.0213030000000032
20
-89.3387180000000001
11
71.0597300000000018
21
-89.2589260000000024
0
LINE
8
BLACK
6
CONTINUOUS
10
71.0597300000000018
20
-89.2589260000000024
11
71.0983420000000024
21
-89.2220069999999907
0
LINE
8
BLACK
6
CONTINUOUS
10
71.0983420000000024
20
-89.2220069999999907
11
71.1672190000000029
21
-89.1719659999999976
0
LINE
8
BLACK
6
CONTINUOUS
10
71.1672190000000029
20
-89.1719659999999976
11
71.3119659999999982
21
-89.0272190000000023
0
LINE
8
BLACK
6
CONTINUOUS
10
71.3119659999999982
20
-89.0272190000000023
11
71.4322870000000023
21
-88.8616099999999989
0
LINE
8
BLACK
6
CONTINUOUS
10
71.4322870000000023
20
-88.8616099999999989
11
71.4738699999999909
21
-88.7800000000000011
0
LINE
8
BLACK
6
CONTINUOUS
10
71.4738699999999909
20
-88.7800000000000011
11
71.5252139999999912
21
-88.6792310000000015
0
LINE
8
BLACK
6
CONTINUOUS
10
71.5252139999999912
20
-88.6792310000000015
11
71.5252139999999912
21
-88.6792289999999923
0
LINE
8
BLACK
6
CONTINUOUS
10
71.5252139999999912
20
-88.6792289999999923
11
71.5252199999999903
21
-88.6792189999999891
0
LINE
8
BLACK
6
CONTINUOUS
10
71.5252199999999903
20
-88.6792189999999891
11
71.5884769999999975
21
-88.4845339999999965
0
LINE
8
BLACK
6
CONTINUOUS
10
71.5884769999999975
20
-88.4845339999999965
11
71.6204999999999927
21
-88.282352000000003
0
LINE
8
BLACK
6
CONTINUOUS
10
71.6204999999999927
20
-88.282352000000003
11
71.6204999999999927
21
-88.0776479999999964
0
LINE
8
BLACK
6
CONTINUOUS
10
71.6204999999999927
20
-88.0776479999999964
11
71.5884769999999975
21
-87.875466000000003
0
LINE
8
BLACK
6
CONTINUOUS
10
71.5884769999999975
20
-87.875466000000003
11
71.5252199999999903
21
-87.6807809999999961
0
LINE
8
BLACK
6
CONTINUOUS
10
71.5252199999999903
20
-87.6807809999999961
11
71.5252160000000003
21
-87.680774999999997
0
LINE
8
BLACK
6
CONTINUOUS
10
71.5252160000000003
20
-87.680774999999997
11
71.5252139999999912
21
-87.6807680000000005
0
LINE
8
BLACK
6
CONTINUOUS
10
71.5252139999999912
20
-87.6807680000000005
11
71.4322930000000014
21
-87.4983999999999895
0
LINE
8
BLACK
6
CONTINUOUS
10
71.4322930000000014
20
-87.4983999999999895
11
71.4322870000000023
21
-87.4983900000000006
0
LINE
8
BLACK
6
CONTINUOUS
10
71.4322870000000023
20
-87.4983900000000006
11
71.3119679999999931
21
-87.3327839999999895
0
LINE
8
BLACK
6
CONTINUOUS
10
71.3119679999999931
20
-87.3327839999999895
11
71.3119659999999982
21
-87.3327809999999971
0
LINE
8
BLACK
6
CONTINUOUS
10
71.3119659999999982
20
-87.3327809999999971
11
71.1672190000000029
21
-87.1880340000000018
0
LINE
8
BLACK
6
CONTINUOUS
10
71.1672190000000029
20
-87.1880340000000018
11
71.1672179999999912
21
-87.1880329999999901
0
LINE
8
BLACK
6
CONTINUOUS
10
71.1672179999999912
20
-87.1880329999999901
11
71.1672159999999963
21
-87.1880309999999952
0
LINE
8
BLACK
6
CONTINUOUS
10
71.1672159999999963
20
-87.1880309999999952
11
71.1400289999999984
21
-87.1682780000000008
0
LINE
8
BLACK
6
CONTINUOUS
10
71.1400289999999984
20
-87.1682780000000008
11
71.0817600000000027
21
-87.1015829999999909
0
LINE
8
BLACK
6
CONTINUOUS
10
71.0817600000000027
20
-87.1015829999999909
11
71.0581999999999994
21
-87.0162109999999984
0
LINE
8
BLACK
6
CONTINUOUS
10
71.0581999999999994
20
-87.0162109999999984
11
71.0579999999999927
21
-87.007284999999996
0
LINE
8
BLACK
6
CONTINUOUS
10
71.0579999999999927
20
-87.007284999999996
11
71.0579999999999927
21
-79.9404370000000029
0
LINE
8
BLACK
6
CONTINUOUS
10
71.0579999999999927
20
-79.9404370000000029
11
71.0299799999999948
21
-79.7635250000000013
0
LINE
8
BLACK
6
CONTINUOUS
10
71.0299799999999948
20
-79.7635250000000013
11
71.0299789999999973
21
-79.7635179999999906
0
LINE
8
BLACK
6
CONTINUOUS
10
71.0299789999999973
20
-79.7635179999999906
11
70.9770389999999907
21
-79.6005859999999927
0
LINE
8
BLACK
6
CONTINUOUS
10
70.9770389999999907
20
-79.6005859999999927
11
70.9753389999999911
21
-79.5945589999999896
0
LINE
8
BLACK
6
CONTINUOUS
10
70.9753389999999911
20
-79.5945589999999896
11
70.9630300000000034
21
-79.5704020000000014
0
LINE
8
BLACK
6
CONTINUOUS
10
70.9630300000000034
20
-79.5704020000000014
11
70.893304999999998
21
-79.4335569999999933
0
LINE
8
BLACK
6
CONTINUOUS
10
70.893304999999998
20
-79.4335569999999933
11
70.7880179999999939
21
-79.2886429999999933
0
LINE
8
BLACK
6
CONTINUOUS
10
70.7880179999999939
20
-79.2886429999999933
11
70.7880129999999923
21
-79.2886379999999917
0
LINE
8
BLACK
6
CONTINUOUS
10
70.7880129999999923
20
-79.2886379999999917
11
70.7880119999999948
21
-79.2886359999999968
0
LINE
8
BLACK
6
CONTINUOUS
10
70.7880119999999948
20
-79.2886359999999968
11
65.3413599999999946
21
-73.8419839999999965
0
LINE
8
BLACK
6
CONTINUOUS
10
65.3413599999999946
20
-73.8419839999999965
11
65.1964359999999914
21
-73.7366909999999933
0
LINE
8
BLACK
6
CONTINUOUS
10
65.1964359999999914
20
-73.7366909999999933
11
65.0368529999999936
21
-73.6553789999999964
0
LINE
8
BLACK
6
CONTINUOUS
10
65.0368529999999936
20
-73.6553789999999964
11
65.0368339999999989
21
-73.6553710000000024
0
LINE
8
BLACK
6
CONTINUOUS
10
65.0368339999999989
20
-73.6553710000000024
11
64.8664839999999998
21
-73.6000209999999981
0
LINE
8
BLACK
6
CONTINUOUS
10
64.8664839999999998
20
-73.6000209999999981
11
64.8664759999999916
21
-73.6000190000000032
0
LINE
8
BLACK
6
CONTINUOUS
10
64.8664759999999916
20
-73.6000190000000032
11
64.6895629999999926
21
-73.5720000000000027
0
LINE
8
BLACK
6
CONTINUOUS
10
64.6895629999999926
20
-73.5720000000000027
11
55.371420999999998
21
-73.5720000000000027
0
LINE
8
BLACK
6
CONTINUOUS
10
55.371420999999998
20
-73.5720000000000027
11
55.2850779999999986
21
-73.5522929999999917
0
LINE
8
BLACK
6
CONTINUOUS
10
55.2850779999999986
20
-73.5522929999999917
11
55.2810759999999988
21
-73.5503099999999961
0
LINE
8
BLACK
6
CONTINUOUS
10
55.2810759999999988
20
-73.5503099999999961
11
55.1917189999999991
21
-73.5047799999999967
0
LINE
8
BLACK
6
CONTINUOUS
10
55.1917189999999991
20
-73.5047799999999967
11
55.1917139999999975
21
-73.5047780000000017
0
LINE
8
BLACK
6
CONTINUOUS
10
55.1917139999999975
20
-73.5047780000000017
11
54.9970359999999943
21
-73.4415230000000037
0
LINE
8
BLACK
6
CONTINUOUS
10
54.9970359999999943
20
-73.4415230000000037
11
54.9970289999999977
21
-73.441521999999992
0
LINE
8
BLACK
6
CONTINUOUS
10
54.9970289999999977
20
-73.441521999999992
11
54.8822349999999943
21
-73.4233399999999961
0
LINE
8
BLACK
6
CONTINUOUS
10
54.8822349999999943
20
-73.4233399999999961
11
54.7948519999999988
21
-73.4094999999999942
0
LINE
8
BLACK
6
CONTINUOUS
10
54.7948519999999988
20
-73.4094999999999942
11
54.5901479999999992
21
-73.4094999999999942
0
LINE
8
BLACK
6
CONTINUOUS
10
54.5901479999999992
20
-73.4094999999999942
11
54.5291349999999966
21
-73.4191629999999975
0
LINE
8
BLACK
6
CONTINUOUS
10
54.5291349999999966
20
-73.4191629999999975
11
54.3879699999999957
21
-73.441521999999992
0
LINE
8
BLACK
6
CONTINUOUS
10
54.3879699999999957
20
-73.441521999999992
11
54.3879629999999992
21
-73.4415230000000037
0
LINE
8
BLACK
6
CONTINUOUS
10
54.3879629999999992
20
-73.4415230000000037
11
54.193286999999998
21
-73.50477699999999
0
LINE
8
BLACK
6
CONTINUOUS
10
54.193286999999998
20
-73.50477699999999
11
54.1932679999999962
21
-73.5047849999999983
0
LINE
8
BLACK
6
CONTINUOUS
10
54.1932679999999962
20
-73.5047849999999983
11
54.005790999999995
21
-73.6003099999999932
0
LINE
8
BLACK
6
CONTINUOUS
10
54.005790999999995
20
-73.6003099999999932
11
53.9199119999999965
21
-73.6219499999999982
0
LINE
8
BLACK
6
CONTINUOUS
10
53.9199119999999965
20
-73.6219499999999982
11
53.9154470000000003
21
-73.6219999999999999
0
LINE
8
BLACK
6
CONTINUOUS
10
53.9154470000000003
20
-73.6219999999999999
11
44.7676689999999979
21
-73.6219999999999999
0
LINE
8
BLACK
6
CONTINUOUS
10
44.7676689999999979
20
-73.6219999999999999
11
44.6813259999999985
21
-73.6022930000000031
0
LINE
8
BLACK
6
CONTINUOUS
10
44.6813259999999985
20
-73.6022930000000031
11
44.6120850000000004
21
-73.547073999999995
0
LINE
8
BLACK
6
CONTINUOUS
10
44.6120850000000004
20
-73.547073999999995
11
44.5787699999999987
21
-73.4855950000000036
0
LINE
8
BLACK
6
CONTINUOUS
10
44.5787699999999987
20
-73.4855950000000036
11
44.5473140000000001
21
-73.3906669999999934
0
LINE
8
BLACK
6
CONTINUOUS
10
44.5473140000000001
20
-73.3906669999999934
11
44.547311999999998
21
-73.3906630000000035
0
LINE
8
BLACK
6
CONTINUOUS
10
44.547311999999998
20
-73.3906630000000035
11
44.455211999999996
21
-73.241343999999998
0
LINE
8
BLACK
6
CONTINUOUS
10
44.455211999999996
20
-73.241343999999998
11
44.331156
21
-73.1172880000000021
0
LINE
8
BLACK
6
CONTINUOUS
10
44.331156
20
-73.1172880000000021
11
44.1818339999999949
21
-73.0251859999999908
0
LINE
8
BLACK
6
CONTINUOUS
10
44.1818339999999949
20
-73.0251859999999908
11
44.0153010000000009
21
-72.9700019999999938
0
LINE
8
BLACK
6
CONTINUOUS
10
44.0153010000000009
20
-72.9700019999999938
11
44.0152989999999988
21
-72.9700009999999963
0
LINE
8
BLACK
6
CONTINUOUS
10
44.0152989999999988
20
-72.9700009999999963
11
44.0152969999999968
21
-72.9700009999999963
0
LINE
8
BLACK
6
CONTINUOUS
10
44.0152969999999968
20
-72.9700009999999963
11
43.912509
21
-72.9594999999999914
0
LINE
8
BLACK
6
CONTINUOUS
10
43.912509
20
-72.9594999999999914
11
43.9125000000000014
21
-72.9594999999999914
0
LINE
8
BLACK
6
CONTINUOUS
10
43.9125000000000014
20
-72.9594999999999914
11
41.7124919999999975
21
-72.9594999999999914
0
LINE
8
BLACK
6
CONTINUOUS
10
41.7124919999999975
20
-72.9594999999999914
11
41.7124859999999984
21
-72.959501000000003
0
LINE
8
BLACK
6
CONTINUOUS
10
41.7124859999999984
20
-72.959501000000003
11
41.6097040000000007
21
-72.9699999999999989
0
LINE
8
BLACK
6
CONTINUOUS
10
41.6097040000000007
20
-72.9699999999999989
11
41.4431650000000005
21
-73.0251859999999908
0
LINE
8
BLACK
6
CONTINUOUS
10
41.4431650000000005
20
-73.0251859999999908
11
41.4431629999999984
21
-73.0251870000000025
0
LINE
8
BLACK
6
CONTINUOUS
10
41.4431629999999984
20
-73.0251870000000025
11
41.2938469999999995
21
-73.1172859999999929
0
LINE
8
BLACK
6
CONTINUOUS
10
41.2938469999999995
20
-73.1172859999999929
11
41.2938399999999959
21
-73.1172909999999945
0
LINE
8
BLACK
6
CONTINUOUS
10
41.2938399999999959
20
-73.1172909999999945
11
41.1697909999999965
21
-73.2413399999999939
0
LINE
8
BLACK
6
CONTINUOUS
10
41.1697909999999965
20
-73.2413399999999939
11
41.1697859999999949
21
-73.2413469999999904
0
LINE
8
BLACK
6
CONTINUOUS
10
41.1697859999999949
20
-73.2413469999999904
11
41.0776869999999974
21
-73.3906630000000035
0
LINE
8
BLACK
6
CONTINUOUS
10
41.0776869999999974
20
-73.3906630000000035
11
41.0776859999999999
21
-73.390665999999996
0
LINE
8
BLACK
6
CONTINUOUS
10
41.0776859999999999
20
-73.390665999999996
11
41.0462289999999967
21
-73.485596000000001
0
LINE
8
BLACK
6
CONTINUOUS
10
41.0462289999999967
20
-73.485596000000001
11
41.0003619999999955
21
-73.5613579999999985
0
LINE
8
BLACK
6
CONTINUOUS
10
41.0003619999999955
20
-73.5613579999999985
11
40.9261659999999949
21
-73.6097149999999942
0
LINE
8
BLACK
6
CONTINUOUS
10
40.9261659999999949
20
-73.6097149999999942
11
40.8573299999999975
21
-73.6219999999999999
0
LINE
8
BLACK
6
CONTINUOUS
10
40.8573299999999975
20
-73.6219999999999999
11
39.500436999999998
21
-73.6219999999999999
0
LINE
8
BLACK
6
CONTINUOUS
10
39.500436999999998
20
-73.6219999999999999
11
39.3235249999999965
21
-73.6500190000000003
0
LINE
8
BLACK
6
CONTINUOUS
10
39.3235249999999965
20
-73.6500190000000003
11
39.3235099999999989
21
-73.6500229999999902
0
LINE
8
BLACK
6
CONTINUOUS
10
39.3235099999999989
20
-73.6500229999999902
11
39.1531669999999963
21
-73.7053709999999995
0
LINE
8
BLACK
6
CONTINUOUS
10
39.1531669999999963
20
-73.7053709999999995
11
39.1531659999999988
21
-73.7053709999999995
0
LINE
8
BLACK
6
CONTINUOUS
10
39.1531659999999988
20
-73.7053709999999995
11
38.9935559999999981
21
-73.7866959999999921
0
LINE
8
BLACK
6
CONTINUOUS
10
38.9935559999999981
20
-73.7866959999999921
11
38.8486389999999986
21
-73.8919839999999937
0
LINE
8
BLACK
6
CONTINUOUS
10
38.8486389999999986
20
-73.8919839999999937
11
35.0719840000000005
21
-77.6686389999999989
0
LINE
8
BLACK
6
CONTINUOUS
10
35.0719840000000005
20
-77.6686389999999989
11
34.9666939999999968
21
-77.8135580000000004
0
LINE
8
BLACK
6
CONTINUOUS
10
34.9666939999999968
20
-77.8135580000000004
11
34.8846569999999971
21
-77.9745659999999958
0
LINE
8
BLACK
6
CONTINUOUS
10
34.8846569999999971
20
-77.9745659999999958
11
34.8829569999999975
21
-77.9805959999999914
0
LINE
8
BLACK
6
CONTINUOUS
10
34.8829569999999975
20
-77.9805959999999914
11
34.8300229999999971
21
-78.1435089999999946
0
LINE
8
BLACK
6
CONTINUOUS
10
34.8300229999999971
20
-78.1435089999999946
11
34.8300190000000001
21
-78.1435249999999968
0
LINE
8
BLACK
6
CONTINUOUS
10
34.8300190000000001
20
-78.1435249999999968
11
34.8019999999999996
21
-78.3204369999999983
0
LINE
8
BLACK
6
CONTINUOUS
10
34.8019999999999996
20
-78.3204369999999983
11
34.8019999999999996
21
-127.6695619999999991
0
LINE
8
BLACK
6
CONTINUOUS
10
39.4919999999999973
20
-114.6695619999999991
11
39.5200189999999978
21
-114.8464759999999956
0
LINE
8
BLACK
6
CONTINUOUS
10
39.5200189999999978
20
-114.8464759999999956
11
39.5200209999999998
21
-114.8464839999999896
0
LINE
8
BLACK
6
CONTINUOUS
10
39.5200209999999998
20
-114.8464839999999896
11
39.575370999999997
21
-115.0168339999999887
0
LINE
8
BLACK
6
CONTINUOUS
10
39.575370999999997
20
-115.0168339999999887
11
39.5753789999999981
21
-115.0168529999999976
0
LINE
8
BLACK
6
CONTINUOUS
10
39.5753789999999981
20
-115.0168529999999976
11
39.656690999999995
21
-115.1764359999999954
0
LINE
8
BLACK
6
CONTINUOUS
10
39.656690999999995
20
-115.1764359999999954
11
39.6566940000000017
21
-115.1764399999999995
0
LINE
8
BLACK
6
CONTINUOUS
10
39.6566940000000017
20
-115.1764399999999995
11
39.6566949999999991
21
-115.1764419999999944
0
LINE
8
BLACK
6
CONTINUOUS
10
39.6566949999999991
20
-115.1764419999999944
11
39.7268860000000004
21
-115.2730519999999927
0
LINE
8
BLACK
6
CONTINUOUS
10
39.7268860000000004
20
-115.2730519999999927
11
39.7619839999999982
21
-115.3213599999999985
0
LINE
8
BLACK
6
CONTINUOUS
10
39.7619839999999982
20
-115.3213599999999985
11
43.5019819999999982
21
-119.061357000000001
0
LINE
8
BLACK
6
CONTINUOUS
10
43.5019819999999982
20
-119.061357000000001
11
43.6286429999999967
21
-119.1880179999999996
0
LINE
8
BLACK
6
CONTINUOUS
10
43.6286429999999967
20
-119.1880179999999996
11
43.7735580000000013
21
-119.2933049999999895
0
LINE
8
BLACK
6
CONTINUOUS
10
43.7735580000000013
20
-119.2933049999999895
11
43.9331600000000009
21
-119.3746259999999921
0
LINE
8
BLACK
6
CONTINUOUS
10
43.9331600000000009
20
-119.3746259999999921
11
44.1035180000000011
21
-119.4299789999999888
0
LINE
8
BLACK
6
CONTINUOUS
10
44.1035180000000011
20
-119.4299789999999888
11
44.2804369999999992
21
-119.4579999999999984
0
LINE
8
BLACK
6
CONTINUOUS
10
44.2804369999999992
20
-119.4579999999999984
11
59.2861969999999943
21
-119.4579999999999984
0
LINE
8
BLACK
6
CONTINUOUS
10
59.2861969999999943
20
-119.4579999999999984
11
59.3725400000000008
21
-119.4777069999999952
0
LINE
8
BLACK
6
CONTINUOUS
10
59.3725400000000008
20
-119.4777069999999952
11
59.4269109999999969
21
-119.5162859999999938
0
LINE
8
BLACK
6
CONTINUOUS
10
59.4269109999999969
20
-119.5162859999999938
11
64.3919819999999987
21
-124.4813569999999885
0
LINE
8
BLACK
6
CONTINUOUS
10
64.3919819999999987
20
-124.4813569999999885
11
64.5186429999999973
21
-124.6080180000000013
0
LINE
8
BLACK
6
CONTINUOUS
10
64.5186429999999973
20
-124.6080180000000013
11
64.6635579999999948
21
-124.7133049999999912
0
LINE
8
BLACK
6
CONTINUOUS
10
64.6635579999999948
20
-124.7133049999999912
11
64.8231600000000014
21
-124.7946259999999938
0
LINE
8
BLACK
6
CONTINUOUS
10
64.8231600000000014
20
-124.7946259999999938
11
64.9935179999999946
21
-124.8499789999999905
0
LINE
8
BLACK
6
CONTINUOUS
10
64.9935179999999946
20
-124.8499789999999905
11
65.1704369999999926
21
-124.8780000000000001
0
LINE
8
BLACK
6
CONTINUOUS
10
65.1704369999999926
20
-124.8780000000000001
11
69.3395629999999983
21
-124.8780000000000001
0
LINE
8
BLACK
6
CONTINUOUS
10
69.3395629999999983
20
-124.8780000000000001
11
69.5164759999999973
21
-124.849979999999988
0
LINE
8
BLACK
6
CONTINUOUS
10
69.5164759999999973
20
-124.849979999999988
11
69.5164759999999973
21
-124.8499789999999905
0
LINE
8
BLACK
6
CONTINUOUS
10
69.5164759999999973
20
-124.8499789999999905
11
69.5164819999999963
21
-124.8499789999999905
0
LINE
8
BLACK
6
CONTINUOUS
10
69.5164819999999963
20
-124.8499789999999905
11
69.6868410000000011
21
-124.7946259999999938
0
LINE
8
BLACK
6
CONTINUOUS
10
69.6868410000000011
20
-124.7946259999999938
11
69.8464419999999961
21
-124.7133049999999912
0
LINE
8
BLACK
6
CONTINUOUS
10
69.8464419999999961
20
-124.7133049999999912
11
69.9913569999999936
21
-124.6080180000000013
0
LINE
8
BLACK
6
CONTINUOUS
10
69.9913569999999936
20
-124.6080180000000013
11
71.0742860000000007
21
-123.5250889999999941
0
LINE
8
BLACK
6
CONTINUOUS
10
71.0742860000000007
20
-123.5250889999999941
11
71.1492739999999912
21
-123.4779699999999991
0
LINE
8
BLACK
6
CONTINUOUS
10
71.1492739999999912
20
-123.4779699999999991
11
71.2372809999999959
21
-123.4680539999999951
0
LINE
8
BLACK
6
CONTINUOUS
10
71.2372809999999959
20
-123.4680539999999951
11
71.3208740000000034
21
-123.4973049999999972
0
LINE
8
BLACK
6
CONTINUOUS
10
71.3208740000000034
20
-123.4973049999999972
11
71.3557139999999919
21
-123.5250889999999941
0
LINE
8
BLACK
6
CONTINUOUS
10
71.3557139999999919
20
-123.5250889999999941
11
72.5786389999999955
21
-124.7480149999999952
0
LINE
8
BLACK
6
CONTINUOUS
10
72.5786389999999955
20
-124.7480149999999952
11
72.5786420000000021
21
-124.7480169999999902
0
LINE
8
BLACK
6
CONTINUOUS
10
72.5786420000000021
20
-124.7480169999999902
11
72.5786429999999996
21
-124.7480179999999876
0
LINE
8
BLACK
6
CONTINUOUS
10
72.5786429999999996
20
-124.7480179999999876
11
72.723557999999997
21
-124.8533049999999918
0
LINE
8
BLACK
6
CONTINUOUS
10
72.723557999999997
20
-124.8533049999999918
11
72.723559999999992
21
-124.8533059999999892
0
LINE
8
BLACK
6
CONTINUOUS
10
72.723559999999992
20
-124.8533059999999892
11
72.7235629999999986
21
-124.8533079999999984
0
LINE
8
BLACK
6
CONTINUOUS
10
72.7235629999999986
20
-124.8533079999999984
11
72.8831459999999964
21
-124.9346199999999953
0
LINE
8
BLACK
6
CONTINUOUS
10
72.8831459999999964
20
-124.9346199999999953
11
72.883152999999993
21
-124.9346219999999903
0
LINE
8
BLACK
6
CONTINUOUS
10
72.883152999999993
20
-124.9346219999999903
11
72.883158999999992
21
-124.9346259999999944
0
LINE
8
BLACK
6
CONTINUOUS
10
72.883158999999992
20
-124.9346259999999944
11
72.8831639999999936
21
-124.9346269999999919
0
LINE
8
BLACK
6
CONTINUOUS
10
72.8831639999999936
20
-124.9346269999999919
11
72.8831649999999911
21
-124.9346279999999894
0
LINE
8
BLACK
6
CONTINUOUS
10
72.8831649999999911
20
-124.9346279999999894
11
72.9967309999999969
21
-124.9715279999999922
0
LINE
8
BLACK
6
CONTINUOUS
10
72.9967309999999969
20
-124.9715279999999922
11
73.0535179999999968
21
-124.9899789999999911
0
LINE
8
BLACK
6
CONTINUOUS
10
73.0535179999999968
20
-124.9899789999999911
11
73.0535199999999918
21
-124.9899789999999911
0
LINE
8
BLACK
6
CONTINUOUS
10
73.0535199999999918
20
-124.9899789999999911
11
73.0535229999999984
21
-124.9899799999999885
0
LINE
8
BLACK
6
CONTINUOUS
10
73.0535229999999984
20
-124.9899799999999885
11
73.2304369999999949
21
-125.0180000000000007
0
LINE
8
BLACK
6
CONTINUOUS
10
73.2304369999999949
20
-125.0180000000000007
11
73.4095629999999915
21
-125.0180000000000007
0
LINE
8
BLACK
6
CONTINUOUS
10
73.4095629999999915
20
-125.0180000000000007
11
75.1261969999999906
21
-125.0180000000000007
0
LINE
8
BLACK
6
CONTINUOUS
10
75.1261969999999906
20
-125.0180000000000007
11
75.21253999999999
21
-125.0377069999999975
0
LINE
8
BLACK
6
CONTINUOUS
10
75.21253999999999
20
-125.0377069999999975
11
75.2669109999999932
21
-125.0762859999999961
0
LINE
8
BLACK
6
CONTINUOUS
10
75.2669109999999932
20
-125.0762859999999961
11
76.8137139999999903
21
-126.6230889999999931
0
LINE
8
BLACK
6
CONTINUOUS
10
76.8137139999999903
20
-126.6230889999999931
11
76.8314769999999925
21
-126.6513579999999877
0
LINE
8
BLACK
6
CONTINUOUS
10
76.8314769999999925
20
-126.6513579999999877
11
76.8522930000000031
21
-126.6774599999999964
0
LINE
8
BLACK
6
CONTINUOUS
10
76.8522930000000031
20
-126.6774599999999964
11
76.854810999999998
21
-126.688492999999994
0
LINE
8
BLACK
6
CONTINUOUS
10
76.854810999999998
20
-126.688492999999994
11
76.8608329999999995
21
-126.6980769999999978
0
LINE
8
BLACK
6
CONTINUOUS
10
76.8608329999999995
20
-126.6980769999999978
11
76.8719999999999999
21
-126.7638029999999958
0
LINE
8
BLACK
6
CONTINUOUS
10
76.8719999999999999
20
-126.7638029999999958
11
76.8719999999999999
21
-127.1072849999999903
0
LINE
8
BLACK
6
CONTINUOUS
10
76.8719999999999999
20
-127.1072849999999903
11
76.8522930000000031
21
-127.1936279999999897
0
LINE
8
BLACK
6
CONTINUOUS
10
76.8522930000000031
20
-127.1936279999999897
11
76.797073999999995
21
-127.2628689999999949
0
LINE
8
BLACK
6
CONTINUOUS
10
76.797073999999995
20
-127.2628689999999949
11
76.7899709999999942
21
-127.2682779999999951
0
LINE
8
BLACK
6
CONTINUOUS
10
76.7899709999999942
20
-127.2682779999999951
11
76.7627829999999989
21
-127.2880309999999895
0
LINE
8
BLACK
6
CONTINUOUS
10
76.7627829999999989
20
-127.2880309999999895
11
76.618031000000002
21
-127.4327839999999981
0
LINE
8
BLACK
6
CONTINUOUS
10
76.618031000000002
20
-127.4327839999999981
11
76.4977119999999928
21
-127.5983899999999949
0
LINE
8
BLACK
6
CONTINUOUS
10
76.4977119999999928
20
-127.5983899999999949
11
76.4977059999999938
21
-127.598399999999998
0
LINE
8
BLACK
6
CONTINUOUS
10
76.4977059999999938
20
-127.598399999999998
11
76.4047849999999897
21
-127.7807679999999948
0
LINE
8
BLACK
6
CONTINUOUS
10
76.4047849999999897
20
-127.7807679999999948
11
76.4047769999999957
21
-127.7807869999999895
0
LINE
8
BLACK
6
CONTINUOUS
10
76.4047769999999957
20
-127.7807869999999895
11
76.3415229999999951
21
-127.9754629999999906
0
LINE
8
BLACK
6
CONTINUOUS
10
76.3415229999999951
20
-127.9754629999999906
11
76.3415219999999977
21
-127.9754699999999872
0
LINE
8
BLACK
6
CONTINUOUS
10
76.3415219999999977
20
-127.9754699999999872
11
76.3191630000000032
21
-128.1166350000000023
0
LINE
8
BLACK
6
CONTINUOUS
10
76.3191630000000032
20
-128.1166350000000023
11
76.3094999999999999
21
-128.1776480000000049
0
LINE
8
BLACK
6
CONTINUOUS
10
76.3094999999999999
20
-128.1776480000000049
11
76.3094999999999999
21
-128.3823519999999974
0
LINE
8
BLACK
6
CONTINUOUS
10
76.3094999999999999
20
-128.3823519999999974
11
76.3142519999999962
21
-128.4123519999999985
0
LINE
8
BLACK
6
CONTINUOUS
10
76.3142519999999962
20
-128.4123519999999985
11
76.3415219999999977
21
-128.5845290000000034
0
LINE
8
BLACK
6
CONTINUOUS
10
76.3415219999999977
20
-128.5845290000000034
11
76.3415229999999951
21
-128.5845359999999857
0
LINE
8
BLACK
6
CONTINUOUS
10
76.3415229999999951
20
-128.5845359999999857
11
76.4047769999999957
21
-128.7792120000000011
0
LINE
8
BLACK
6
CONTINUOUS
10
76.4047769999999957
20
-128.7792120000000011
11
76.4047849999999897
21
-128.7792309999999816
0
LINE
8
BLACK
6
CONTINUOUS
10
76.4047849999999897
20
-128.7792309999999816
11
76.4977059999999938
21
-128.9615990000000068
0
LINE
8
BLACK
6
CONTINUOUS
10
76.4977059999999938
20
-128.9615990000000068
11
76.4977119999999928
21
-128.9616089999999815
0
LINE
8
BLACK
6
CONTINUOUS
10
76.4977119999999928
20
-128.9616089999999815
11
76.4977129999999903
21
-128.9616100000000074
0
LINE
8
BLACK
6
CONTINUOUS
10
76.4977129999999903
20
-128.9616100000000074
11
76.6180339999999944
21
-129.1272189999999966
0
LINE
8
BLACK
6
CONTINUOUS
10
76.6180339999999944
20
-129.1272189999999966
11
76.7627809999999897
21
-129.2719659999999919
0
LINE
8
BLACK
6
CONTINUOUS
10
76.7627809999999897
20
-129.2719659999999919
11
76.9243000000000023
21
-129.3893149999999821
0
LINE
8
BLACK
6
CONTINUOUS
10
76.9243000000000023
20
-129.3893149999999821
11
76.9825670000000031
21
-129.4560060000000021
0
LINE
8
BLACK
6
CONTINUOUS
10
76.9825670000000031
20
-129.4560060000000021
11
77.0061290000000014
21
-129.5413769999999829
0
LINE
8
BLACK
6
CONTINUOUS
10
77.0061290000000014
20
-129.5413769999999829
11
76.9903159999999929
21
-129.628516999999988
0
LINE
8
BLACK
6
CONTINUOUS
10
76.9903159999999929
20
-129.628516999999988
11
76.9382599999999996
21
-129.7001669999999933
0
LINE
8
BLACK
6
CONTINUOUS
10
76.9382599999999996
20
-129.7001669999999933
11
76.9242989999999907
21
-129.7113009999999917
0
LINE
8
BLACK
6
CONTINUOUS
10
76.9242989999999907
20
-129.7113009999999917
11
76.7631049999999959
21
-129.8284150000000068
0
LINE
8
BLACK
6
CONTINUOUS
10
76.7631049999999959
20
-129.8284150000000068
11
76.6184159999999963
21
-129.9731040000000064
0
LINE
8
BLACK
6
CONTINUOUS
10
76.6184159999999963
20
-129.9731040000000064
11
76.6184099999999972
21
-129.9731109999999887
0
LINE
8
BLACK
6
CONTINUOUS
10
76.6184099999999972
20
-129.9731109999999887
11
76.4981420000000014
21
-130.1386459999999943
0
LINE
8
BLACK
6
CONTINUOUS
10
76.4981420000000014
20
-130.1386459999999943
11
76.4981409999999897
21
-130.1386479999999892
0
LINE
8
BLACK
6
CONTINUOUS
10
76.4981409999999897
20
-130.1386479999999892
11
76.475797
21
-130.1825000000000045
0
LINE
8
BLACK
6
CONTINUOUS
10
76.475797
20
-130.1825000000000045
11
77.1310579999999959
21
-130.1825000000000045
0
LINE
8
BLACK
6
CONTINUOUS
10
77.1310579999999959
20
-130.1825000000000045
11
77.2328830000000011
21
-130.1144630000000006
0
LINE
8
BLACK
6
CONTINUOUS
10
77.2328830000000011
20
-130.1144630000000006
11
77.3777719999999931
21
-130.0544480000000078
0
LINE
8
BLACK
6
CONTINUOUS
10
77.3777719999999931
20
-130.0544480000000078
11
77.5315859999999901
21
-130.0238520000000051
0
LINE
8
BLACK
6
CONTINUOUS
10
77.5315859999999901
20
-130.0238520000000051
11
77.6099999999999994
21
-130.0199999999999818
0
LINE
8
BLACK
6
CONTINUOUS
10
77.6099999999999994
20
-130.0199999999999818
11
78.4099999999999966
21
-130.0199999999999818
0
LINE
8
BLACK
6
CONTINUOUS
10
78.4099999999999966
20
-130.0199999999999818
11
78.4884139999999917
21
-130.0238520000000051
0
LINE
8
BLACK
6
CONTINUOUS
10
78.4884139999999917
20
-130.0238520000000051
11
78.6422280000000029
21
-130.0544480000000078
0
LINE
8
BLACK
6
CONTINUOUS
10
78.6422280000000029
20
-130.0544480000000078
11
78.787116999999995
21
-130.1144630000000006
0
LINE
8
BLACK
6
CONTINUOUS
10
78.787116999999995
20
-130.1144630000000006
11
78.9175149999999945
21
-130.2015920000000051
0
LINE
8
BLACK
6
CONTINUOUS
10
78.9175149999999945
20
-130.2015920000000051
11
79.0284079999999989
21
-130.312484999999981
0
LINE
8
BLACK
6
CONTINUOUS
10
79.0284079999999989
20
-130.312484999999981
11
79.1155370000000033
21
-130.4428829999999948
0
LINE
8
BLACK
6
CONTINUOUS
10
79.1155370000000033
20
-130.4428829999999948
11
79.1681909999999931
21
-130.5699999999999932
0
LINE
8
BLACK
6
CONTINUOUS
10
79.1681909999999931
20
-130.5699999999999932
11
79.68660899999999
21
-130.5699999999999932
0
LINE
8
BLACK
6
CONTINUOUS
10
79.68660899999999
20
-130.5699999999999932
11
79.68660899999999
21
-130.5699989999999957
0
LINE
8
BLACK
6
CONTINUOUS
10
79.68660899999999
20
-130.5699989999999957
11
79.6779899999999941
21
-130.5155859999999848
0
LINE
8
BLACK
6
CONTINUOUS
10
79.6779899999999941
20
-130.5155859999999848
11
79.6779899999999941
21
-130.5155829999999924
0
LINE
8
BLACK
6
CONTINUOUS
10
79.6779899999999941
20
-130.5155829999999924
11
79.6147579999999948
21
-130.3209760000000017
0
LINE
8
BLACK
6
CONTINUOUS
10
79.6147579999999948
20
-130.3209760000000017
11
79.6147569999999973
21
-130.3209729999999809
0
LINE
8
BLACK
6
CONTINUOUS
10
79.6147569999999973
20
-130.3209729999999809
11
79.5218579999999946
21
-130.1386479999999892
0
LINE
8
BLACK
6
CONTINUOUS
10
79.5218579999999946
20
-130.1386479999999892
11
79.5218569999999971
21
-130.1386459999999943
0
LINE
8
BLACK
6
CONTINUOUS
10
79.5218569999999971
20
-130.1386459999999943
11
79.4015890000000013
21
-129.9731109999999887
0
LINE
8
BLACK
6
CONTINUOUS
10
79.4015890000000013
20
-129.9731109999999887
11
79.4015830000000022
21
-129.9731040000000064
0
LINE
8
BLACK
6
CONTINUOUS
10
79.4015830000000022
20
-129.9731040000000064
11
79.2568950000000001
21
-129.8284160000000043
0
LINE
8
BLACK
6
CONTINUOUS
10
79.2568950000000001
20
-129.8284160000000043
11
79.2568879999999893
21
-129.828409999999991
0
LINE
8
BLACK
6
CONTINUOUS
10
79.2568879999999893
20
-129.828409999999991
11
79.0957009999999912
21
-129.7113009999999917
0
LINE
8
BLACK
6
CONTINUOUS
10
79.0957009999999912
20
-129.7113009999999917
11
79.037430999999998
21
-129.6446070000000077
0
LINE
8
BLACK
6
CONTINUOUS
10
79.037430999999998
20
-129.6446070000000077
11
79.0138699999999972
21
-129.559235000000001
0
LINE
8
BLACK
6
CONTINUOUS
10
79.0138699999999972
20
-129.559235000000001
11
79.0296840000000032
21
-129.4720949999999959
0
LINE
8
BLACK
6
CONTINUOUS
10
79.0296840000000032
20
-129.4720949999999959
11
79.0817399999999964
21
-129.4004459999999881
0
LINE
8
BLACK
6
CONTINUOUS
10
79.0817399999999964
20
-129.4004459999999881
11
79.0956699999999984
21
-129.3893359999999859
0
LINE
8
BLACK
6
CONTINUOUS
10
79.0956699999999984
20
-129.3893359999999859
11
79.2572189999999921
21
-129.2719659999999919
0
LINE
8
BLACK
6
CONTINUOUS
10
79.2572189999999921
20
-129.2719659999999919
11
79.4019660000000016
21
-129.1272189999999966
0
LINE
8
BLACK
6
CONTINUOUS
10
79.4019660000000016
20
-129.1272189999999966
11
79.5222869999999915
21
-128.9616100000000074
0
LINE
8
BLACK
6
CONTINUOUS
10
79.5222869999999915
20
-128.9616100000000074
11
79.5327149999999961
21
-128.9411450000000059
0
LINE
8
BLACK
6
CONTINUOUS
10
79.5327149999999961
20
-128.9411450000000059
11
79.6152139999999946
21
-128.7792309999999816
0
LINE
8
BLACK
6
CONTINUOUS
10
79.6152139999999946
20
-128.7792309999999816
11
79.6152139999999946
21
-128.7792289999999866
0
LINE
8
BLACK
6
CONTINUOUS
10
79.6152139999999946
20
-128.7792289999999866
11
79.6152199999999937
21
-128.7792189999999835
0
LINE
8
BLACK
6
CONTINUOUS
10
79.6152199999999937
20
-128.7792189999999835
11
79.6784770000000009
21
-128.5845339999999908
0
LINE
8
BLACK
6
CONTINUOUS
10
79.6784770000000009
20
-128.5845339999999908
11
79.7104999999999961
21
-128.3823519999999974
0
LINE
8
BLACK
6
CONTINUOUS
10
79.7104999999999961
20
-128.3823519999999974
11
79.7104999999999961
21
-128.1776480000000049
0
LINE
8
BLACK
6
CONTINUOUS
10
79.7104999999999961
20
-128.1776480000000049
11
79.6784770000000009
21
-127.9754659999999973
0
LINE
8
BLACK
6
CONTINUOUS
10
79.6784770000000009
20
-127.9754659999999973
11
79.6152199999999937
21
-127.7807809999999904
0
LINE
8
BLACK
6
CONTINUOUS
10
79.6152199999999937
20
-127.7807809999999904
11
79.6152159999999895
21
-127.7807749999999913
0
LINE
8
BLACK
6
CONTINUOUS
10
79.6152159999999895
20
-127.7807749999999913
11
79.6152139999999946
21
-127.7807679999999948
0
LINE
8
BLACK
6
CONTINUOUS
10
79.6152139999999946
20
-127.7807679999999948
11
79.5222929999999906
21
-127.598399999999998
0
LINE
8
BLACK
6
CONTINUOUS
10
79.5222929999999906
20
-127.598399999999998
11
79.5222869999999915
21
-127.5983899999999949
0
LINE
8
BLACK
6
CONTINUOUS
10
79.5222869999999915
20
-127.5983899999999949
11
79.4438549999999992
21
-127.490437
0
LINE
8
BLACK
6
CONTINUOUS
10
79.4438549999999992
20
-127.490437
11
79.4019660000000016
21
-127.4327809999999914
0
LINE
8
BLACK
6
CONTINUOUS
10
79.4019660000000016
20
-127.4327809999999914
11
79.2572189999999921
21
-127.2880339999999961
0
LINE
8
BLACK
6
CONTINUOUS
10
79.2572189999999921
20
-127.2880339999999961
11
79.2572179999999946
21
-127.2880329999999987
0
LINE
8
BLACK
6
CONTINUOUS
10
79.2572179999999946
20
-127.2880329999999987
11
79.2572159999999997
21
-127.2880309999999895
0
LINE
8
BLACK
6
CONTINUOUS
10
79.2572159999999997
20
-127.2880309999999895
11
79.2300290000000018
21
-127.2682779999999951
0
LINE
8
BLACK
6
CONTINUOUS
10
79.2300290000000018
20
-127.2682779999999951
11
79.1717599999999919
21
-127.2015829999999994
0
LINE
8
BLACK
6
CONTINUOUS
10
79.1717599999999919
20
-127.2015829999999994
11
79.1482000000000028
21
-127.1162109999999927
0
LINE
8
BLACK
6
CONTINUOUS
10
79.1482000000000028
20
-127.1162109999999927
11
79.1479999999999961
21
-127.1072849999999903
0
LINE
8
BLACK
6
CONTINUOUS
10
79.1479999999999961
20
-127.1072849999999903
11
79.1479999999999961
21
-126.1204369999999955
0
LINE
8
BLACK
6
CONTINUOUS
10
79.1479999999999961
20
-126.1204369999999955
11
79.1199799999999982
21
-125.943524999999994
0
LINE
8
BLACK
6
CONTINUOUS
10
79.1199799999999982
20
-125.943524999999994
11
79.1199790000000007
21
-125.9435179999999974
0
LINE
8
BLACK
6
CONTINUOUS
10
79.1199790000000007
20
-125.9435179999999974
11
79.0646259999999899
21
-125.7731599999999901
0
LINE
8
BLACK
6
CONTINUOUS
10
79.0646259999999899
20
-125.7731599999999901
11
78.9833050000000014
21
-125.6135579999999976
0
LINE
8
BLACK
6
CONTINUOUS
10
78.9833050000000014
20
-125.6135579999999976
11
78.8780179999999973
21
-125.4686430000000001
0
LINE
8
BLACK
6
CONTINUOUS
10
78.8780179999999973
20
-125.4686430000000001
11
78.7513569999999987
21
-125.3419819999999874
0
LINE
8
BLACK
6
CONTINUOUS
10
78.7513569999999987
20
-125.3419819999999874
11
77.5971589999999907
21
-124.1877839999999935
0
LINE
8
BLACK
6
CONTINUOUS
10
77.5971589999999907
20
-124.1877839999999935
11
76.4213599999999929
21
-123.0119839999999982
0
LINE
8
BLACK
6
CONTINUOUS
10
76.4213599999999929
20
-123.0119839999999982
11
76.2764359999999897
21
-122.906690999999995
0
LINE
8
BLACK
6
CONTINUOUS
10
76.2764359999999897
20
-122.906690999999995
11
76.1168529999999919
21
-122.8253789999999981
0
LINE
8
BLACK
6
CONTINUOUS
10
76.1168529999999919
20
-122.8253789999999981
11
76.1168339999999972
21
-122.8253709999999899
0
LINE
8
BLACK
6
CONTINUOUS
10
76.1168339999999972
20
-122.8253709999999899
11
75.9464839999999981
21
-122.7700209999999998
0
LINE
8
BLACK
6
CONTINUOUS
10
75.9464839999999981
20
-122.7700209999999998
11
75.9464759999999899
21
-122.7700189999999907
0
LINE
8
BLACK
6
CONTINUOUS
10
75.9464759999999899
20
-122.7700189999999907
11
75.7695629999999909
21
-122.7419999999999902
0
LINE
8
BLACK
6
CONTINUOUS
10
75.7695629999999909
20
-122.7419999999999902
11
73.8738029999999952
21
-122.7419999999999902
0
LINE
8
BLACK
6
CONTINUOUS
10
73.8738029999999952
20
-122.7419999999999902
11
73.7874599999999958
21
-122.7222929999999934
0
LINE
8
BLACK
6
CONTINUOUS
10
73.7874599999999958
20
-122.7222929999999934
11
73.7330889999999926
21
-122.6837139999999948
0
LINE
8
BLACK
6
CONTINUOUS
10
73.7330889999999926
20
-122.6837139999999948
11
72.4562859999999915
21
-121.4069109999999938
0
LINE
8
BLACK
6
CONTINUOUS
10
72.4562859999999915
20
-121.4069109999999938
11
72.4091669999999965
21
-121.3319229999999891
0
LINE
8
BLACK
6
CONTINUOUS
10
72.4091669999999965
20
-121.3319229999999891
11
72.3979999999999961
21
-121.2661969999999911
0
LINE
8
BLACK
6
CONTINUOUS
10
72.3979999999999961
20
-121.2661969999999911
11
72.3979999999999961
21
-119.5638029999999929
0
LINE
8
BLACK
6
CONTINUOUS
10
72.3979999999999961
20
-119.5638029999999929
11
72.4177069999999929
21
-119.4774599999999936
0
LINE
8
BLACK
6
CONTINUOUS
10
72.4177069999999929
20
-119.4774599999999936
11
72.4562859999999915
21
-119.4230889999999903
0
LINE
8
BLACK
6
CONTINUOUS
10
72.4562859999999915
20
-119.4230889999999903
11
73.9330889999999954
21
-117.9462860000000006
0
LINE
8
BLACK
6
CONTINUOUS
10
73.9330889999999954
20
-117.9462860000000006
11
74.0080770000000001
21
-117.8991669999999914
0
LINE
8
BLACK
6
CONTINUOUS
10
74.0080770000000001
20
-117.8991669999999914
11
74.0738029999999981
21
-117.887999999999991
0
LINE
8
BLACK
6
CONTINUOUS
10
74.0738029999999981
20
-117.887999999999991
11
79.6395629999999954
21
-117.887999999999991
0
LINE
8
BLACK
6
CONTINUOUS
10
79.6395629999999954
20
-117.887999999999991
11
79.8164759999999944
21
-117.8599799999999931
0
LINE
8
BLACK
6
CONTINUOUS
10
79.8164759999999944
20
-117.8599799999999931
11
79.8164759999999944
21
-117.8599789999999956
0
LINE
8
BLACK
6
CONTINUOUS
10
79.8164759999999944
20
-117.8599789999999956
11
79.8164819999999935
21
-117.8599789999999956
0
LINE
8
BLACK
6
CONTINUOUS
10
79.8164819999999935
20
-117.8599789999999956
11
79.9868409999999983
21
-117.804625999999999
0
LINE
8
BLACK
6
CONTINUOUS
10
79.9868409999999983
20
-117.804625999999999
11
80.1464419999999933
21
-117.7233049999999963
0
LINE
8
BLACK
6
CONTINUOUS
10
80.1464419999999933
20
-117.7233049999999963
11
80.2913569999999908
21
-117.6180179999999922
0
LINE
8
BLACK
6
CONTINUOUS
10
80.2913569999999908
20
-117.6180179999999922
11
81.8980179999999933
21
-116.0113569999999896
0
LINE
8
BLACK
6
CONTINUOUS
10
81.8980179999999933
20
-116.0113569999999896
11
82.0033049999999974
21
-115.8664419999999922
0
LINE
8
BLACK
6
CONTINUOUS
10
82.0033049999999974
20
-115.8664419999999922
11
82.0846260000000001
21
-115.7068409999999972
0
LINE
8
BLACK
6
CONTINUOUS
10
82.0846260000000001
20
-115.7068409999999972
11
82.1399789999999967
21
-115.5364819999999924
0
LINE
8
BLACK
6
CONTINUOUS
10
82.1399789999999967
20
-115.5364819999999924
11
82.1679999999999922
21
-115.3595629999999943
0
LINE
8
BLACK
6
CONTINUOUS
10
82.1679999999999922
20
-115.3595629999999943
11
82.1679999999999922
21
-115.1804369999999977
0
LINE
8
BLACK
6
CONTINUOUS
10
82.1679999999999922
20
-115.1804369999999977
11
82.1679999999999922
21
-113.0604369999999932
0
LINE
8
BLACK
6
CONTINUOUS
10
82.1679999999999922
20
-113.0604369999999932
11
82.1399789999999967
21
-112.8835179999999951
0
LINE
8
BLACK
6
CONTINUOUS
10
82.1399789999999967
20
-112.8835179999999951
11
82.0846260000000001
21
-112.7131599999999878
0
LINE
8
BLACK
6
CONTINUOUS
10
82.0846260000000001
20
-112.7131599999999878
11
82.0389720000000011
21
-112.6235579999999885
0
LINE
8
BLACK
6
CONTINUOUS
10
82.0389720000000011
20
-112.6235579999999885
11
82.0389720000000011
21
-112.623556999999991
0
LINE
8
BLACK
6
CONTINUOUS
10
82.0389720000000011
20
-112.623556999999991
11
82.0033059999999949
21
-112.5535589999999928
0
LINE
8
BLACK
6
CONTINUOUS
10
82.0033059999999949
20
-112.5535589999999928
11
81.9743689999999958
21
-112.5137309999999928
0
LINE
8
BLACK
6
CONTINUOUS
10
81.9743689999999958
20
-112.5137309999999928
11
81.8980179999999933
21
-112.4086429999999979
0
LINE
8
BLACK
6
CONTINUOUS
10
81.8980179999999933
20
-112.4086429999999979
11
81.8980129999999917
21
-112.4086379999999963
0
LINE
8
BLACK
6
CONTINUOUS
10
81.8980129999999917
20
-112.4086379999999963
11
81.8980119999999943
21
-112.4086360000000013
0
LINE
8
BLACK
6
CONTINUOUS
10
81.8980119999999943
20
-112.4086360000000013
11
78.9413600000000031
21
-109.4519839999999959
0
LINE
8
BLACK
6
CONTINUOUS
10
78.9413600000000031
20
-109.4519839999999959
11
78.7964359999999999
21
-109.3466909999999928
0
LINE
8
BLACK
6
CONTINUOUS
10
78.7964359999999999
20
-109.3466909999999928
11
78.6368530000000021
21
-109.2653789999999958
0
LINE
8
BLACK
6
CONTINUOUS
10
78.6368530000000021
20
-109.2653789999999958
11
78.6368339999999932
21
-109.2653710000000018
0
LINE
8
BLACK
6
CONTINUOUS
10
78.6368339999999932
20
-109.2653710000000018
11
78.4664839999999941
21
-109.2100209999999976
0
LINE
8
BLACK
6
CONTINUOUS
10
78.4664839999999941
20
-109.2100209999999976
11
78.4664760000000001
21
-109.2100189999999884
0
LINE
8
BLACK
6
CONTINUOUS
10
78.4664760000000001
20
-109.2100189999999884
11
78.2895630000000011
21
-109.1820000000000022
0
LINE
8
BLACK
6
CONTINUOUS
10
78.2895630000000011
20
-109.1820000000000022
11
72.6938030000000026
21
-109.1820000000000022
0
LINE
8
BLACK
6
CONTINUOUS
10
72.6938030000000026
20
-109.1820000000000022
11
72.6074600000000032
21
-109.1622929999999911
0
LINE
8
BLACK
6
CONTINUOUS
10
72.6074600000000032
20
-109.1622929999999911
11
72.5530889999999999
21
-109.1237139999999926
0
LINE
8
BLACK
6
CONTINUOUS
10
72.5530889999999999
20
-109.1237139999999926
11
68.7962859999999949
21
-105.3669110000000018
0
LINE
8
BLACK
6
CONTINUOUS
10
68.7962859999999949
20
-105.3669110000000018
11
68.7491669999999999
21
-105.291922999999997
0
LINE
8
BLACK
6
CONTINUOUS
10
68.7491669999999999
20
-105.291922999999997
11
68.7379999999999995
21
-105.2261969999999991
0
LINE
8
BLACK
6
CONTINUOUS
10
68.7379999999999995
20
-105.2261969999999991
11
68.7379999999999995
21
-101.010436999999996
0
LINE
8
BLACK
6
CONTINUOUS
10
68.7379999999999995
20
-101.010436999999996
11
68.7099800000000016
21
-100.8335249999999945
0
LINE
8
BLACK
6
CONTINUOUS
10
68.7099800000000016
20
-100.8335249999999945
11
68.7099789999999899
21
-100.833517999999998
0
LINE
8
BLACK
6
CONTINUOUS
10
68.7099789999999899
20
-100.833517999999998
11
68.6570389999999975
21
-100.6705860000000001
0
LINE
8
BLACK
6
CONTINUOUS
10
68.6570389999999975
20
-100.6705860000000001
11
68.6553389999999979
21
-100.664560999999992
0
LINE
8
BLACK
6
CONTINUOUS
10
68.6553389999999979
20
-100.664560999999992
11
68.6546269999999907
21
-100.6631639999999948
0
LINE
8
BLACK
6
CONTINUOUS
10
68.6546269999999907
20
-100.6631639999999948
11
68.6546259999999933
21
-100.6631599999999906
0
LINE
8
BLACK
6
CONTINUOUS
10
68.6546259999999933
20
-100.6631599999999906
11
68.6546259999999933
21
-100.6631589999999932
0
LINE
8
BLACK
6
CONTINUOUS
10
68.6546259999999933
20
-100.6631589999999932
11
68.5733049999999906
21
-100.5035579999999982
0
LINE
8
BLACK
6
CONTINUOUS
10
68.5733049999999906
20
-100.5035579999999982
11
68.4680180000000007
21
-100.3586430000000007
0
LINE
8
BLACK
6
CONTINUOUS
10
68.4680180000000007
20
-100.3586430000000007
11
68.4680170000000032
21
-100.358641999999989
0
LINE
8
BLACK
6
CONTINUOUS
10
68.4680170000000032
20
-100.358641999999989
11
68.4680149999999941
21
-100.3586389999999966
0
LINE
8
BLACK
6
CONTINUOUS
10
68.4680149999999941
20
-100.3586389999999966
11
64.0587859999999978
21
-95.9494100000000003
0
LINE
8
BLACK
6
CONTINUOUS
10
64.0587859999999978
20
-95.9494100000000003
11
64.0116670000000028
21
-95.8744219999999956
0
LINE
8
BLACK
6
CONTINUOUS
10
64.0116670000000028
20
-95.8744219999999956
11
64.0005000000000024
21
-95.8086959999999976
0
LINE
8
BLACK
6
CONTINUOUS
10
64.0005000000000024
20
-95.8086959999999976
11
64.0005000000000024
21
-95.6976489999999984
0
LINE
8
BLACK
6
CONTINUOUS
10
64.0005000000000024
20
-95.6976489999999984
11
63.9771140000000003
21
-95.5499989999999997
0
LINE
8
BLACK
6
CONTINUOUS
10
63.9771140000000003
20
-95.5499989999999997
11
63.968477
21
-95.4954659999999933
0
LINE
8
BLACK
6
CONTINUOUS
10
63.968477
20
-95.4954659999999933
11
63.9052199999999999
21
-95.3007810000000006
0
LINE
8
BLACK
6
CONTINUOUS
10
63.9052199999999999
20
-95.3007810000000006
11
63.9052159999999958
21
-95.3007750000000016
0
LINE
8
BLACK
6
CONTINUOUS
10
63.9052159999999958
20
-95.3007750000000016
11
63.9052139999999937
21
-95.3007679999999908
0
LINE
8
BLACK
6
CONTINUOUS
10
63.9052139999999937
20
-95.3007679999999908
11
63.8122929999999968
21
-95.1183999999999941
0
LINE
8
BLACK
6
CONTINUOUS
10
63.8122929999999968
20
-95.1183999999999941
11
63.8122869999999978
21
-95.1183899999999909
0
LINE
8
BLACK
6
CONTINUOUS
10
63.8122869999999978
20
-95.1183899999999909
11
63.6919659999999936
21
-94.9527810000000017
0
LINE
8
BLACK
6
CONTINUOUS
10
63.6919659999999936
20
-94.9527810000000017
11
63.5472189999999983
21
-94.8080339999999921
0
LINE
8
BLACK
6
CONTINUOUS
10
63.5472189999999983
20
-94.8080339999999921
11
63.3856989999999954
21
-94.6906839999999903
0
LINE
8
BLACK
6
CONTINUOUS
10
63.3856989999999954
20
-94.6906839999999903
11
63.3274319999999946
21
-94.6239929999999987
0
LINE
8
BLACK
6
CONTINUOUS
10
63.3274319999999946
20
-94.6239929999999987
11
63.3038699999999963
21
-94.5386219999999895
0
LINE
8
BLACK
6
CONTINUOUS
10
63.3038699999999963
20
-94.5386219999999895
11
63.3196829999999977
21
-94.4514819999999986
0
LINE
8
BLACK
6
CONTINUOUS
10
63.3196829999999977
20
-94.4514819999999986
11
63.371738999999998
21
-94.3798319999999933
0
LINE
8
BLACK
6
CONTINUOUS
10
63.371738999999998
20
-94.3798319999999933
11
63.3857009999999974
21
-94.3686969999999974
0
LINE
8
BLACK
6
CONTINUOUS
10
63.3857009999999974
20
-94.3686969999999974
11
63.5468959999999967
21
-94.2515819999999991
0
LINE
8
BLACK
6
CONTINUOUS
10
63.5468959999999967
20
-94.2515819999999991
11
63.6915829999999943
21
-94.1068949999999944
0
LINE
8
BLACK
6
CONTINUOUS
10
63.6915829999999943
20
-94.1068949999999944
11
63.6915890000000005
21
-94.1068879999999979
0
LINE
8
BLACK
6
CONTINUOUS
10
63.6915890000000005
20
-94.1068879999999979
11
63.8118569999999963
21
-93.9413529999999923
0
LINE
8
BLACK
6
CONTINUOUS
10
63.8118569999999963
20
-93.9413529999999923
11
63.8118579999999938
21
-93.9413509999999974
0
LINE
8
BLACK
6
CONTINUOUS
10
63.8118579999999938
20
-93.9413509999999974
11
63.8342010000000002
21
-93.8974999999999937
0
LINE
8
BLACK
6
CONTINUOUS
10
63.8342010000000002
20
-93.8974999999999937
11
63.1789419999999993
21
-93.8974999999999937
0
LINE
8
BLACK
6
CONTINUOUS
10
63.1789419999999993
20
-93.8974999999999937
11
63.0771169999999941
21
-93.9655369999999976
0
LINE
8
BLACK
6
CONTINUOUS
10
63.0771169999999941
20
-93.9655369999999976
11
62.9322279999999949
21
-94.0255519999999905
0
LINE
8
BLACK
6
CONTINUOUS
10
62.9322279999999949
20
-94.0255519999999905
11
62.7784139999999979
21
-94.0561479999999932
0
LINE
8
BLACK
6
CONTINUOUS
10
62.7784139999999979
20
-94.0561479999999932
11
62.6999999999999957
21
-94.0600000000000023
0
LINE
8
BLACK
6
CONTINUOUS
10
62.6999999999999957
20
-94.0600000000000023
11
61.8999999999999986
21
-94.0600000000000023
0
LINE
8
BLACK
6
CONTINUOUS
10
61.8999999999999986
20
-94.0600000000000023
11
61.8215859999999964
21
-94.0561479999999932
0
LINE
8
BLACK
6
CONTINUOUS
10
61.8215859999999964
20
-94.0561479999999932
11
61.6677719999999994
21
-94.0255519999999905
0
LINE
8
BLACK
6
CONTINUOUS
10
61.6677719999999994
20
-94.0255519999999905
11
61.5228830000000002
21
-93.9655369999999976
0
LINE
8
BLACK
6
CONTINUOUS
10
61.5228830000000002
20
-93.9655369999999976
11
61.3924850000000006
21
-93.8784079999999932
0
LINE
8
BLACK
6
CONTINUOUS
10
61.3924850000000006
20
-93.8784079999999932
11
61.2815919999999963
21
-93.7675149999999888
0
LINE
8
BLACK
6
CONTINUOUS
10
61.2815919999999963
20
-93.7675149999999888
11
61.1944629999999989
21
-93.6371169999999893
0
LINE
8
BLACK
6
CONTINUOUS
10
61.1944629999999989
20
-93.6371169999999893
11
61.141808999999995
21
-93.5099999999999909
0
LINE
8
BLACK
6
CONTINUOUS
10
61.141808999999995
20
-93.5099999999999909
11
60.623390999999998
21
-93.5099999999999909
0
LINE
8
BLACK
6
CONTINUOUS
10
60.623390999999998
20
-93.5099999999999909
11
60.6320089999999965
21
-93.5644130000000018
0
LINE
8
BLACK
6
CONTINUOUS
10
60.6320089999999965
20
-93.5644130000000018
11
60.6320089999999965
21
-93.5644159999999943
0
LINE
8
BLACK
6
CONTINUOUS
10
60.6320089999999965
20
-93.5644159999999943
11
60.6952409999999958
21
-93.7590229999999991
0
LINE
8
BLACK
6
CONTINUOUS
10
60.6952409999999958
20
-93.7590229999999991
11
60.6952420000000004
21
-93.7590259999999915
0
LINE
8
BLACK
6
CONTINUOUS
10
60.6952420000000004
20
-93.7590259999999915
11
60.788140999999996
21
-93.9413509999999974
0
LINE
8
BLACK
6
CONTINUOUS
10
60.788140999999996
20
-93.9413509999999974
11
60.7881420000000006
21
-93.9413529999999923
0
LINE
8
BLACK
6
CONTINUOUS
10
60.7881420000000006
20
-93.9413529999999923
11
60.9084099999999964
21
-94.1068879999999979
0
LINE
8
BLACK
6
CONTINUOUS
10
60.9084099999999964
20
-94.1068879999999979
11
60.9084159999999954
21
-94.1068949999999944
0
LINE
8
BLACK
6
CONTINUOUS
10
60.9084159999999954
20
-94.1068949999999944
11
61.0531039999999976
21
-94.2515829999999966
0
LINE
8
BLACK
6
CONTINUOUS
10
61.0531039999999976
20
-94.2515829999999966
11
61.0531109999999941
21
-94.2515889999999956
0
LINE
8
BLACK
6
CONTINUOUS
10
61.0531109999999941
20
-94.2515889999999956
11
61.2142979999999994
21
-94.3686979999999949
0
LINE
8
BLACK
6
CONTINUOUS
10
61.2142979999999994
20
-94.3686979999999949
11
61.2725669999999951
21
-94.4353919999999931
0
LINE
8
BLACK
6
CONTINUOUS
10
61.2725669999999951
20
-94.4353919999999931
11
61.2961290000000005
21
-94.5207639999999998
0
LINE
8
BLACK
6
CONTINUOUS
10
61.2961290000000005
20
-94.5207639999999998
11
61.2803149999999945
21
-94.6079039999999907
0
LINE
8
BLACK
6
CONTINUOUS
10
61.2803149999999945
20
-94.6079039999999907
11
61.2282589999999942
21
-94.6795529999999985
0
LINE
8
BLACK
6
CONTINUOUS
10
61.2282589999999942
20
-94.6795529999999985
11
61.2142969999999949
21
-94.6906869999999969
0
LINE
8
BLACK
6
CONTINUOUS
10
61.2142969999999949
20
-94.6906869999999969
11
61.052782999999998
21
-94.8080319999999972
0
LINE
8
BLACK
6
CONTINUOUS
10
61.052782999999998
20
-94.8080319999999972
11
61.0527789999999939
21
-94.8080349999999896
0
LINE
8
BLACK
6
CONTINUOUS
10
61.0527789999999939
20
-94.8080349999999896
11
60.9080349999999981
21
-94.9527789999999925
0
LINE
8
BLACK
6
CONTINUOUS
10
60.9080349999999981
20
-94.9527789999999925
11
60.9080319999999986
21
-94.9527829999999966
0
LINE
8
BLACK
6
CONTINUOUS
10
60.9080319999999986
20
-94.9527829999999966
11
60.7877119999999991
21
-95.1183899999999909
0
LINE
8
BLACK
6
CONTINUOUS
10
60.7877119999999991
20
-95.1183899999999909
11
60.787706
21
-95.1183999999999941
0
LINE
8
BLACK
6
CONTINUOUS
10
60.787706
20
-95.1183999999999941
11
60.694784999999996
21
-95.3007679999999908
0
LINE
8
BLACK
6
CONTINUOUS
10
60.694784999999996
20
-95.3007679999999908
11
60.6947769999999949
21
-95.3007869999999997
0
LINE
8
BLACK
6
CONTINUOUS
10
60.6947769999999949
20
-95.3007869999999997
11
60.6315229999999943
21
-95.4954630000000009
0
LINE
8
BLACK
6
CONTINUOUS
10
60.6315229999999943
20
-95.4954630000000009
11
60.6315219999999968
21
-95.4954699999999974
0
LINE
8
BLACK
6
CONTINUOUS
10
60.6315219999999968
20
-95.4954699999999974
11
60.6112350000000006
21
-95.623556999999991
0
LINE
8
BLACK
6
CONTINUOUS
10
60.6112350000000006
20
-95.623556999999991
11
60.599499999999999
21
-95.6976480000000009
0
LINE
8
BLACK
6
CONTINUOUS
10
60.599499999999999
20
-95.6976480000000009
11
60.599499999999999
21
-95.9023519999999934
0
LINE
8
BLACK
6
CONTINUOUS
10
60.599499999999999
20
-95.9023519999999934
11
60.6076039999999949
21
-95.9535180000000025
0
LINE
8
BLACK
6
CONTINUOUS
10
60.6076039999999949
20
-95.9535180000000025
11
60.6315219999999968
21
-96.1045289999999994
0
LINE
8
BLACK
6
CONTINUOUS
10
60.6315219999999968
20
-96.1045289999999994
11
60.6315229999999943
21
-96.104535999999996
0
LINE
8
BLACK
6
CONTINUOUS
10
60.6315229999999943
20
-96.104535999999996
11
60.6947769999999949
21
-96.2992119999999971
0
LINE
8
BLACK
6
CONTINUOUS
10
60.6947769999999949
20
-96.2992119999999971
11
60.694784999999996
21
-96.2992309999999918
0
LINE
8
BLACK
6
CONTINUOUS
10
60.694784999999996
20
-96.2992309999999918
11
60.787706
21
-96.4815989999999886
0
LINE
8
BLACK
6
CONTINUOUS
10
60.787706
20
-96.4815989999999886
11
60.7877119999999991
21
-96.4816089999999917
0
LINE
8
BLACK
6
CONTINUOUS
10
60.7877119999999991
20
-96.4816089999999917
11
60.7877129999999966
21
-96.4816099999999892
0
LINE
8
BLACK
6
CONTINUOUS
10
60.7877129999999966
20
-96.4816099999999892
11
60.9080340000000007
21
-96.6472189999999927
0
LINE
8
BLACK
6
CONTINUOUS
10
60.9080340000000007
20
-96.6472189999999927
11
61.052780999999996
21
-96.7919660000000022
0
LINE
8
BLACK
6
CONTINUOUS
10
61.052780999999996
20
-96.7919660000000022
11
61.2177979999999948
21
-96.9118569999999977
0
LINE
8
BLACK
6
CONTINUOUS
10
61.2177979999999948
20
-96.9118569999999977
11
61.2183899999999994
21
-96.9122869999999921
0
LINE
8
BLACK
6
CONTINUOUS
10
61.2183899999999994
20
-96.9122869999999921
11
61.2183999999999955
21
-96.9122929999999911
0
LINE
8
BLACK
6
CONTINUOUS
10
61.2183999999999955
20
-96.9122929999999911
11
61.4007679999999993
21
-97.0052139999999952
0
LINE
8
BLACK
6
CONTINUOUS
10
61.4007679999999993
20
-97.0052139999999952
11
61.4007749999999959
21
-97.0052159999999901
0
LINE
8
BLACK
6
CONTINUOUS
10
61.4007749999999959
20
-97.0052159999999901
11
61.4007809999999949
21
-97.0052199999999942
0
LINE
8
BLACK
6
CONTINUOUS
10
61.4007809999999949
20
-97.0052199999999942
11
61.5954659999999947
21
-97.0684770000000015
0
LINE
8
BLACK
6
CONTINUOUS
10
61.5954659999999947
20
-97.0684770000000015
11
61.7976479999999952
21
-97.1004999999999967
0
LINE
8
BLACK
6
CONTINUOUS
10
61.7976479999999952
20
-97.1004999999999967
11
61.9086969999999965
21
-97.1004999999999967
0
LINE
8
BLACK
6
CONTINUOUS
10
61.9086969999999965
20
-97.1004999999999967
11
61.9950399999999959
21
-97.1202069999999935
0
LINE
8
BLACK
6
CONTINUOUS
10
61.9950399999999959
20
-97.1202069999999935
11
62.0494109999999992
21
-97.1587859999999921
0
LINE
8
BLACK
6
CONTINUOUS
10
62.0494109999999992
20
-97.1587859999999921
11
65.2061279999999925
21
-100.3155029999999925
0
LINE
8
BLACK
6
CONTINUOUS
10
65.2061279999999925
20
-100.3155029999999925
11
65.2532470000000018
21
-100.3904909999999973
0
LINE
8
BLACK
6
CONTINUOUS
10
65.2532470000000018
20
-100.3904909999999973
11
65.2631629999999916
21
-100.4784980000000019
0
LINE
8
BLACK
6
CONTINUOUS
10
65.2631629999999916
20
-100.4784980000000019
11
65.2339120000000037
21
-100.5620909999999952
0
LINE
8
BLACK
6
CONTINUOUS
10
65.2339120000000037
20
-100.5620909999999952
11
65.1712880000000041
21
-100.6247149999999948
0
LINE
8
BLACK
6
CONTINUOUS
10
65.1712880000000041
20
-100.6247149999999948
11
65.0876949999999965
21
-100.6539659999999969
0
LINE
8
BLACK
6
CONTINUOUS
10
65.0876949999999965
20
-100.6539659999999969
11
64.9996879999999919
21
-100.6440499999999929
0
LINE
8
BLACK
6
CONTINUOUS
10
64.9996879999999919
20
-100.6440499999999929
11
64.9484449999999924
21
-100.617211999999995
0
LINE
8
BLACK
6
CONTINUOUS
10
64.9484449999999924
20
-100.617211999999995
11
64.9341869999999943
21
-100.606853000000001
0
LINE
8
BLACK
6
CONTINUOUS
10
64.9341869999999943
20
-100.606853000000001
11
64.9064419999999984
21
-100.5866949999999918
0
LINE
8
BLACK
6
CONTINUOUS
10
64.9064419999999984
20
-100.5866949999999918
11
64.9064400000000035
21
-100.5866939999999943
0
LINE
8
BLACK
6
CONTINUOUS
10
64.9064400000000035
20
-100.5866939999999943
11
64.9064359999999994
21
-100.5866910000000018
0
LINE
8
BLACK
6
CONTINUOUS
10
64.9064359999999994
20
-100.5866910000000018
11
64.7468530000000015
21
-100.5053789999999907
0
LINE
8
BLACK
6
CONTINUOUS
10
64.7468530000000015
20
-100.5053789999999907
11
64.7468339999999927
21
-100.5053709999999967
0
LINE
8
BLACK
6
CONTINUOUS
10
64.7468339999999927
20
-100.5053709999999967
11
64.5764839999999936
21
-100.4500209999999925
0
LINE
8
BLACK
6
CONTINUOUS
10
64.5764839999999936
20
-100.4500209999999925
11
64.5764759999999995
21
-100.4500189999999975
0
LINE
8
BLACK
6
CONTINUOUS
10
64.5764759999999995
20
-100.4500189999999975
11
64.3995630000000006
21
-100.421999999999997
0
LINE
8
BLACK
6
CONTINUOUS
10
64.3995630000000006
20
-100.421999999999997
11
58.3138030000000001
21
-100.421999999999997
0
LINE
8
BLACK
6
CONTINUOUS
10
58.3138030000000001
20
-100.421999999999997
11
58.2274600000000007
21
-100.4022930000000002
0
LINE
8
BLACK
6
CONTINUOUS
10
58.2274600000000007
20
-100.4022930000000002
11
58.1730889999999974
21
-100.3637140000000016
0
LINE
8
BLACK
6
CONTINUOUS
10
58.1730889999999974
20
-100.3637140000000016
11
57.2962859999999949
21
-99.4869109999999921
0
LINE
8
BLACK
6
CONTINUOUS
10
57.2962859999999949
20
-99.4869109999999921
11
57.2491669999999999
21
-99.4119230000000016
0
LINE
8
BLACK
6
CONTINUOUS
10
57.2491669999999999
20
-99.4119230000000016
11
57.2379999999999995
21
-99.3461969999999894
0
LINE
8
BLACK
6
CONTINUOUS
10
57.2379999999999995
20
-99.3461969999999894
11
57.2379999999999995
21
-94.6370000000000005
0
LINE
8
BLACK
6
CONTINUOUS
10
57.2379999999999995
20
-94.6370000000000005
11
57.2577069999999964
21
-94.5506570000000011
0
LINE
8
BLACK
6
CONTINUOUS
10
57.2577069999999964
20
-94.5506570000000011
11
57.3129259999999974
21
-94.4814159999999958
0
LINE
8
BLACK
6
CONTINUOUS
10
57.3129259999999974
20
-94.4814159999999958
11
57.392717999999995
21
-94.4429889999999972
0
LINE
8
BLACK
6
CONTINUOUS
10
57.392717999999995
20
-94.4429889999999972
11
57.4369999999999976
21
-94.4380000000000024
0
LINE
8
BLACK
6
CONTINUOUS
10
57.4369999999999976
20
-94.4380000000000024
11
57.759563
21
-94.4380000000000024
0
LINE
8
BLACK
6
CONTINUOUS
10
57.759563
20
-94.4380000000000024
11
57.936475999999999
21
-94.4099799999999902
0
LINE
8
BLACK
6
CONTINUOUS
10
57.936475999999999
20
-94.4099799999999902
11
57.936475999999999
21
-94.4099789999999928
0
LINE
8
BLACK
6
CONTINUOUS
10
57.936475999999999
20
-94.4099789999999928
11
57.936481999999998
21
-94.4099789999999928
0
LINE
8
BLACK
6
CONTINUOUS
10
57.936481999999998
20
-94.4099789999999928
11
58.1068409999999957
21
-94.3546259999999961
0
LINE
8
BLACK
6
CONTINUOUS
10
58.1068409999999957
20
-94.3546259999999961
11
58.2664419999999978
21
-94.2733049999999935
0
LINE
8
BLACK
6
CONTINUOUS
10
58.2664419999999978
20
-94.2733049999999935
11
58.4113569999999953
21
-94.1680179999999893
0
LINE
8
BLACK
6
CONTINUOUS
10
58.4113569999999953
20
-94.1680179999999893
11
60.6630889999999994
21
-91.9162859999999995
0
LINE
8
BLACK
6
CONTINUOUS
10
60.6630889999999994
20
-91.9162859999999995
11
60.738076999999997
21
-91.8691669999999903
0
LINE
8
BLACK
6
CONTINUOUS
10
60.738076999999997
20
-91.8691669999999903
11
60.8038029999999949
21
-91.8579999999999899
0
LINE
8
BLACK
6
CONTINUOUS
10
60.8038029999999949
20
-91.8579999999999899
11
61.0055349999999947
21
-91.8579999999999899
0
LINE
8
BLACK
6
CONTINUOUS
10
61.0055349999999947
20
-91.8579999999999899
11
61.0918779999999941
21
-91.8777070000000009
0
LINE
8
BLACK
6
CONTINUOUS
10
61.0918779999999941
20
-91.8777070000000009
11
61.1611189999999993
21
-91.9329259999999948
0
LINE
8
BLACK
6
CONTINUOUS
10
61.1611189999999993
20
-91.9329259999999948
11
61.199545999999998
21
-92.0127179999999925
0
LINE
8
BLACK
6
CONTINUOUS
10
61.199545999999998
20
-92.0127179999999925
11
61.199545999999998
21
-92.1012819999999977
0
LINE
8
BLACK
6
CONTINUOUS
10
61.199545999999998
20
-92.1012819999999977
11
61.1611189999999993
21
-92.1810739999999953
0
LINE
8
BLACK
6
CONTINUOUS
10
61.1611189999999993
20
-92.1810739999999953
11
61.1225039999999993
21
-92.2179939999999903
0
LINE
8
BLACK
6
CONTINUOUS
10
61.1225039999999993
20
-92.2179939999999903
11
61.0531109999999941
21
-92.2684100000000029
0
LINE
8
BLACK
6
CONTINUOUS
10
61.0531109999999941
20
-92.2684100000000029
11
61.0531039999999976
21
-92.268416000000002
0
LINE
8
BLACK
6
CONTINUOUS
10
61.0531039999999976
20
-92.268416000000002
11
60.9084159999999954
21
-92.4131039999999899
0
LINE
8
BLACK
6
CONTINUOUS
10
60.9084159999999954
20
-92.4131039999999899
11
60.9084099999999964
21
-92.4131110000000007
0
LINE
8
BLACK
6
CONTINUOUS
10
60.9084099999999964
20
-92.4131110000000007
11
60.7881420000000006
21
-92.578645999999992
0
LINE
8
BLACK
6
CONTINUOUS
10
60.7881420000000006
20
-92.578645999999992
11
60.788140999999996
21
-92.5786480000000012
0
LINE
8
BLACK
6
CONTINUOUS
10
60.788140999999996
20
-92.5786480000000012
11
60.6952420000000004
21
-92.7609729999999928
0
LINE
8
BLACK
6
CONTINUOUS
10
60.6952420000000004
20
-92.7609729999999928
11
60.6952409999999958
21
-92.7609759999999994
0
LINE
8
BLACK
6
CONTINUOUS
10
60.6952409999999958
20
-92.7609759999999994
11
60.6320089999999965
21
-92.9555829999999901
0
LINE
8
BLACK
6
CONTINUOUS
10
60.6320089999999965
20
-92.9555829999999901
11
60.6320089999999965
21
-92.9555859999999967
0
LINE
8
BLACK
6
CONTINUOUS
10
60.6320089999999965
20
-92.9555859999999967
11
60.6233900000000006
21
-93.0099989999999934
0
LINE
8
BLACK
6
CONTINUOUS
10
60.6233900000000006
20
-93.0099989999999934
11
60.623390999999998
21
-93.0099999999999909
0
LINE
8
BLACK
6
CONTINUOUS
10
60.623390999999998
20
-93.0099999999999909
11
61.141808999999995
21
-93.0099999999999909
0
LINE
8
BLACK
6
CONTINUOUS
10
61.141808999999995
20
-93.0099999999999909
11
61.1944629999999989
21
-92.8828829999999925
0
LINE
8
BLACK
6
CONTINUOUS
10
61.1944629999999989
20
-92.8828829999999925
11
61.2815919999999963
21
-92.752484999999993
0
LINE
8
BLACK
6
CONTINUOUS
10
61.2815919999999963
20
-92.752484999999993
11
61.3924850000000006
21
-92.6415920000000028
0
LINE
8
BLACK
6
CONTINUOUS
10
61.3924850000000006
20
-92.6415920000000028
11
61.5228830000000002
21
-92.5544629999999984
0
LINE
8
BLACK
6
CONTINUOUS
10
61.5228830000000002
20
-92.5544629999999984
11
61.6677719999999994
21
-92.4944479999999913
0
LINE
8
BLACK
6
CONTINUOUS
10
61.6677719999999994
20
-92.4944479999999913
11
61.8215859999999964
21
-92.4638520000000028
0
LINE
8
BLACK
6
CONTINUOUS
10
61.8215859999999964
20
-92.4638520000000028
11
61.8999999999999986
21
-92.4599999999999937
0
LINE
8
BLACK
6
CONTINUOUS
10
61.8999999999999986
20
-92.4599999999999937
11
62.6999999999999957
21
-92.4599999999999937
0
LINE
8
BLACK
6
CONTINUOUS
10
62.6999999999999957
20
-92.4599999999999937
11
62.7784139999999979
21
-92.4638520000000028
0
LINE
8
BLACK
6
CONTINUOUS
10
62.7784139999999979
20
-92.4638520000000028
11
62.9322279999999949
21
-92.4944479999999913
0
LINE
8
BLACK
6
CONTINUOUS
10
62.9322279999999949
20
-92.4944479999999913
11
63.0771169999999941
21
-92.5544629999999984
0
LINE
8
BLACK
6
CONTINUOUS
10
63.0771169999999941
20
-92.5544629999999984
11
63.1789419999999993
21
-92.6225000000000023
0
LINE
8
BLACK
6
CONTINUOUS
10
63.1789419999999993
20
-92.6225000000000023
11
63.8342019999999977
21
-92.6225000000000023
0
LINE
8
BLACK
6
CONTINUOUS
10
63.8342019999999977
20
-92.6225000000000023
11
63.8118579999999938
21
-92.5786480000000012
0
LINE
8
BLACK
6
CONTINUOUS
10
63.8118579999999938
20
-92.5786480000000012
11
63.8118569999999963
21
-92.578645999999992
0
LINE
8
BLACK
6
CONTINUOUS
10
63.8118569999999963
20
-92.578645999999992
11
63.6915890000000005
21
-92.4131110000000007
0
LINE
8
BLACK
6
CONTINUOUS
10
63.6915890000000005
20
-92.4131110000000007
11
63.6915829999999943
21
-92.4131039999999899
0
LINE
8
BLACK
6
CONTINUOUS
10
63.6915829999999943
20
-92.4131039999999899
11
63.5468949999999992
21
-92.268416000000002
0
LINE
8
BLACK
6
CONTINUOUS
10
63.5468949999999992
20
-92.268416000000002
11
63.5468879999999956
21
-92.2684100000000029
0
LINE
8
BLACK
6
CONTINUOUS
10
63.5468879999999956
20
-92.2684100000000029
11
63.3857009999999974
21
-92.1513009999999895
0
LINE
8
BLACK
6
CONTINUOUS
10
63.3857009999999974
20
-92.1513009999999895
11
63.3274309999999971
21
-92.0846069999999912
0
LINE
8
BLACK
6
CONTINUOUS
10
63.3274309999999971
20
-92.0846069999999912
11
63.3038699999999963
21
-91.9992349999999988
0
LINE
8
BLACK
6
CONTINUOUS
10
63.3038699999999963
20
-91.9992349999999988
11
63.3196839999999952
21
-91.9120949999999937
0
LINE
8
BLACK
6
CONTINUOUS
10
63.3196839999999952
20
-91.9120949999999937
11
63.3717399999999955
21
-91.840446
0
LINE
8
BLACK
6
CONTINUOUS
10
63.3717399999999955
20
-91.840446
11
63.3856699999999975
21
-91.8293359999999979
0
LINE
8
BLACK
6
CONTINUOUS
10
63.3856699999999975
20
-91.8293359999999979
11
63.5472189999999983
21
-91.7119659999999897
0
LINE
8
BLACK
6
CONTINUOUS
10
63.5472189999999983
20
-91.7119659999999897
11
63.6919659999999936
21
-91.5672189999999944
0
LINE
8
BLACK
6
CONTINUOUS
10
63.6919659999999936
20
-91.5672189999999944
11
63.8122869999999978
21
-91.4016099999999909
0
LINE
8
BLACK
6
CONTINUOUS
10
63.8122869999999978
20
-91.4016099999999909
11
63.9052199999999999
21
-91.2192189999999954
0
LINE
8
BLACK
6
CONTINUOUS
10
63.9052199999999999
20
-91.2192189999999954
11
63.968477
21
-91.0245340000000027
0
LINE
8
BLACK
6
CONTINUOUS
10
63.968477
20
-91.0245340000000027
11
64.0005000000000024
21
-90.8223519999999951
0
LINE
8
BLACK
6
CONTINUOUS
10
64.0005000000000024
20
-90.8223519999999951
11
64.0005000000000024
21
-90.6176480000000026
0
LINE
8
BLACK
6
CONTINUOUS
10
64.0005000000000024
20
-90.6176480000000026
11
63.968477
21
-90.415465999999995
0
LINE
8
BLACK
6
CONTINUOUS
10
63.968477
20
-90.415465999999995
11
63.9052199999999999
21
-90.2207810000000023
0
LINE
8
BLACK
6
CONTINUOUS
10
63.9052199999999999
20
-90.2207810000000023
11
63.9052159999999958
21
-90.2207749999999891
0
LINE
8
BLACK
6
CONTINUOUS
10
63.9052159999999958
20
-90.2207749999999891
11
63.9052139999999937
21
-90.2207679999999925
0
LINE
8
BLACK
6
CONTINUOUS
10
63.9052139999999937
20
-90.2207679999999925
11
63.8122929999999968
21
-90.0383999999999958
0
LINE
8
BLACK
6
CONTINUOUS
10
63.8122929999999968
20
-90.0383999999999958
11
63.8122869999999978
21
-90.0383899999999926
0
LINE
8
BLACK
6
CONTINUOUS
10
63.8122869999999978
20
-90.0383899999999926
11
63.6919659999999936
21
-89.8727809999999891
0
LINE
8
BLACK
6
CONTINUOUS
10
63.6919659999999936
20
-89.8727809999999891
11
63.5472189999999983
21
-89.7280339999999939
0
LINE
8
BLACK
6
CONTINUOUS
10
63.5472189999999983
20
-89.7280339999999939
11
63.5416899999999956
21
-89.7225049999999982
0
LINE
8
BLACK
6
CONTINUOUS
10
63.5416899999999956
20
-89.7225049999999982
11
63.5433269999999979
21
-89.7208669999999984
0
LINE
8
BLACK
6
CONTINUOUS
10
63.5433269999999979
20
-89.7208669999999984
11
63.4983140000000006
21
-89.6603279999999927
0
LINE
8
BLACK
6
CONTINUOUS
10
63.4983140000000006
20
-89.6603279999999927
11
63.4815399999999954
21
-89.5733669999999904
0
LINE
8
BLACK
6
CONTINUOUS
10
63.4815399999999954
20
-89.5733669999999904
11
63.5041569999999993
21
-89.4877409999999998
0
LINE
8
BLACK
6
CONTINUOUS
10
63.5041569999999993
20
-89.4877409999999998
11
63.5616869999999992
21
-89.4204069999999973
0
LINE
8
BLACK
6
CONTINUOUS
10
63.5616869999999992
20
-89.4204069999999973
11
63.5759410000000003
21
-89.4107379999999949
0
LINE
8
BLACK
6
CONTINUOUS
10
63.5759410000000003
20
-89.4107379999999949
11
63.7186559999999957
21
-89.3227119999999957
0
LINE
8
BLACK
6
CONTINUOUS
10
63.7186559999999957
20
-89.3227119999999957
11
63.8427119999999988
21
-89.1986559999999997
0
LINE
8
BLACK
6
CONTINUOUS
10
63.8427119999999988
20
-89.1986559999999997
11
63.9348139999999958
21
-89.0493340000000018
0
LINE
8
BLACK
6
CONTINUOUS
10
63.9348139999999958
20
-89.0493340000000018
11
63.9899989999999974
21
-88.8827969999999965
0
LINE
8
BLACK
6
CONTINUOUS
10
63.9899989999999974
20
-88.8827969999999965
11
64.0005000000000024
21
-88.7800089999999926
0
LINE
8
BLACK
6
CONTINUOUS
10
64.0005000000000024
20
-88.7800089999999926
11
64.0004989999999907
21
-87.5799919999999901
0
LINE
8
BLACK
6
CONTINUOUS
10
64.0004989999999907
20
-87.5799919999999901
11
63.9899989999999974
21
-87.4772030000000029
0
LINE
8
BLACK
6
CONTINUOUS
10
63.9899989999999974
20
-87.4772030000000029
11
63.9348139999999958
21
-87.3106659999999977
0
LINE
8
BLACK
6
CONTINUOUS
10
63.9348139999999958
20
-87.3106659999999977
11
63.8427119999999988
21
-87.1613439999999997
0
LINE
8
BLACK
6
CONTINUOUS
10
63.8427119999999988
20
-87.1613439999999997
11
63.7186559999999957
21
-87.0372879999999896
0
LINE
8
BLACK
6
CONTINUOUS
10
63.7186559999999957
20
-87.0372879999999896
11
63.5693339999999978
21
-86.9451859999999925
0
LINE
8
BLACK
6
CONTINUOUS
10
63.5693339999999978
20
-86.9451859999999925
11
63.4028009999999966
21
-86.8900019999999955
0
LINE
8
BLACK
6
CONTINUOUS
10
63.4028009999999966
20
-86.8900019999999955
11
63.4027989999999946
21
-86.890000999999998
0
LINE
8
BLACK
6
CONTINUOUS
10
63.4027989999999946
20
-86.890000999999998
11
63.4027969999999996
21
-86.890000999999998
0
LINE
8
BLACK
6
CONTINUOUS
10
63.4027969999999996
20
-86.890000999999998
11
63.3000089999999958
21
-86.8794999999999931
0
LINE
8
BLACK
6
CONTINUOUS
10
63.3000089999999958
20
-86.8794999999999931
11
63.2999999999999972
21
-86.8794999999999931
0
LINE
8
BLACK
6
CONTINUOUS
10
63.2999999999999972
20
-86.8794999999999931
11
61.299991999999996
21
-86.8794999999999931
0
LINE
8
BLACK
6
CONTINUOUS
10
61.299991999999996
20
-86.8794999999999931
11
61.299985999999997
21
-86.8795009999999905
0
LINE
8
BLACK
6
CONTINUOUS
10
61.299985999999997
20
-86.8795009999999905
11
61.1972039999999993
21
-86.8900000000000006
0
LINE
8
BLACK
6
CONTINUOUS
10
61.1972039999999993
20
-86.8900000000000006
11
61.0306649999999991
21
-86.9451859999999925
0
LINE
8
BLACK
6
CONTINUOUS
10
61.0306649999999991
20
-86.9451859999999925
11
61.030662999999997
21
-86.94518699999999
0
LINE
8
BLACK
6
CONTINUOUS
10
61.030662999999997
20
-86.94518699999999
11
60.8813469999999981
21
-87.0372859999999946
0
LINE
8
BLACK
6
CONTINUOUS
10
60.8813469999999981
20
-87.0372859999999946
11
60.8813399999999945
21
-87.0372909999999962
0
LINE
8
BLACK
6
CONTINUOUS
10
60.8813399999999945
20
-87.0372909999999962
11
60.8149179999999987
21
-87.1037139999999965
0
LINE
8
BLACK
6
CONTINUOUS
10
60.8149179999999987
20
-87.1037139999999965
11
60.739929999999994
21
-87.1508329999999916
0
LINE
8
BLACK
6
CONTINUOUS
10
60.739929999999994
20
-87.1508329999999916
11
60.674203999999996
21
-87.1619999999999919
0
LINE
8
BLACK
6
CONTINUOUS
10
60.674203999999996
20
-87.1619999999999919
11
56.7789209999999969
21
-87.1619999999999919
0
LINE
8
BLACK
6
CONTINUOUS
10
56.7789209999999969
20
-87.1619999999999919
11
56.6925779999999975
21
-87.1422929999999951
0
LINE
8
BLACK
6
CONTINUOUS
10
56.6925779999999975
20
-87.1422929999999951
11
56.6885759999999976
21
-87.1403099999999995
0
LINE
8
BLACK
6
CONTINUOUS
10
56.6885759999999976
20
-87.1403099999999995
11
56.5992189999999979
21
-87.0947800000000001
0
LINE
8
BLACK
6
CONTINUOUS
10
56.5992189999999979
20
-87.0947800000000001
11
56.5992139999999964
21
-87.0947779999999909
0
LINE
8
BLACK
6
CONTINUOUS
10
56.5992139999999964
20
-87.0947779999999909
11
56.4045360000000002
21
-87.0315229999999929
0
LINE
8
BLACK
6
CONTINUOUS
10
56.4045360000000002
20
-87.0315229999999929
11
56.4045289999999966
21
-87.0315219999999954
0
LINE
8
BLACK
6
CONTINUOUS
10
56.4045289999999966
20
-87.0315219999999954
11
56.2897350000000003
21
-87.0133399999999995
0
LINE
8
BLACK
6
CONTINUOUS
10
56.2897350000000003
20
-87.0133399999999995
11
56.2023519999999976
21
-86.9994999999999976
0
LINE
8
BLACK
6
CONTINUOUS
10
56.2023519999999976
20
-86.9994999999999976
11
55.9976479999999981
21
-86.9994999999999976
0
LINE
8
BLACK
6
CONTINUOUS
10
55.9976479999999981
20
-86.9994999999999976
11
55.9484959999999987
21
-87.007284999999996
0
LINE
8
BLACK
6
CONTINUOUS
10
55.9484959999999987
20
-87.007284999999996
11
55.7954699999999946
21
-87.0315219999999954
0
LINE
8
BLACK
6
CONTINUOUS
10
55.7954699999999946
20
-87.0315219999999954
11
55.795462999999998
21
-87.0315229999999929
0
LINE
8
BLACK
6
CONTINUOUS
10
55.795462999999998
20
-87.0315229999999929
11
55.6007849999999948
21
-87.0947779999999909
0
LINE
8
BLACK
6
CONTINUOUS
10
55.6007849999999948
20
-87.0947779999999909
11
55.6007800000000003
21
-87.0947800000000001
0
LINE
8
BLACK
6
CONTINUOUS
10
55.6007800000000003
20
-87.0947800000000001
11
55.5114239999999981
21
-87.1403099999999995
0
LINE
8
BLACK
6
CONTINUOUS
10
55.5114239999999981
20
-87.1403099999999995
11
55.4255449999999996
21
-87.1619499999999903
0
LINE
8
BLACK
6
CONTINUOUS
10
55.4255449999999996
20
-87.1619499999999903
11
55.4210789999999989
21
-87.1619999999999919
0
LINE
8
BLACK
6
CONTINUOUS
10
55.4210789999999989
20
-87.1619999999999919
11
51.7804369999999992
21
-87.1619999999999919
0
LINE
8
BLACK
6
CONTINUOUS
10
51.7804369999999992
20
-87.1619999999999919
11
51.6035249999999976
21
-87.1900189999999924
0
LINE
8
BLACK
6
CONTINUOUS
10
51.6035249999999976
20
-87.1900189999999924
11
51.60351
21
-87.1900229999999965
0
LINE
8
BLACK
6
CONTINUOUS
10
51.60351
20
-87.1900229999999965
11
51.4331669999999974
21
-87.2453709999999916
0
LINE
8
BLACK
6
CONTINUOUS
10
51.4331669999999974
20
-87.2453709999999916
11
51.4331659999999999
21
-87.2453709999999916
0
LINE
8
BLACK
6
CONTINUOUS
10
51.4331659999999999
20
-87.2453709999999916
11
51.2735559999999992
21
-87.3266959999999983
0
LINE
8
BLACK
6
CONTINUOUS
10
51.2735559999999992
20
-87.3266959999999983
11
51.1286389999999997
21
-87.4319839999999999
0
LINE
8
BLACK
6
CONTINUOUS
10
51.1286389999999997
20
-87.4319839999999999
11
47.8619839999999996
21
-90.698639
0
LINE
8
BLACK
6
CONTINUOUS
10
47.8619839999999996
20
-90.698639
11
47.7566909999999964
21
-90.843562999999989
0
LINE
8
BLACK
6
CONTINUOUS
10
47.7566909999999964
20
-90.843562999999989
11
47.675376
21
-91.003152
0
LINE
8
BLACK
6
CONTINUOUS
10
47.675376
20
-91.003152
11
47.6753730000000004
21
-91.0031599999999941
0
LINE
8
BLACK
6
CONTINUOUS
10
47.6753730000000004
20
-91.0031599999999941
11
47.628783999999996
21
-91.1465429999999941
0
LINE
8
BLACK
6
CONTINUOUS
10
47.628783999999996
20
-91.1465429999999941
11
47.6287850000000006
21
-91.1465439999999916
0
LINE
8
BLACK
6
CONTINUOUS
10
47.6287850000000006
20
-91.1465439999999916
11
47.6200199999999967
21
-91.1735189999999989
0
LINE
8
BLACK
6
CONTINUOUS
10
47.6200199999999967
20
-91.1735189999999989
11
47.5919999999999987
21
-91.3504369999999994
0
LINE
8
BLACK
6
CONTINUOUS
10
47.5919999999999987
20
-91.3504369999999994
11
47.5919999999999987
21
-97.639561999999998
0
LINE
8
BLACK
6
CONTINUOUS
10
47.5919999999999987
20
-97.639561999999998
11
47.6200189999999992
21
-97.8164759999999944
0
LINE
8
BLACK
6
CONTINUOUS
10
47.6200189999999992
20
-97.8164759999999944
11
47.6200210000000013
21
-97.8164840000000027
0
LINE
8
BLACK
6
CONTINUOUS
10
47.6200210000000013
20
-97.8164840000000027
11
47.6753709999999984
21
-97.9868340000000018
0
LINE
8
BLACK
6
CONTINUOUS
10
47.6753709999999984
20
-97.9868340000000018
11
47.6753789999999995
21
-97.9868529999999964
0
LINE
8
BLACK
6
CONTINUOUS
10
47.6753789999999995
20
-97.9868529999999964
11
47.7566909999999964
21
-98.1464359999999942
0
LINE
8
BLACK
6
CONTINUOUS
10
47.7566909999999964
20
-98.1464359999999942
11
47.756693999999996
21
-98.1464399999999983
0
LINE
8
BLACK
6
CONTINUOUS
10
47.756693999999996
20
-98.1464399999999983
11
47.7566950000000006
21
-98.1464419999999933
0
LINE
8
BLACK
6
CONTINUOUS
10
47.7566950000000006
20
-98.1464419999999933
11
47.7938989999999961
21
-98.1976489999999984
0
LINE
8
BLACK
6
CONTINUOUS
10
47.7938989999999961
20
-98.1976489999999984
11
47.8619839999999996
21
-98.2913599999999974
0
LINE
8
BLACK
6
CONTINUOUS
10
47.8619839999999996
20
-98.2913599999999974
11
51.8537139999999965
21
-102.2830889999999897
0
LINE
8
BLACK
6
CONTINUOUS
10
51.8537139999999965
20
-102.2830889999999897
11
51.9008329999999987
21
-102.3580769999999944
0
LINE
8
BLACK
6
CONTINUOUS
10
51.9008329999999987
20
-102.3580769999999944
11
51.911999999999999
21
-102.4238029999999924
0
LINE
8
BLACK
6
CONTINUOUS
10
51.911999999999999
20
-102.4238029999999924
11
51.911999999999999
21
-102.9757899999999893
0
LINE
8
BLACK
6
CONTINUOUS
10
51.911999999999999
20
-102.9757899999999893
11
51.8922929999999951
21
-103.0621329999999887
0
LINE
8
BLACK
6
CONTINUOUS
10
51.8922929999999951
20
-103.0621329999999887
11
51.8370740000000012
21
-103.1313739999999939
0
LINE
8
BLACK
6
CONTINUOUS
10
51.8370740000000012
20
-103.1313739999999939
11
51.7572819999999965
21
-103.1698009999999925
0
LINE
8
BLACK
6
CONTINUOUS
10
51.7572819999999965
20
-103.1698009999999925
11
51.6687179999999984
21
-103.1698009999999925
0
LINE
8
BLACK
6
CONTINUOUS
10
51.6687179999999984
20
-103.1698009999999925
11
51.5889260000000007
21
-103.1313739999999939
0
LINE
8
BLACK
6
CONTINUOUS
10
51.5889260000000007
20
-103.1313739999999939
11
51.5520059999999987
21
-103.0927590000000009
0
LINE
8
BLACK
6
CONTINUOUS
10
51.5520059999999987
20
-103.0927590000000009
11
51.4409489999999963
21
-102.9399019999999894
0
LINE
8
BLACK
6
CONTINUOUS
10
51.4409489999999963
20
-102.9399019999999894
11
51.4409429999999972
21
-102.9398949999999928
0
LINE
8
BLACK
6
CONTINUOUS
10
51.4409429999999972
20
-102.9398949999999928
11
51.3051049999999975
21
-102.8040570000000002
0
LINE
8
BLACK
6
CONTINUOUS
10
51.3051049999999975
20
-102.8040570000000002
11
51.2275539999999978
21
-102.7477129999999903
0
LINE
8
BLACK
6
CONTINUOUS
10
51.2275539999999978
20
-102.7477129999999903
11
51.1496810000000011
21
-102.6911349999999885
0
LINE
8
BLACK
6
CONTINUOUS
10
51.1496810000000011
20
-102.6911349999999885
11
50.9785089999999954
21
-102.6039179999999931
0
LINE
8
BLACK
6
CONTINUOUS
10
50.9785089999999954
20
-102.6039179999999931
11
50.9785070000000005
21
-102.6039169999999956
0
LINE
8
BLACK
6
CONTINUOUS
10
50.9785070000000005
20
-102.6039169999999956
11
50.9785019999999989
21
-102.6039150000000006
0
LINE
8
BLACK
6
CONTINUOUS
10
50.9785019999999989
20
-102.6039150000000006
11
50.7958029999999994
21
-102.5445529999999934
0
LINE
8
BLACK
6
CONTINUOUS
10
50.7958029999999994
20
-102.5445529999999934
11
50.7957940000000008
21
-102.5445509999999985
0
LINE
8
BLACK
6
CONTINUOUS
10
50.7957940000000008
20
-102.5445509999999985
11
50.6060549999999978
21
-102.5144999999999982
0
LINE
8
BLACK
6
CONTINUOUS
10
50.6060549999999978
20
-102.5144999999999982
11
50.4139449999999982
21
-102.5144999999999982
0
LINE
8
BLACK
6
CONTINUOUS
10
50.4139449999999982
20
-102.5144999999999982
11
50.2242049999999978
21
-102.5445509999999985
0
LINE
8
BLACK
6
CONTINUOUS
10
50.2242049999999978
20
-102.5445509999999985
11
50.2241959999999992
21
-102.5445529999999934
0
LINE
8
BLACK
6
CONTINUOUS
10
50.2241959999999992
20
-102.5445529999999934
11
50.0927599999999984
21
-102.5872600000000006
0
LINE
8
BLACK
6
CONTINUOUS
10
50.0927599999999984
20
-102.5872600000000006
11
50.0312659999999951
21
-102.5969999999999942
0
LINE
8
BLACK
6
CONTINUOUS
10
50.0312659999999951
20
-102.5969999999999942
11
47.9788029999999992
21
-102.5969999999999942
0
LINE
8
BLACK
6
CONTINUOUS
10
47.9788029999999992
20
-102.5969999999999942
11
47.8924599999999998
21
-102.5772929999999974
0
LINE
8
BLACK
6
CONTINUOUS
10
47.8924599999999998
20
-102.5772929999999974
11
47.8380889999999965
21
-102.5387139999999988
0
LINE
8
BLACK
6
CONTINUOUS
10
47.8380889999999965
20
-102.5387139999999988
11
45.0562860000000001
21
-99.7569110000000023
0
LINE
8
BLACK
6
CONTINUOUS
10
45.0562860000000001
20
-99.7569110000000023
11
45.0091669999999979
21
-99.6819229999999976
0
LINE
8
BLACK
6
CONTINUOUS
10
45.0091669999999979
20
-99.6819229999999976
11
44.9979999999999976
21
-99.6161969999999997
0
LINE
8
BLACK
6
CONTINUOUS
10
44.9979999999999976
20
-99.6161969999999997
11
44.9979999999999976
21
-94.1089199999999977
0
LINE
8
BLACK
6
CONTINUOUS
10
44.9979999999999976
20
-94.1089199999999977
11
45.0177070000000015
21
-94.0225769999999983
0
LINE
8
BLACK
6
CONTINUOUS
10
45.0177070000000015
20
-94.0225769999999983
11
45.0196499999999986
21
-94.0186530000000005
0
LINE
8
BLACK
6
CONTINUOUS
10
45.0196499999999986
20
-94.0186530000000005
11
45.0652199999999965
21
-93.9292189999999891
0
LINE
8
BLACK
6
CONTINUOUS
10
45.0652199999999965
20
-93.9292189999999891
11
45.1284769999999966
21
-93.7345339999999965
0
LINE
8
BLACK
6
CONTINUOUS
10
45.1284769999999966
20
-93.7345339999999965
11
45.160499999999999
21
-93.5323519999999888
0
LINE
8
BLACK
6
CONTINUOUS
10
45.160499999999999
20
-93.5323519999999888
11
45.160499999999999
21
-93.3276479999999964
0
LINE
8
BLACK
6
CONTINUOUS
10
45.160499999999999
20
-93.3276479999999964
11
45.1284769999999966
21
-93.1254659999999888
0
LINE
8
BLACK
6
CONTINUOUS
10
45.1284769999999966
20
-93.1254659999999888
11
45.0909599999999955
21
-93.0099999999999909
0
LINE
8
BLACK
6
CONTINUOUS
10
45.0909599999999955
20
-93.0099999999999909
11
45.0652219999999986
21
-92.9307869999999951
0
LINE
8
BLACK
6
CONTINUOUS
10
45.0652219999999986
20
-92.9307869999999951
11
45.0652210000000011
21
-92.9307840000000027
0
LINE
8
BLACK
6
CONTINUOUS
10
45.0652210000000011
20
-92.9307840000000027
11
45.0652199999999965
21
-92.9307809999999961
0
LINE
8
BLACK
6
CONTINUOUS
10
45.0652199999999965
20
-92.9307809999999961
11
45.0652159999999995
21
-92.930774999999997
0
LINE
8
BLACK
6
CONTINUOUS
10
45.0652159999999995
20
-92.930774999999997
11
45.0652139999999974
21
-92.9307680000000005
0
LINE
8
BLACK
6
CONTINUOUS
10
45.0652139999999974
20
-92.9307680000000005
11
44.9722930000000005
21
-92.7483999999999895
0
LINE
8
BLACK
6
CONTINUOUS
10
44.9722930000000005
20
-92.7483999999999895
11
44.9722870000000015
21
-92.7483900000000006
0
LINE
8
BLACK
6
CONTINUOUS
10
44.9722870000000015
20
-92.7483900000000006
11
44.8519669999999948
21
-92.5827829999999921
0
LINE
8
BLACK
6
CONTINUOUS
10
44.8519669999999948
20
-92.5827829999999921
11
44.8519659999999973
21
-92.5827809999999971
0
LINE
8
BLACK
6
CONTINUOUS
10
44.8519659999999973
20
-92.5827809999999971
11
44.7072189999999949
21
-92.4380340000000018
0
LINE
8
BLACK
6
CONTINUOUS
10
44.7072189999999949
20
-92.4380340000000018
11
44.5416099999999986
21
-92.3177129999999977
0
LINE
8
BLACK
6
CONTINUOUS
10
44.5416099999999986
20
-92.3177129999999977
11
44.5416109999999961
21
-92.3177129999999977
0
LINE
8
BLACK
6
CONTINUOUS
10
44.5416109999999961
20
-92.3177129999999977
11
44.5416090000000011
21
-92.3177120000000002
0
LINE
8
BLACK
6
CONTINUOUS
10
44.5416090000000011
20
-92.3177120000000002
11
44.5415989999999979
21
-92.3177060000000012
0
LINE
8
BLACK
6
CONTINUOUS
10
44.5415989999999979
20
-92.3177060000000012
11
44.3592310000000012
21
-92.2247849999999971
0
LINE
8
BLACK
6
CONTINUOUS
10
44.3592310000000012
20
-92.2247849999999971
11
44.3592119999999994
21
-92.2247769999999889
0
LINE
8
BLACK
6
CONTINUOUS
10
44.3592119999999994
20
-92.2247769999999889
11
44.1645359999999982
21
-92.1615230000000025
0
LINE
8
BLACK
6
CONTINUOUS
10
44.1645359999999982
20
-92.1615230000000025
11
44.1645289999999946
21
-92.1615219999999908
0
LINE
8
BLACK
6
CONTINUOUS
10
44.1645289999999946
20
-92.1615219999999908
11
44.0497349999999983
21
-92.1433399999999949
0
LINE
8
BLACK
6
CONTINUOUS
10
44.0497349999999983
20
-92.1433399999999949
11
43.9623519999999957
21
-92.1294999999999931
0
LINE
8
BLACK
6
CONTINUOUS
10
43.9623519999999957
20
-92.1294999999999931
11
43.7576479999999961
21
-92.1294999999999931
0
LINE
8
BLACK
6
CONTINUOUS
10
43.7576479999999961
20
-92.1294999999999931
11
43.6966350000000006
21
-92.1391629999999964
0
LINE
8
BLACK
6
CONTINUOUS
10
43.6966350000000006
20
-92.1391629999999964
11
43.5554699999999997
21
-92.1615219999999908
0
LINE
8
BLACK
6
CONTINUOUS
10
43.5554699999999997
20
-92.1615219999999908
11
43.555462999999996
21
-92.1615230000000025
0
LINE
8
BLACK
6
CONTINUOUS
10
43.555462999999996
20
-92.1615230000000025
11
43.3607869999999949
21
-92.2247769999999889
0
LINE
8
BLACK
6
CONTINUOUS
10
43.3607869999999949
20
-92.2247769999999889
11
43.3607680000000002
21
-92.2247849999999971
0
LINE
8
BLACK
6
CONTINUOUS
10
43.3607680000000002
20
-92.2247849999999971
11
43.1783999999999963
21
-92.3177060000000012
0
LINE
8
BLACK
6
CONTINUOUS
10
43.1783999999999963
20
-92.3177060000000012
11
43.1783900000000003
21
-92.3177120000000002
0
LINE
8
BLACK
6
CONTINUOUS
10
43.1783900000000003
20
-92.3177120000000002
11
43.0127829999999989
21
-92.4380319999999926
0
LINE
8
BLACK
6
CONTINUOUS
10
43.0127829999999989
20
-92.4380319999999926
11
43.0127789999999948
21
-92.4380349999999993
0
LINE
8
BLACK
6
CONTINUOUS
10
43.0127789999999948
20
-92.4380349999999993
11
42.868034999999999
21
-92.5827790000000022
0
LINE
8
BLACK
6
CONTINUOUS
10
42.868034999999999
20
-92.5827790000000022
11
42.8680319999999995
21
-92.5827829999999921
0
LINE
8
BLACK
6
CONTINUOUS
10
42.8680319999999995
20
-92.5827829999999921
11
42.7477119999999999
21
-92.7483900000000006
0
LINE
8
BLACK
6
CONTINUOUS
10
42.7477119999999999
20
-92.7483900000000006
11
42.7477060000000009
21
-92.7483999999999895
0
LINE
8
BLACK
6
CONTINUOUS
10
42.7477060000000009
20
-92.7483999999999895
11
42.6547849999999968
21
-92.9307680000000005
0
LINE
8
BLACK
6
CONTINUOUS
10
42.6547849999999968
20
-92.9307680000000005
11
42.6547769999999957
21
-92.9307869999999951
0
LINE
8
BLACK
6
CONTINUOUS
10
42.6547769999999957
20
-92.9307869999999951
11
42.5915229999999951
21
-93.1254629999999963
0
LINE
8
BLACK
6
CONTINUOUS
10
42.5915229999999951
20
-93.1254629999999963
11
42.5915219999999977
21
-93.1254699999999929
0
LINE
8
BLACK
6
CONTINUOUS
10
42.5915219999999977
20
-93.1254699999999929
11
42.5785550000000015
21
-93.2073389999999904
0
LINE
8
BLACK
6
CONTINUOUS
10
42.5785550000000015
20
-93.2073389999999904
11
42.5594999999999999
21
-93.3276479999999964
0
LINE
8
BLACK
6
CONTINUOUS
10
42.5594999999999999
20
-93.3276479999999964
11
42.5594999999999999
21
-93.5323519999999888
0
LINE
8
BLACK
6
CONTINUOUS
10
42.5594999999999999
20
-93.5323519999999888
11
42.5753999999999948
21
-93.6327409999999958
0
LINE
8
BLACK
6
CONTINUOUS
10
42.5753999999999948
20
-93.6327409999999958
11
42.5915219999999977
21
-93.7345289999999949
0
LINE
8
BLACK
6
CONTINUOUS
10
42.5915219999999977
20
-93.7345289999999949
11
42.5915229999999951
21
-93.7345359999999914
0
LINE
8
BLACK
6
CONTINUOUS
10
42.5915229999999951
20
-93.7345359999999914
11
42.6547780000000003
21
-93.9292140000000018
0
LINE
8
BLACK
6
CONTINUOUS
10
42.6547780000000003
20
-93.9292140000000018
11
42.6547799999999953
21
-93.9292189999999891
0
LINE
8
BLACK
6
CONTINUOUS
10
42.6547799999999953
20
-93.9292189999999891
11
42.7003109999999992
21
-94.0185779999999909
0
LINE
8
BLACK
6
CONTINUOUS
10
42.7003109999999992
20
-94.0185779999999909
11
42.7219499999999996
21
-94.1044529999999924
0
LINE
8
BLACK
6
CONTINUOUS
10
42.7219499999999996
20
-94.1044529999999924
11
42.7220000000000013
21
-94.1089199999999977
0
LINE
8
BLACK
6
CONTINUOUS
10
42.7220000000000013
20
-94.1089199999999977
11
42.7220000000000013
21
-100.2595620000000025
0
LINE
8
BLACK
6
CONTINUOUS
10
42.7220000000000013
20
-100.2595620000000025
11
42.7500189999999947
21
-100.436475999999999
0
LINE
8
BLACK
6
CONTINUOUS
10
42.7500189999999947
20
-100.436475999999999
11
42.7500209999999967
21
-100.436483999999993
0
LINE
8
BLACK
6
CONTINUOUS
10
42.7500209999999967
20
-100.436483999999993
11
42.8053710000000009
21
-100.6068339999999921
0
LINE
8
BLACK
6
CONTINUOUS
10
42.8053710000000009
20
-100.6068339999999921
11
42.805378999999995
21
-100.606853000000001
0
LINE
8
BLACK
6
CONTINUOUS
10
42.805378999999995
20
-100.606853000000001
11
42.886690999999999
21
-100.7664359999999988
0
LINE
8
BLACK
6
CONTINUOUS
10
42.886690999999999
20
-100.7664359999999988
11
42.9919839999999951
21
-100.9113600000000019
0
LINE
8
BLACK
6
CONTINUOUS
10
42.9919839999999951
20
-100.9113600000000019
11
46.6836359999999999
21
-104.6030119999999926
0
LINE
8
BLACK
6
CONTINUOUS
10
46.6836359999999999
20
-104.6030119999999926
11
46.6836379999999949
21
-104.60301299999999
0
LINE
8
BLACK
6
CONTINUOUS
10
46.6836379999999949
20
-104.60301299999999
11
46.6836429999999964
21
-104.6030179999999916
0
LINE
8
BLACK
6
CONTINUOUS
10
46.6836429999999964
20
-104.6030179999999916
11
46.7923019999999994
21
-104.6819639999999936
0
LINE
8
BLACK
6
CONTINUOUS
10
46.7923019999999994
20
-104.6819639999999936
11
46.828558000000001
21
-104.7083059999999932
0
LINE
8
BLACK
6
CONTINUOUS
10
46.828558000000001
20
-104.7083059999999932
11
46.8530609999999967
21
-104.7207899999999938
0
LINE
8
BLACK
6
CONTINUOUS
10
46.8530609999999967
20
-104.7207899999999938
11
46.8630779999999945
21
-104.7258939999999967
0
LINE
8
BLACK
6
CONTINUOUS
10
46.8630779999999945
20
-104.7258939999999967
11
46.9881600000000006
21
-104.7896259999999984
0
LINE
8
BLACK
6
CONTINUOUS
10
46.9881600000000006
20
-104.7896259999999984
11
47.1031639999999996
21
-104.8269930000000016
0
LINE
8
BLACK
6
CONTINUOUS
10
47.1031639999999996
20
-104.8269930000000016
11
47.111103
21
-104.8295719999999989
0
LINE
8
BLACK
6
CONTINUOUS
10
47.111103
20
-104.8295719999999989
11
47.1111039999999974
21
-104.8295729999999963
0
LINE
8
BLACK
6
CONTINUOUS
10
47.1111039999999974
20
-104.8295729999999963
11
47.1585159999999988
21
-104.844978999999995
0
LINE
8
BLACK
6
CONTINUOUS
10
47.1585159999999988
20
-104.844978999999995
11
47.3354369999999989
21
-104.8729999999999905
0
LINE
8
BLACK
6
CONTINUOUS
10
47.3354369999999989
20
-104.8729999999999905
11
50.0312659999999951
21
-104.8729999999999905
0
LINE
8
BLACK
6
CONTINUOUS
10
50.0312659999999951
20
-104.8729999999999905
11
50.0927590000000009
21
-104.8827390000000008
0
LINE
8
BLACK
6
CONTINUOUS
10
50.0927590000000009
20
-104.8827390000000008
11
50.2241989999999987
21
-104.9254469999999912
0
LINE
8
BLACK
6
CONTINUOUS
10
50.2241989999999987
20
-104.9254469999999912
11
50.4139449999999982
21
-104.9555000000000007
0
LINE
8
BLACK
6
CONTINUOUS
10
50.4139449999999982
20
-104.9555000000000007
11
50.6060549999999978
21
-104.9555000000000007
0
LINE
8
BLACK
6
CONTINUOUS
10
50.6060549999999978
20
-104.9555000000000007
11
50.7958009999999973
21
-104.9254469999999912
0
LINE
8
BLACK
6
CONTINUOUS
10
50.7958009999999973
20
-104.9254469999999912
11
50.9785089999999954
21
-104.8660819999999916
0
LINE
8
BLACK
6
CONTINUOUS
10
50.9785089999999954
20
-104.8660819999999916
11
51.1496810000000011
21
-104.7788649999999961
0
LINE
8
BLACK
6
CONTINUOUS
10
51.1496810000000011
20
-104.7788649999999961
11
51.305101999999998
21
-104.6659449999999936
0
LINE
8
BLACK
6
CONTINUOUS
10
51.305101999999998
20
-104.6659449999999936
11
51.4409449999999993
21
-104.5301019999999994
0
LINE
8
BLACK
6
CONTINUOUS
10
51.4409449999999993
20
-104.5301019999999994
11
51.5520069999999961
21
-104.3772379999999913
0
LINE
8
BLACK
6
CONTINUOUS
10
51.5520069999999961
20
-104.3772379999999913
11
51.6186999999999969
21
-104.3189709999999906
0
LINE
8
BLACK
6
CONTINUOUS
10
51.6186999999999969
20
-104.3189709999999906
11
51.704070999999999
21
-104.2954089999999923
0
LINE
8
BLACK
6
CONTINUOUS
10
51.704070999999999
20
-104.2954089999999923
11
51.791210999999997
21
-104.3112229999999983
0
LINE
8
BLACK
6
CONTINUOUS
10
51.791210999999997
20
-104.3112229999999983
11
51.8628609999999952
21
-104.3632789999999915
0
LINE
8
BLACK
6
CONTINUOUS
10
51.8628609999999952
20
-104.3632789999999915
11
51.9048279999999949
21
-104.4412669999999963
0
LINE
8
BLACK
6
CONTINUOUS
10
51.9048279999999949
20
-104.4412669999999963
11
51.911999999999999
21
-104.4942089999999979
0
LINE
8
BLACK
6
CONTINUOUS
10
51.911999999999999
20
-104.4942089999999979
11
51.911999999999999
21
-114.4029999999999916
0
LINE
8
BLACK
6
CONTINUOUS
10
51.911999999999999
20
-114.4029999999999916
11
51.8922929999999951
21
-114.489342999999991
0
LINE
8
BLACK
6
CONTINUOUS
10
51.8922929999999951
20
-114.489342999999991
11
51.8370740000000012
21
-114.5585839999999962
0
LINE
8
BLACK
6
CONTINUOUS
10
51.8370740000000012
20
-114.5585839999999962
11
51.7572819999999965
21
-114.5970109999999949
0
LINE
8
BLACK
6
CONTINUOUS
10
51.7572819999999965
20
-114.5970109999999949
11
51.713000000000001
21
-114.6019999999999897
0
LINE
8
BLACK
6
CONTINUOUS
10
51.713000000000001
20
-114.6019999999999897
11
47.6592190000000002
21
-114.6019999999999897
0
LINE
8
BLACK
6
CONTINUOUS
10
47.6592190000000002
20
-114.6019999999999897
11
47.5728760000000008
21
-114.5822929999999928
0
LINE
8
BLACK
6
CONTINUOUS
10
47.5728760000000008
20
-114.5822929999999928
11
47.5199969999999965
21
-114.5401229999999941
0
LINE
8
BLACK
6
CONTINUOUS
10
47.5199969999999965
20
-114.5401229999999941
11
47.5176060000000007
21
-114.5425149999999945
0
LINE
8
BLACK
6
CONTINUOUS
10
47.5176060000000007
20
-114.5425149999999945
11
47.5075479999999999
21
-114.5324569999999937
0
LINE
8
BLACK
6
CONTINUOUS
10
47.5075479999999999
20
-114.5324569999999937
11
47.5075459999999978
21
-114.5324540000000013
0
LINE
8
BLACK
6
CONTINUOUS
10
47.5075459999999978
20
-114.5324540000000013
11
47.4711670000000012
21
-114.5052209999999917
0
LINE
8
BLACK
6
CONTINUOUS
10
47.4711670000000012
20
-114.5052209999999917
11
47.3923349999999957
21
-114.4462070000000011
0
LINE
8
BLACK
6
CONTINUOUS
10
47.3923349999999957
20
-114.4462070000000011
11
47.3923309999999987
21
-114.4462039999999945
0
LINE
8
BLACK
6
CONTINUOUS
10
47.3923309999999987
20
-114.4462039999999945
11
47.2574830000000006
21
-114.395908999999989
0
LINE
8
BLACK
6
CONTINUOUS
10
47.2574830000000006
20
-114.395908999999989
11
47.1978730000000013
21
-114.3894999999999982
0
LINE
8
BLACK
6
CONTINUOUS
10
47.1978730000000013
20
-114.3894999999999982
11
47.1978669999999951
21
-114.3894999999999982
0
LINE
8
BLACK
6
CONTINUOUS
10
47.1978669999999951
20
-114.3894999999999982
11
45.402122999999996
21
-114.3894999999999982
0
LINE
8
BLACK
6
CONTINUOUS
10
45.402122999999996
20
-114.3894999999999982
11
45.3425179999999983
21
-114.3959079999999915
0
LINE
8
BLACK
6
CONTINUOUS
10
45.3425179999999983
20
-114.3959079999999915
11
45.2076700000000002
21
-114.446202999999997
0
LINE
8
BLACK
6
CONTINUOUS
10
45.2076700000000002
20
-114.446202999999997
11
45.2076640000000012
21
-114.4462070000000011
0
LINE
8
BLACK
6
CONTINUOUS
10
45.2076640000000012
20
-114.4462070000000011
11
45.092452999999999
21
-114.5324529999999896
0
LINE
8
BLACK
6
CONTINUOUS
10
45.092452999999999
20
-114.5324529999999896
11
45.0062069999999963
21
-114.6476639999999918
0
LINE
8
BLACK
6
CONTINUOUS
10
45.0062069999999963
20
-114.6476639999999918
11
45.0062039999999968
21
-114.6476689999999934
0
LINE
8
BLACK
6
CONTINUOUS
10
45.0062039999999968
20
-114.6476689999999934
11
44.9559089999999983
21
-114.7825169999999986
0
LINE
8
BLACK
6
CONTINUOUS
10
44.9559089999999983
20
-114.7825169999999986
11
44.9495000000000005
21
-114.8421269999999907
0
LINE
8
BLACK
6
CONTINUOUS
10
44.9495000000000005
20
-114.8421269999999907
11
44.9495000000000005
21
-114.8421309999999949
0
LINE
8
BLACK
6
CONTINUOUS
10
44.9495000000000005
20
-114.8421309999999949
11
44.9495000000000005
21
-114.8421319999999923
0
LINE
8
BLACK
6
CONTINUOUS
10
44.9495000000000005
20
-114.8421319999999923
11
44.9495000000000005
21
-116.6378759999999914
0
LINE
8
BLACK
6
CONTINUOUS
10
44.9495000000000005
20
-116.6378759999999914
11
44.9559080000000009
21
-116.6974809999999962
0
LINE
8
BLACK
6
CONTINUOUS
10
44.9559080000000009
20
-116.6974809999999962
11
44.9925670000000011
21
-116.7957679999999954
0
LINE
8
BLACK
6
CONTINUOUS
10
44.9925670000000011
20
-116.7957679999999954
11
45.0042759999999973
21
-116.8835539999999895
0
LINE
8
BLACK
6
CONTINUOUS
10
45.0042759999999973
20
-116.8835539999999895
11
44.976737
21
-116.9677269999999965
0
LINE
8
BLACK
6
CONTINUOUS
10
44.976737
20
-116.9677269999999965
11
44.9154029999999977
21
-117.031614999999988
0
LINE
8
BLACK
6
CONTINUOUS
10
44.9154029999999977
20
-117.031614999999988
11
44.8324239999999961
21
-117.0625639999999947
0
LINE
8
BLACK
6
CONTINUOUS
10
44.8324239999999961
20
-117.0625639999999947
11
44.7442330000000013
21
-117.0544450000000012
0
LINE
8
BLACK
6
CONTINUOUS
10
44.7442330000000013
20
-117.0544450000000012
11
44.6682989999999975
21
-117.0088659999999976
0
LINE
8
BLACK
6
CONTINUOUS
10
44.6682989999999975
20
-117.0088659999999976
11
44.6653999999999982
21
-117.006024999999994
0
LINE
8
BLACK
6
CONTINUOUS
10
44.6653999999999982
20
-117.006024999999994
11
41.8262859999999961
21
-114.1669109999999989
0
LINE
8
BLACK
6
CONTINUOUS
10
41.8262859999999961
20
-114.1669109999999989
11
41.7791670000000011
21
-114.0919229999999942
0
LINE
8
BLACK
6
CONTINUOUS
10
41.7791670000000011
20
-114.0919229999999942
11
41.7680000000000007
21
-114.0261969999999963
0
LINE
8
BLACK
6
CONTINUOUS
10
41.7680000000000007
20
-114.0261969999999963
11
41.7680000000000007
21
-86.5740249999999918
0
LINE
8
BLACK
6
CONTINUOUS
10
41.7680000000000007
20
-86.5740249999999918
11
41.7877069999999975
21
-86.4876819999999924
0
LINE
8
BLACK
6
CONTINUOUS
10
41.7877069999999975
20
-86.4876819999999924
11
41.8429259999999985
21
-86.4184410000000014
0
LINE
8
BLACK
6
CONTINUOUS
10
41.8429259999999985
20
-86.4184410000000014
11
41.9227179999999962
21
-86.3800140000000027
0
LINE
8
BLACK
6
CONTINUOUS
10
41.9227179999999962
20
-86.3800140000000027
11
42.0112820000000013
21
-86.3800140000000027
0
LINE
8
BLACK
6
CONTINUOUS
10
42.0112820000000013
20
-86.3800140000000027
11
42.0431509999999946
21
-86.3901719999999926
0
LINE
8
BLACK
6
CONTINUOUS
10
42.0431509999999946
20
-86.3901719999999926
11
42.2325069999999982
21
-86.4686059999999941
0
LINE
8
BLACK
6
CONTINUOUS
10
42.2325069999999982
20
-86.4686059999999941
11
42.460485999999996
21
-86.5296929999999946
0
LINE
8
BLACK
6
CONTINUOUS
10
42.460485999999996
20
-86.5296929999999946
11
42.6944889999999972
21
-86.5604999999999905
0
LINE
8
BLACK
6
CONTINUOUS
10
42.6944889999999972
20
-86.5604999999999905
11
42.6944919999999968
21
-86.5604999999999905
0
LINE
8
BLACK
6
CONTINUOUS
10
42.6944919999999968
20
-86.5604999999999905
11
42.9305079999999961
21
-86.5604999999999905
0
LINE
8
BLACK
6
CONTINUOUS
10
42.9305079999999961
20
-86.5604999999999905
11
42.9305109999999956
21
-86.5604999999999905
0
LINE
8
BLACK
6
CONTINUOUS
10
42.9305109999999956
20
-86.5604999999999905
11
43.1645139999999969
21
-86.5296929999999946
0
LINE
8
BLACK
6
CONTINUOUS
10
43.1645139999999969
20
-86.5296929999999946
11
43.3924929999999947
21
-86.4686059999999941
0
LINE
8
BLACK
6
CONTINUOUS
10
43.3924929999999947
20
-86.4686059999999941
11
43.6105489999999989
21
-86.3782839999999936
0
LINE
8
BLACK
6
CONTINUOUS
10
43.6105489999999989
20
-86.3782839999999936
11
43.8149499999999961
21
-86.260272999999998
0
LINE
8
BLACK
6
CONTINUOUS
10
43.8149499999999961
20
-86.260272999999998
11
44.0021989999999974
21
-86.1165919999999971
0
LINE
8
BLACK
6
CONTINUOUS
10
44.0021989999999974
20
-86.1165919999999971
11
44.0925060000000002
21
-86.0262839999999898
0
LINE
8
BLACK
6
CONTINUOUS
10
44.0925060000000002
20
-86.0262839999999898
11
44.1674919999999958
21
-85.9791680000000014
0
LINE
8
BLACK
6
CONTINUOUS
10
44.1674919999999958
20
-85.9791680000000014
11
44.2332189999999983
21
-85.9679999999999893
0
LINE
8
BLACK
6
CONTINUOUS
10
44.2332189999999983
20
-85.9679999999999893
11
49.7535789999999949
21
-85.9679999999999893
0
LINE
8
BLACK
6
CONTINUOUS
10
49.7535789999999949
20
-85.9679999999999893
11
49.8399219999999943
21
-85.9877070000000003
0
LINE
8
BLACK
6
CONTINUOUS
10
49.8399219999999943
20
-85.9877070000000003
11
49.8439160000000001
21
-85.9896859999999919
0
LINE
8
BLACK
6
CONTINUOUS
10
49.8439160000000001
20
-85.9896859999999919
11
49.9332810000000009
21
-86.0352199999999954
0
LINE
8
BLACK
6
CONTINUOUS
10
49.9332810000000009
20
-86.0352199999999954
11
50.1279660000000007
21
-86.0984770000000026
0
LINE
8
BLACK
6
CONTINUOUS
10
50.1279660000000007
20
-86.0984770000000026
11
50.3301480000000012
21
-86.1304999999999978
0
LINE
8
BLACK
6
CONTINUOUS
10
50.3301480000000012
20
-86.1304999999999978
11
50.3301489999999987
21
-86.1304999999999978
0
LINE
8
BLACK
6
CONTINUOUS
10
50.3301489999999987
20
-86.1304999999999978
11
50.5348509999999962
21
-86.1304999999999978
0
LINE
8
BLACK
6
CONTINUOUS
10
50.5348509999999962
20
-86.1304999999999978
11
50.5348520000000008
21
-86.1304999999999978
0
LINE
8
BLACK
6
CONTINUOUS
10
50.5348520000000008
20
-86.1304999999999978
11
50.7370339999999942
21
-86.0984770000000026
0
LINE
8
BLACK
6
CONTINUOUS
10
50.7370339999999942
20
-86.0984770000000026
11
50.9317190000000011
21
-86.0352199999999954
0
LINE
8
BLACK
6
CONTINUOUS
10
50.9317190000000011
20
-86.0352199999999954
11
51.0210769999999982
21
-85.989689999999996
0
LINE
8
BLACK
6
CONTINUOUS
10
51.0210769999999982
20
-85.989689999999996
11
51.114098999999996
21
-85.9422929999999923
0
LINE
8
BLACK
6
CONTINUOUS
10
51.114098999999996
20
-85.9422929999999923
11
51.1141030000000001
21
-85.9422899999999998
0
LINE
8
BLACK
6
CONTINUOUS
10
51.1141030000000001
20
-85.9422899999999998
11
51.1141099999999966
21
-85.9422869999999932
0
LINE
8
BLACK
6
CONTINUOUS
10
51.1141099999999966
20
-85.9422869999999932
11
51.2797190000000001
21
-85.8219659999999891
0
LINE
8
BLACK
6
CONTINUOUS
10
51.2797190000000001
20
-85.8219659999999891
11
51.4244659999999953
21
-85.6772189999999938
0
LINE
8
BLACK
6
CONTINUOUS
10
51.4244659999999953
20
-85.6772189999999938
11
51.5447869999999995
21
-85.5116099999999904
0
LINE
8
BLACK
6
CONTINUOUS
10
51.5447869999999995
20
-85.5116099999999904
11
51.6049549999999968
21
-85.3935249999999968
0
LINE
8
BLACK
6
CONTINUOUS
10
51.6049549999999968
20
-85.3935249999999968
11
51.6377139999999955
21
-85.3292309999999929
0
LINE
8
BLACK
6
CONTINUOUS
10
51.6377139999999955
20
-85.3292309999999929
11
51.6377139999999955
21
-85.329228999999998
0
LINE
8
BLACK
6
CONTINUOUS
10
51.6377139999999955
20
-85.329228999999998
11
51.6377199999999945
21
-85.3292189999999948
0
LINE
8
BLACK
6
CONTINUOUS
10
51.6377199999999945
20
-85.3292189999999948
11
51.7009769999999946
21
-85.1345340000000022
0
LINE
8
BLACK
6
CONTINUOUS
10
51.7009769999999946
20
-85.1345340000000022
11
51.732999999999997
21
-84.9323519999999945
0
LINE
8
BLACK
6
CONTINUOUS
10
51.732999999999997
20
-84.9323519999999945
11
51.732999999999997
21
-84.7276480000000021
0
LINE
8
BLACK
6
CONTINUOUS
10
51.732999999999997
20
-84.7276480000000021
11
51.7009769999999946
21
-84.5254659999999944
0
LINE
8
BLACK
6
CONTINUOUS
10
51.7009769999999946
20
-84.5254659999999944
11
51.6377199999999945
21
-84.3307810000000018
0
LINE
8
BLACK
6
CONTINUOUS
10
51.6377199999999945
20
-84.3307810000000018
11
51.6377159999999975
21
-84.3307750000000027
0
LINE
8
BLACK
6
CONTINUOUS
10
51.6377159999999975
20
-84.3307750000000027
11
51.6377139999999955
21
-84.330767999999992
0
LINE
8
BLACK
6
CONTINUOUS
10
51.6377139999999955
20
-84.330767999999992
11
51.5447929999999985
21
-84.1483999999999952
0
LINE
8
BLACK
6
CONTINUOUS
10
51.5447929999999985
20
-84.1483999999999952
11
51.5447869999999995
21
-84.148389999999992
0
LINE
8
BLACK
6
CONTINUOUS
10
51.5447869999999995
20
-84.148389999999992
11
51.4244669999999999
21
-83.9827829999999977
0
LINE
8
BLACK
6
CONTINUOUS
10
51.4244669999999999
20
-83.9827829999999977
11
51.4244659999999953
21
-83.9827810000000028
0
LINE
8
BLACK
6
CONTINUOUS
10
51.4244659999999953
20
-83.9827810000000028
11
51.2797190000000001
21
-83.8380339999999933
0
LINE
8
BLACK
6
CONTINUOUS
10
51.2797190000000001
20
-83.8380339999999933
11
51.1141099999999966
21
-83.7177129999999892
0
LINE
8
BLACK
6
CONTINUOUS
10
51.1141099999999966
20
-83.7177129999999892
11
51.1141110000000012
21
-83.7177129999999892
0
LINE
8
BLACK
6
CONTINUOUS
10
51.1141110000000012
20
-83.7177129999999892
11
51.1141089999999991
21
-83.7177119999999917
0
LINE
8
BLACK
6
CONTINUOUS
10
51.1141089999999991
20
-83.7177119999999917
11
51.114098999999996
21
-83.7177059999999926
0
LINE
8
BLACK
6
CONTINUOUS
10
51.114098999999996
20
-83.7177059999999926
11
50.9317309999999992
21
-83.6247850000000028
0
LINE
8
BLACK
6
CONTINUOUS
10
50.9317309999999992
20
-83.6247850000000028
11
50.9317119999999974
21
-83.6247769999999946
0
LINE
8
BLACK
6
CONTINUOUS
10
50.9317119999999974
20
-83.6247769999999946
11
50.7370359999999962
21
-83.561522999999994
0
LINE
8
BLACK
6
CONTINUOUS
10
50.7370359999999962
20
-83.561522999999994
11
50.7370289999999997
21
-83.5615219999999965
0
LINE
8
BLACK
6
CONTINUOUS
10
50.7370289999999997
20
-83.5615219999999965
11
50.6222349999999963
21
-83.5433400000000006
0
LINE
8
BLACK
6
CONTINUOUS
10
50.6222349999999963
20
-83.5433400000000006
11
50.5348520000000008
21
-83.5294999999999987
0
LINE
8
BLACK
6
CONTINUOUS
10
50.5348520000000008
20
-83.5294999999999987
11
50.3301480000000012
21
-83.5294999999999987
0
LINE
8
BLACK
6
CONTINUOUS
10
50.3301480000000012
20
-83.5294999999999987
11
50.2691349999999986
21
-83.5391630000000021
0
LINE
8
BLACK
6
CONTINUOUS
10
50.2691349999999986
20
-83.5391630000000021
11
50.1279699999999977
21
-83.5615219999999965
0
LINE
8
BLACK
6
CONTINUOUS
10
50.1279699999999977
20
-83.5615219999999965
11
50.1279630000000012
21
-83.561522999999994
0
LINE
8
BLACK
6
CONTINUOUS
10
50.1279630000000012
20
-83.561522999999994
11
49.9332849999999979
21
-83.6247779999999921
0
LINE
8
BLACK
6
CONTINUOUS
10
49.9332849999999979
20
-83.6247779999999921
11
49.9332799999999963
21
-83.6247800000000012
0
LINE
8
BLACK
6
CONTINUOUS
10
49.9332799999999963
20
-83.6247800000000012
11
49.8439240000000012
21
-83.6703100000000006
0
LINE
8
BLACK
6
CONTINUOUS
10
49.8439240000000012
20
-83.6703100000000006
11
49.7580449999999956
21
-83.6919499999999914
0
LINE
8
BLACK
6
CONTINUOUS
10
49.7580449999999956
20
-83.6919499999999914
11
49.7535789999999949
21
-83.6919999999999931
0
LINE
8
BLACK
6
CONTINUOUS
10
49.7535789999999949
20
-83.6919999999999931
11
44.3606109999999987
21
-83.6919999999999931
0
LINE
8
BLACK
6
CONTINUOUS
10
44.3606109999999987
20
-83.6919999999999931
11
44.2742679999999993
21
-83.6722929999999963
0
LINE
8
BLACK
6
CONTINUOUS
10
44.2742679999999993
20
-83.6722929999999963
11
44.2050270000000012
21
-83.6170740000000023
0
LINE
8
BLACK
6
CONTINUOUS
10
44.2050270000000012
20
-83.6170740000000023
11
44.202734999999997
21
-83.6141449999999935
0
LINE
8
BLACK
6
CONTINUOUS
10
44.202734999999997
20
-83.6141449999999935
11
44.1722529999999978
21
-83.574421000000001
0
LINE
8
BLACK
6
CONTINUOUS
10
44.1722529999999978
20
-83.574421000000001
11
44.1690919999999991
21
-83.5703010000000006
0
LINE
8
BLACK
6
CONTINUOUS
10
44.1690919999999991
20
-83.5703010000000006
11
44.1690899999999971
21
-83.5702989999999915
0
LINE
8
BLACK
6
CONTINUOUS
10
44.1690899999999971
20
-83.5702989999999915
11
44.1690849999999955
21
-83.5702929999999924
0
LINE
8
BLACK
6
CONTINUOUS
10
44.1690849999999955
20
-83.5702929999999924
11
44.0022019999999969
21
-83.4034099999999938
0
LINE
8
BLACK
6
CONTINUOUS
10
44.0022019999999969
20
-83.4034099999999938
11
43.8149449999999945
21
-83.2597229999999939
0
LINE
8
BLACK
6
CONTINUOUS
10
43.8149449999999945
20
-83.2597229999999939
11
43.6916329999999959
21
-83.1885300000000001
0
LINE
8
BLACK
6
CONTINUOUS
10
43.6916329999999959
20
-83.1885300000000001
11
43.6105489999999989
21
-83.1417160000000024
0
LINE
8
BLACK
6
CONTINUOUS
10
43.6105489999999989
20
-83.1417160000000024
11
43.3924929999999947
21
-83.0513940000000019
0
LINE
8
BLACK
6
CONTINUOUS
10
43.3924929999999947
20
-83.0513940000000019
11
43.3924909999999997
21
-83.0513929999999903
0
LINE
8
BLACK
6
CONTINUOUS
10
43.3924909999999997
20
-83.0513929999999903
11
43.3924899999999951
21
-83.0513929999999903
0
LINE
8
BLACK
6
CONTINUOUS
10
43.3924899999999951
20
-83.0513929999999903
11
43.2785030000000006
21
-83.0208499999999958
0
LINE
8
BLACK
6
CONTINUOUS
10
43.2785030000000006
20
-83.0208499999999958
11
43.1645139999999969
21
-82.9903070000000014
0
LINE
8
BLACK
6
CONTINUOUS
10
43.1645139999999969
20
-82.9903070000000014
11
42.9305109999999956
21
-82.9594999999999914
0
LINE
8
BLACK
6
CONTINUOUS
10
42.9305109999999956
20
-82.9594999999999914
11
42.6944889999999972
21
-82.9594999999999914
0
LINE
8
BLACK
6
CONTINUOUS
10
42.6944889999999972
20
-82.9594999999999914
11
42.460485999999996
21
-82.9903070000000014
0
LINE
8
BLACK
6
CONTINUOUS
10
42.460485999999996
20
-82.9903070000000014
11
42.4604819999999989
21
-82.9903070000000014
0
LINE
8
BLACK
6
CONTINUOUS
10
42.4604819999999989
20
-82.9903070000000014
11
42.4604819999999989
21
-82.9903079999999989
0
LINE
8
BLACK
6
CONTINUOUS
10
42.4604819999999989
20
-82.9903079999999989
11
42.2325090000000003
21
-83.0513929999999903
0
LINE
8
BLACK
6
CONTINUOUS
10
42.2325090000000003
20
-83.0513929999999903
11
42.0144549999999981
21
-83.1417139999999932
0
LINE
8
BLACK
6
CONTINUOUS
10
42.0144549999999981
20
-83.1417139999999932
11
42.0144529999999961
21
-83.1417149999999907
0
LINE
8
BLACK
6
CONTINUOUS
10
42.0144529999999961
20
-83.1417149999999907
11
41.8100540000000009
21
-83.2597229999999939
0
LINE
8
BLACK
6
CONTINUOUS
10
41.8100540000000009
20
-83.2597229999999939
11
41.6228020000000001
21
-83.4034059999999897
0
LINE
8
BLACK
6
CONTINUOUS
10
41.6228020000000001
20
-83.4034059999999897
11
41.4558979999999977
21
-83.5703109999999896
0
LINE
8
BLACK
6
CONTINUOUS
10
41.4558979999999977
20
-83.5703109999999896
11
41.4531700000000001
21
-83.5734219999999937
0
LINE
8
BLACK
6
CONTINUOUS
10
41.4531700000000001
20
-83.5734219999999937
11
41.4517880000000005
21
-83.574421000000001
0
LINE
8
BLACK
6
CONTINUOUS
10
41.4517880000000005
20
-83.574421000000001
11
41.4513029999999958
21
-83.5749069999999961
0
LINE
8
BLACK
6
CONTINUOUS
10
41.4513029999999958
20
-83.5749069999999961
11
41.4512250000000009
21
-83.574828999999994
0
LINE
8
BLACK
6
CONTINUOUS
10
41.4512250000000009
20
-83.574828999999994
11
41.3814179999999965
21
-83.6253370000000018
0
LINE
8
BLACK
6
CONTINUOUS
10
41.3814179999999965
20
-83.6253370000000018
11
41.334699999999998
21
-83.6387459999999976
0
LINE
8
BLACK
6
CONTINUOUS
10
41.334699999999998
20
-83.6387459999999976
11
41.2635189999999952
21
-83.6500199999999978
0
LINE
8
BLACK
6
CONTINUOUS
10
41.2635189999999952
20
-83.6500199999999978
11
41.2635129999999961
21
-83.6500209999999953
0
LINE
8
BLACK
6
CONTINUOUS
10
41.2635129999999961
20
-83.6500209999999953
11
41.0931659999999965
21
-83.7053709999999995
0
LINE
8
BLACK
6
CONTINUOUS
10
41.0931659999999965
20
-83.7053709999999995
11
41.093159
21
-83.7053729999999945
0
LINE
8
BLACK
6
CONTINUOUS
10
41.093159
20
-83.7053729999999945
11
40.9335589999999954
21
-83.7866929999999996
0
LINE
8
BLACK
6
CONTINUOUS
10
40.9335589999999954
20
-83.7866929999999996
11
40.8628980000000013
21
-83.8380319999999983
0
LINE
8
BLACK
6
CONTINUOUS
10
40.8628980000000013
20
-83.8380319999999983
11
40.7886430000000004
21
-83.8919819999999987
0
LINE
8
BLACK
6
CONTINUOUS
10
40.7886430000000004
20
-83.8919819999999987
11
40.7886409999999984
21
-83.8919829999999962
0
LINE
8
BLACK
6
CONTINUOUS
10
40.7886409999999984
20
-83.8919829999999962
11
40.7886379999999988
21
-83.8919860000000028
0
LINE
8
BLACK
6
CONTINUOUS
10
40.7886379999999988
20
-83.8919860000000028
11
40.7886359999999968
21
-83.8919870000000003
0
LINE
8
BLACK
6
CONTINUOUS
10
40.7886359999999968
20
-83.8919870000000003
11
39.7619839999999982
21
-84.9186389999999989
0
LINE
8
BLACK
6
CONTINUOUS
10
39.7619839999999982
20
-84.9186389999999989
11
39.6566940000000017
21
-85.0635580000000004
0
LINE
8
BLACK
6
CONTINUOUS
10
39.6566940000000017
20
-85.0635580000000004
11
39.5746569999999949
21
-85.2245659999999958
0
LINE
8
BLACK
6
CONTINUOUS
10
39.5746569999999949
20
-85.2245659999999958
11
39.5729569999999953
21
-85.2305959999999914
0
LINE
8
BLACK
6
CONTINUOUS
10
39.5729569999999953
20
-85.2305959999999914
11
39.5200229999999948
21
-85.3935089999999946
0
LINE
8
BLACK
6
CONTINUOUS
10
39.5200229999999948
20
-85.3935089999999946
11
39.5200189999999978
21
-85.3935249999999968
0
LINE
8
BLACK
6
CONTINUOUS
10
39.5200189999999978
20
-85.3935249999999968
11
39.4919999999999973
21
-85.5704369999999983
0
LINE
8
BLACK
6
CONTINUOUS
10
39.4919999999999973
20
-85.5704369999999983
11
39.4919999999999973
21
-114.6695619999999991
0
LINE
8
BLACK
6
CONTINUOUS
10
69.6855899999999906
20
-127.0120079999999945
11
69.6855779999999925
21
-127.0120110000000011
0
LINE
8
BLACK
6
CONTINUOUS
10
69.6855779999999925
20
-127.0120110000000011
11
69.4909760000000034
21
-127.0752409999999912
0
LINE
8
BLACK
6
CONTINUOUS
10
69.4909760000000034
20
-127.0752409999999912
11
69.4909729999999968
21
-127.0752419999999887
0
LINE
8
BLACK
6
CONTINUOUS
10
69.4909729999999968
20
-127.0752419999999887
11
69.3086479999999909
21
-127.1681409999999914
0
LINE
8
BLACK
6
CONTINUOUS
10
69.3086479999999909
20
-127.1681409999999914
11
69.308645999999996
21
-127.1681419999999889
0
LINE
8
BLACK
6
CONTINUOUS
10
69.308645999999996
20
-127.1681419999999889
11
69.1431109999999904
21
-127.2884099999999989
0
LINE
8
BLACK
6
CONTINUOUS
10
69.1431109999999904
20
-127.2884099999999989
11
69.1431039999999939
21
-127.288415999999998
0
LINE
8
BLACK
6
CONTINUOUS
10
69.1431039999999939
20
-127.288415999999998
11
68.9984159999999918
21
-127.4331040000000002
0
LINE
8
BLACK
6
CONTINUOUS
10
68.9984159999999918
20
-127.4331040000000002
11
68.9984099999999927
21
-127.4331109999999967
0
LINE
8
BLACK
6
CONTINUOUS
10
68.9984099999999927
20
-127.4331109999999967
11
68.8781419999999969
21
-127.598645999999988
0
LINE
8
BLACK
6
CONTINUOUS
10
68.8781419999999969
20
-127.598645999999988
11
68.8781409999999994
21
-127.5986479999999972
0
LINE
8
BLACK
6
CONTINUOUS
10
68.8781409999999994
20
-127.5986479999999972
11
68.7852419999999967
21
-127.7809729999999888
0
LINE
8
BLACK
6
CONTINUOUS
10
68.7852419999999967
20
-127.7809729999999888
11
68.7852409999999992
21
-127.7809759999999955
0
LINE
8
BLACK
6
CONTINUOUS
10
68.7852409999999992
20
-127.7809759999999955
11
68.7220089999999999
21
-127.9755830000000003
0
LINE
8
BLACK
6
CONTINUOUS
10
68.7220089999999999
20
-127.9755830000000003
11
68.7220089999999999
21
-127.9755859999999927
0
LINE
8
BLACK
6
CONTINUOUS
10
68.7220089999999999
20
-127.9755859999999927
11
68.713390000000004
21
-128.0299990000000037
0
LINE
8
BLACK
6
CONTINUOUS
10
68.713390000000004
20
-128.0299990000000037
11
68.7133910000000014
21
-128.0300000000000011
0
LINE
8
BLACK
6
CONTINUOUS
10
68.7133910000000014
20
-128.0300000000000011
11
69.2318089999999984
21
-128.0300000000000011
0
LINE
8
BLACK
6
CONTINUOUS
10
69.2318089999999984
20
-128.0300000000000011
11
69.2844630000000024
21
-127.9028829999999886
0
LINE
8
BLACK
6
CONTINUOUS
10
69.2844630000000024
20
-127.9028829999999886
11
69.3715919999999926
21
-127.772484999999989
0
LINE
8
BLACK
6
CONTINUOUS
10
69.3715919999999926
20
-127.772484999999989
11
69.4824849999999969
21
-127.6615919999999988
0
LINE
8
BLACK
6
CONTINUOUS
10
69.4824849999999969
20
-127.6615919999999988
11
69.6128829999999965
21
-127.5744629999999944
0
LINE
8
BLACK
6
CONTINUOUS
10
69.6128829999999965
20
-127.5744629999999944
11
69.7577720000000028
21
-127.5144479999999874
0
LINE
8
BLACK
6
CONTINUOUS
10
69.7577720000000028
20
-127.5144479999999874
11
69.9115859999999998
21
-127.4838519999999988
0
LINE
8
BLACK
6
CONTINUOUS
10
69.9115859999999998
20
-127.4838519999999988
11
69.9899999999999949
21
-127.4799999999999898
0
LINE
8
BLACK
6
CONTINUOUS
10
69.9899999999999949
20
-127.4799999999999898
11
70.1400000000000006
21
-127.4799999999999898
0
LINE
8
BLACK
6
CONTINUOUS
10
70.1400000000000006
20
-127.4799999999999898
11
70.1400000000000006
21
-126.9799999999999898
0
LINE
8
BLACK
6
CONTINUOUS
10
70.1400000000000006
20
-126.9799999999999898
11
69.8876879999999971
21
-126.9799999999999898
0
LINE
8
BLACK
6
CONTINUOUS
10
69.8876879999999971
20
-126.9799999999999898
11
69.6855899999999906
21
-127.0120079999999945
0
LINE
8
BLACK
6
CONTINUOUS
10
70.6400000000000006
20
-127.4799999999999898
11
70.789999999999992
21
-127.4799999999999898
0
LINE
8
BLACK
6
CONTINUOUS
10
70.789999999999992
20
-127.4799999999999898
11
70.8684140000000014
21
-127.4838519999999988
0
LINE
8
BLACK
6
CONTINUOUS
10
70.8684140000000014
20
-127.4838519999999988
11
71.0222279999999984
21
-127.5144479999999874
0
LINE
8
BLACK
6
CONTINUOUS
10
71.0222279999999984
20
-127.5144479999999874
11
71.1671169999999904
21
-127.5744629999999944
0
LINE
8
BLACK
6
CONTINUOUS
10
71.1671169999999904
20
-127.5744629999999944
11
71.2689419999999956
21
-127.6424999999999983
0
LINE
8
BLACK
6
CONTINUOUS
10
71.2689419999999956
20
-127.6424999999999983
11
71.924201999999994
21
-127.6424999999999983
0
LINE
8
BLACK
6
CONTINUOUS
10
71.924201999999994
20
-127.6424999999999983
11
71.9018579999999901
21
-127.5986479999999972
0
LINE
8
BLACK
6
CONTINUOUS
10
71.9018579999999901
20
-127.5986479999999972
11
71.9018569999999926
21
-127.598645999999988
0
LINE
8
BLACK
6
CONTINUOUS
10
71.9018569999999926
20
-127.598645999999988
11
71.7815889999999968
21
-127.4331109999999967
0
LINE
8
BLACK
6
CONTINUOUS
10
71.7815889999999968
20
-127.4331109999999967
11
71.7815829999999977
21
-127.4331040000000002
0
LINE
8
BLACK
6
CONTINUOUS
10
71.7815829999999977
20
-127.4331040000000002
11
71.6368949999999955
21
-127.288415999999998
0
LINE
8
BLACK
6
CONTINUOUS
10
71.6368949999999955
20
-127.288415999999998
11
71.636887999999999
21
-127.2884099999999989
0
LINE
8
BLACK
6
CONTINUOUS
10
71.636887999999999
20
-127.2884099999999989
11
71.4713529999999935
21
-127.1681419999999889
0
LINE
8
BLACK
6
CONTINUOUS
10
71.4713529999999935
20
-127.1681419999999889
11
71.4713509999999985
21
-127.1681409999999914
0
LINE
8
BLACK
6
CONTINUOUS
10
71.4713509999999985
20
-127.1681409999999914
11
71.2890259999999927
21
-127.0752419999999887
0
LINE
8
BLACK
6
CONTINUOUS
10
71.2890259999999927
20
-127.0752419999999887
11
71.2890230000000003
21
-127.0752409999999912
0
LINE
8
BLACK
6
CONTINUOUS
10
71.2890230000000003
20
-127.0752409999999912
11
71.094420999999997
21
-127.0120110000000011
0
LINE
8
BLACK
6
CONTINUOUS
10
71.094420999999997
20
-127.0120110000000011
11
71.0944089999999989
21
-127.0120079999999945
0
LINE
8
BLACK
6
CONTINUOUS
10
71.0944089999999989
20
-127.0120079999999945
11
70.8923119999999898
21
-126.9799999999999898
0
LINE
8
BLACK
6
CONTINUOUS
10
70.8923119999999898
20
-126.9799999999999898
11
70.6400000000000006
21
-126.9799999999999898
0
LINE
8
BLACK
6
CONTINUOUS
10
70.6400000000000006
20
-126.9799999999999898
11
70.6400000000000006
21
-127.4799999999999898
0
LINE
8
BLACK
6
CONTINUOUS
10
82.6894999999999953
20
-103.9623519999999957
11
82.6945970000000017
21
-103.9945340000000016
0
LINE
8
BLACK
6
CONTINUOUS
10
82.6945970000000017
20
-103.9945340000000016
11
82.7215219999999931
21
-104.1645290000000017
0
LINE
8
BLACK
6
CONTINUOUS
10
82.7215219999999931
20
-104.1645290000000017
11
82.7215229999999906
21
-104.1645359999999982
0
LINE
8
BLACK
6
CONTINUOUS
10
82.7215229999999906
20
-104.1645359999999982
11
82.7847780000000029
21
-104.3592139999999944
0
LINE
8
BLACK
6
CONTINUOUS
10
82.7847780000000029
20
-104.3592139999999944
11
82.7847799999999978
21
-104.359218999999996
0
LINE
8
BLACK
6
CONTINUOUS
10
82.7847799999999978
20
-104.359218999999996
11
82.8303109999999947
21
-104.4485779999999977
0
LINE
8
BLACK
6
CONTINUOUS
10
82.8303109999999947
20
-104.4485779999999977
11
82.8519500000000022
21
-104.5344529999999992
0
LINE
8
BLACK
6
CONTINUOUS
10
82.8519500000000022
20
-104.5344529999999992
11
82.8519999999999897
21
-104.5389199999999903
0
LINE
8
BLACK
6
CONTINUOUS
10
82.8519999999999897
20
-104.5389199999999903
11
82.8519999999999897
21
-112.8393719999999973
0
LINE
8
BLACK
6
CONTINUOUS
10
82.8519999999999897
20
-112.8393719999999973
11
82.8422609999999935
21
-112.9008609999999919
0
LINE
8
BLACK
6
CONTINUOUS
10
82.8422609999999935
20
-112.9008609999999919
11
82.8314309999999949
21
-112.934196
0
LINE
8
BLACK
6
CONTINUOUS
10
82.8314309999999949
20
-112.934196
11
82.811520999999999
21
-112.9954719999999924
0
LINE
8
BLACK
6
CONTINUOUS
10
82.811520999999999
20
-112.9954719999999924
11
82.7794999999999987
21
-113.1976489999999984
0
LINE
8
BLACK
6
CONTINUOUS
10
82.7794999999999987
20
-113.1976489999999984
11
82.7794999999999987
21
-113.4023499999999984
0
LINE
8
BLACK
6
CONTINUOUS
10
82.7794999999999987
20
-113.4023499999999984
11
82.8115219999999965
21
-113.6045289999999994
0
LINE
8
BLACK
6
CONTINUOUS
10
82.8115219999999965
20
-113.6045289999999994
11
82.811522999999994
21
-113.604535999999996
0
LINE
8
BLACK
6
CONTINUOUS
10
82.811522999999994
20
-113.604535999999996
11
82.8747769999999946
21
-113.7992119999999971
0
LINE
8
BLACK
6
CONTINUOUS
10
82.8747769999999946
20
-113.7992119999999971
11
82.8747850000000028
21
-113.7992309999999918
0
LINE
8
BLACK
6
CONTINUOUS
10
82.8747850000000028
20
-113.7992309999999918
11
82.9677059999999926
21
-113.9815989999999886
0
LINE
8
BLACK
6
CONTINUOUS
10
82.9677059999999926
20
-113.9815989999999886
11
82.9677119999999917
21
-113.9816089999999917
0
LINE
8
BLACK
6
CONTINUOUS
10
82.9677119999999917
20
-113.9816089999999917
11
82.9677129999999892
21
-113.9816099999999892
0
LINE
8
BLACK
6
CONTINUOUS
10
82.9677129999999892
20
-113.9816099999999892
11
83.0880339999999933
21
-114.1472189999999927
0
LINE
8
BLACK
6
CONTINUOUS
10
83.0880339999999933
20
-114.1472189999999927
11
83.2327810000000028
21
-114.291965999999988
0
LINE
8
BLACK
6
CONTINUOUS
10
83.2327810000000028
20
-114.291965999999988
11
83.3846849999999904
21
-114.4023299999999921
0
LINE
8
BLACK
6
CONTINUOUS
10
83.3846849999999904
20
-114.4023299999999921
11
83.398389999999992
21
-114.4122869999999921
0
LINE
8
BLACK
6
CONTINUOUS
10
83.398389999999992
20
-114.4122869999999921
11
83.3983999999999952
21
-114.4122929999999911
0
LINE
8
BLACK
6
CONTINUOUS
10
83.3983999999999952
20
-114.4122929999999911
11
83.580767999999992
21
-114.5052139999999952
0
LINE
8
BLACK
6
CONTINUOUS
10
83.580767999999992
20
-114.5052139999999952
11
83.5807750000000027
21
-114.5052159999999901
0
LINE
8
BLACK
6
CONTINUOUS
10
83.5807750000000027
20
-114.5052159999999901
11
83.5807810000000018
21
-114.5052199999999942
0
LINE
8
BLACK
6
CONTINUOUS
10
83.5807810000000018
20
-114.5052199999999942
11
83.5807859999999891
21
-114.5052209999999917
0
LINE
8
BLACK
6
CONTINUOUS
10
83.5807859999999891
20
-114.5052209999999917
11
83.5807870000000008
21
-114.5052219999999892
0
LINE
8
BLACK
6
CONTINUOUS
10
83.5807870000000008
20
-114.5052219999999892
11
83.6645989999999955
21
-114.5324540000000013
0
LINE
8
BLACK
6
CONTINUOUS
10
83.6645989999999955
20
-114.5324540000000013
11
83.7754659999999944
21
-114.5684770000000015
0
LINE
8
BLACK
6
CONTINUOUS
10
83.7754659999999944
20
-114.5684770000000015
11
83.9776480000000021
21
-114.6004999999999967
0
LINE
8
BLACK
6
CONTINUOUS
10
83.9776480000000021
20
-114.6004999999999967
11
83.9776489999999995
21
-114.6004999999999967
0
LINE
8
BLACK
6
CONTINUOUS
10
83.9776489999999995
20
-114.6004999999999967
11
84.182350999999997
21
-114.6004999999999967
0
LINE
8
BLACK
6
CONTINUOUS
10
84.182350999999997
20
-114.6004999999999967
11
84.1823519999999945
21
-114.6004999999999967
0
LINE
8
BLACK
6
CONTINUOUS
10
84.1823519999999945
20
-114.6004999999999967
11
84.3845340000000022
21
-114.5684770000000015
0
LINE
8
BLACK
6
CONTINUOUS
10
84.3845340000000022
20
-114.5684770000000015
11
84.5792189999999948
21
-114.5052199999999942
0
LINE
8
BLACK
6
CONTINUOUS
10
84.5792189999999948
20
-114.5052199999999942
11
84.6489499999999992
21
-114.4696889999999883
0
LINE
8
BLACK
6
CONTINUOUS
10
84.6489499999999992
20
-114.4696889999999883
11
84.7348289999999906
21
-114.448049999999995
0
LINE
8
BLACK
6
CONTINUOUS
10
84.7348289999999906
20
-114.448049999999995
11
84.7392949999999985
21
-114.4479999999999933
0
LINE
8
BLACK
6
CONTINUOUS
10
84.7392949999999985
20
-114.4479999999999933
11
87.1107810000000029
21
-114.4479999999999933
0
LINE
8
BLACK
6
CONTINUOUS
10
87.1107810000000029
20
-114.4479999999999933
11
87.1971240000000023
21
-114.4677069999999901
0
LINE
8
BLACK
6
CONTINUOUS
10
87.1971240000000023
20
-114.4677069999999901
11
87.250001999999995
21
-114.5098759999999913
0
LINE
8
BLACK
6
CONTINUOUS
10
87.250001999999995
20
-114.5098759999999913
11
87.2523939999999953
21
-114.5074849999999884
0
LINE
8
BLACK
6
CONTINUOUS
10
87.2523939999999953
20
-114.5074849999999884
11
87.2624509999999987
21
-114.5175419999999917
0
LINE
8
BLACK
6
CONTINUOUS
10
87.2624509999999987
20
-114.5175419999999917
11
87.2624539999999911
21
-114.5175459999999958
0
LINE
8
BLACK
6
CONTINUOUS
10
87.2624539999999911
20
-114.5175459999999958
11
87.3776689999999974
21
-114.6037959999999885
0
LINE
8
BLACK
6
CONTINUOUS
10
87.3776689999999974
20
-114.6037959999999885
11
87.5125170000000026
21
-114.654090999999994
0
LINE
8
BLACK
6
CONTINUOUS
10
87.5125170000000026
20
-114.654090999999994
11
87.5721269999999947
21
-114.660499999999999
0
LINE
8
BLACK
6
CONTINUOUS
10
87.5721269999999947
20
-114.660499999999999
11
89.3678719999999913
21
-114.6604990000000015
0
LINE
8
BLACK
6
CONTINUOUS
10
89.3678719999999913
20
-114.6604990000000015
11
89.3678759999999954
21
-114.6604990000000015
0
LINE
8
BLACK
6
CONTINUOUS
10
89.3678759999999954
20
-114.6604990000000015
11
89.4076120000000003
21
-114.6562270000000012
0
LINE
8
BLACK
6
CONTINUOUS
10
89.4076120000000003
20
-114.6562270000000012
11
89.4274829999999952
21
-114.654090999999994
0
LINE
8
BLACK
6
CONTINUOUS
10
89.4274829999999952
20
-114.654090999999994
11
89.5623310000000004
21
-114.6037959999999885
0
LINE
8
BLACK
6
CONTINUOUS
10
89.5623310000000004
20
-114.6037959999999885
11
89.6775459999999924
21
-114.5175459999999958
0
LINE
8
BLACK
6
CONTINUOUS
10
89.6775459999999924
20
-114.5175459999999958
11
89.7637959999999993
21
-114.4023309999999896
0
LINE
8
BLACK
6
CONTINUOUS
10
89.7637959999999993
20
-114.4023309999999896
11
89.8140909999999906
21
-114.2674829999999986
0
LINE
8
BLACK
6
CONTINUOUS
10
89.8140909999999906
20
-114.2674829999999986
11
89.8204999999999956
21
-114.2078729999999922
0
LINE
8
BLACK
6
CONTINUOUS
10
89.8204999999999956
20
-114.2078729999999922
11
89.8204989999999981
21
-112.4121279999999956
0
LINE
8
BLACK
6
CONTINUOUS
10
89.8204989999999981
20
-112.4121279999999956
11
89.8204989999999981
21
-112.412122999999994
0
LINE
8
BLACK
6
CONTINUOUS
10
89.8204989999999981
20
-112.412122999999994
11
89.8140909999999906
21
-112.3525179999999892
0
LINE
8
BLACK
6
CONTINUOUS
10
89.8140909999999906
20
-112.3525179999999892
11
89.7637959999999993
21
-112.2176699999999983
0
LINE
8
BLACK
6
CONTINUOUS
10
89.7637959999999993
20
-112.2176699999999983
11
89.7637959999999993
21
-112.2176690000000008
0
LINE
8
BLACK
6
CONTINUOUS
10
89.7637959999999993
20
-112.2176690000000008
11
89.7220849999999928
21
-112.1619499999999903
0
LINE
8
BLACK
6
CONTINUOUS
10
89.7220849999999928
20
-112.1619499999999903
11
89.6775459999999924
21
-112.102452999999997
0
LINE
8
BLACK
6
CONTINUOUS
10
89.6775459999999924
20
-112.102452999999997
11
89.5623349999999903
21
-112.0162069999999943
0
LINE
8
BLACK
6
CONTINUOUS
10
89.5623349999999903
20
-112.0162069999999943
11
89.5623310000000004
21
-112.0162040000000019
0
LINE
8
BLACK
6
CONTINUOUS
10
89.5623310000000004
20
-112.0162040000000019
11
89.4274829999999952
21
-111.9659089999999964
0
LINE
8
BLACK
6
CONTINUOUS
10
89.4274829999999952
20
-111.9659089999999964
11
89.367873000000003
21
-111.9594999999999914
0
LINE
8
BLACK
6
CONTINUOUS
10
89.367873000000003
20
-111.9594999999999914
11
89.3678669999999897
21
-111.9594999999999914
0
LINE
8
BLACK
6
CONTINUOUS
10
89.3678669999999897
20
-111.9594999999999914
11
87.5721229999999906
21
-111.9594999999999914
0
LINE
8
BLACK
6
CONTINUOUS
10
87.5721229999999906
20
-111.9594999999999914
11
87.512518
21
-111.9659079999999989
0
LINE
8
BLACK
6
CONTINUOUS
10
87.512518
20
-111.9659079999999989
11
87.3776699999999948
21
-112.0162029999999902
0
LINE
8
BLACK
6
CONTINUOUS
10
87.3776699999999948
20
-112.0162029999999902
11
87.3776639999999958
21
-112.0162069999999943
0
LINE
8
BLACK
6
CONTINUOUS
10
87.3776639999999958
20
-112.0162069999999943
11
87.2624579999999952
21
-112.1024499999999904
0
LINE
8
BLACK
6
CONTINUOUS
10
87.2624579999999952
20
-112.1024499999999904
11
87.2523939999999953
21
-112.1125150000000019
0
LINE
8
BLACK
6
CONTINUOUS
10
87.2523939999999953
20
-112.1125150000000019
11
87.2495569999999958
21
-112.1096789999999999
0
LINE
8
BLACK
6
CONTINUOUS
10
87.2495569999999958
20
-112.1096789999999999
11
87.2025989999999922
21
-112.1495519999999999
0
LINE
8
BLACK
6
CONTINUOUS
10
87.2025989999999922
20
-112.1495519999999999
11
87.1169029999999935
21
-112.1719059999999928
0
LINE
8
BLACK
6
CONTINUOUS
10
87.1169029999999935
20
-112.1719059999999928
11
87.1107810000000029
21
-112.171999999999997
0
LINE
8
BLACK
6
CONTINUOUS
10
87.1107810000000029
20
-112.171999999999997
11
85.3269999999999982
21
-112.171999999999997
0
LINE
8
BLACK
6
CONTINUOUS
10
85.3269999999999982
20
-112.171999999999997
11
85.2406569999999988
21
-112.1522930000000002
0
LINE
8
BLACK
6
CONTINUOUS
10
85.2406569999999988
20
-112.1522930000000002
11
85.1714159999999936
21
-112.0970739999999921
0
LINE
8
BLACK
6
CONTINUOUS
10
85.1714159999999936
20
-112.0970739999999921
11
85.1329889999999949
21
-112.0172819999999945
0
LINE
8
BLACK
6
CONTINUOUS
10
85.1329889999999949
20
-112.0172819999999945
11
85.1280000000000001
21
-111.972999999999999
0
LINE
8
BLACK
6
CONTINUOUS
10
85.1280000000000001
20
-111.972999999999999
11
85.1280000000000001
21
-105.1969999999999885
0
LINE
8
BLACK
6
CONTINUOUS
10
85.1280000000000001
20
-105.1969999999999885
11
85.1477069999999969
21
-105.1106569999999891
0
LINE
8
BLACK
6
CONTINUOUS
10
85.1477069999999969
20
-105.1106569999999891
11
85.2029259999999908
21
-105.0414159999999981
0
LINE
8
BLACK
6
CONTINUOUS
10
85.2029259999999908
20
-105.0414159999999981
11
85.2827180000000027
21
-105.0029889999999995
0
LINE
8
BLACK
6
CONTINUOUS
10
85.2827180000000027
20
-105.0029889999999995
11
85.3269999999999982
21
-104.9979999999999905
0
LINE
8
BLACK
6
CONTINUOUS
10
85.3269999999999982
20
-104.9979999999999905
11
89.9923890000000029
21
-104.9979999999999905
0
LINE
8
BLACK
6
CONTINUOUS
10
89.9923890000000029
20
-104.9979999999999905
11
90.0787320000000022
21
-105.0177070000000015
0
LINE
8
BLACK
6
CONTINUOUS
10
90.0787320000000022
20
-105.0177070000000015
11
90.1479729999999932
21
-105.0729259999999954
0
LINE
8
BLACK
6
CONTINUOUS
10
90.1479729999999932
20
-105.0729259999999954
11
90.181287999999995
21
-105.1344039999999893
0
LINE
8
BLACK
6
CONTINUOUS
10
90.181287999999995
20
-105.1344039999999893
11
90.2117049999999949
21
-105.2261969999999991
0
LINE
8
BLACK
6
CONTINUOUS
10
90.2117049999999949
20
-105.2261969999999991
11
90.2226859999999959
21
-105.2593339999999955
0
LINE
8
BLACK
6
CONTINUOUS
10
90.2226859999999959
20
-105.2593339999999955
11
90.314787999999993
21
-105.4086559999999935
0
LINE
8
BLACK
6
CONTINUOUS
10
90.314787999999993
20
-105.4086559999999935
11
90.4388439999999889
21
-105.5327119999999894
0
LINE
8
BLACK
6
CONTINUOUS
10
90.4388439999999889
20
-105.5327119999999894
11
90.5881660000000011
21
-105.6248140000000006
0
LINE
8
BLACK
6
CONTINUOUS
10
90.5881660000000011
20
-105.6248140000000006
11
90.7547029999999921
21
-105.6799989999999951
0
LINE
8
BLACK
6
CONTINUOUS
10
90.7547029999999921
20
-105.6799989999999951
11
90.857490999999996
21
-105.6905000000000001
0
LINE
8
BLACK
6
CONTINUOUS
10
90.857490999999996
20
-105.6905000000000001
11
93.0575079999999986
21
-105.6904989999999884
0
LINE
8
BLACK
6
CONTINUOUS
10
93.0575079999999986
20
-105.6904989999999884
11
93.1602969999999999
21
-105.6799989999999951
0
LINE
8
BLACK
6
CONTINUOUS
10
93.1602969999999999
20
-105.6799989999999951
11
93.326833999999991
21
-105.6248140000000006
0
LINE
8
BLACK
6
CONTINUOUS
10
93.326833999999991
20
-105.6248140000000006
11
93.4761559999999889
21
-105.5327119999999894
0
LINE
8
BLACK
6
CONTINUOUS
10
93.4761559999999889
20
-105.5327119999999894
11
93.6002119999999991
21
-105.4086559999999935
0
LINE
8
BLACK
6
CONTINUOUS
10
93.6002119999999991
20
-105.4086559999999935
11
93.6923139999999961
21
-105.2593339999999955
0
LINE
8
BLACK
6
CONTINUOUS
10
93.6923139999999961
20
-105.2593339999999955
11
93.7474989999999906
21
-105.0927969999999902
0
LINE
8
BLACK
6
CONTINUOUS
10
93.7474989999999906
20
-105.0927969999999902
11
93.7579999999999956
21
-104.9900090000000006
0
LINE
8
BLACK
6
CONTINUOUS
10
93.7579999999999956
20
-104.9900090000000006
11
93.7579989999999981
21
-102.789991999999998
0
LINE
8
BLACK
6
CONTINUOUS
10
93.7579989999999981
20
-102.789991999999998
11
93.7474989999999906
21
-102.6872029999999967
0
LINE
8
BLACK
6
CONTINUOUS
10
93.7474989999999906
20
-102.6872029999999967
11
93.6923139999999961
21
-102.5206659999999914
0
LINE
8
BLACK
6
CONTINUOUS
10
93.6923139999999961
20
-102.5206659999999914
11
93.6002119999999991
21
-102.3713439999999935
0
LINE
8
BLACK
6
CONTINUOUS
10
93.6002119999999991
20
-102.3713439999999935
11
93.4761559999999889
21
-102.2472879999999975
0
LINE
8
BLACK
6
CONTINUOUS
10
93.4761559999999889
20
-102.2472879999999975
11
93.326833999999991
21
-102.1551860000000005
0
LINE
8
BLACK
6
CONTINUOUS
10
93.326833999999991
20
-102.1551860000000005
11
93.1603009999999898
21
-102.1000019999999893
0
LINE
8
BLACK
6
CONTINUOUS
10
93.1603009999999898
20
-102.1000019999999893
11
93.1602989999999949
21
-102.1000009999999918
0
LINE
8
BLACK
6
CONTINUOUS
10
93.1602989999999949
20
-102.1000009999999918
11
93.1602969999999999
21
-102.1000009999999918
0
LINE
8
BLACK
6
CONTINUOUS
10
93.1602969999999999
20
-102.1000009999999918
11
93.057508999999996
21
-102.089500000000001
0
LINE
8
BLACK
6
CONTINUOUS
10
93.057508999999996
20
-102.089500000000001
11
93.0574999999999903
21
-102.089500000000001
0
LINE
8
BLACK
6
CONTINUOUS
10
93.0574999999999903
20
-102.089500000000001
11
90.8574919999999935
21
-102.089500000000001
0
LINE
8
BLACK
6
CONTINUOUS
10
90.8574919999999935
20
-102.089500000000001
11
90.8574859999999944
21
-102.0895009999999985
0
LINE
8
BLACK
6
CONTINUOUS
10
90.8574859999999944
20
-102.0895009999999985
11
90.7547039999999896
21
-102.0999999999999943
0
LINE
8
BLACK
6
CONTINUOUS
10
90.7547039999999896
20
-102.0999999999999943
11
90.5881649999999894
21
-102.1551860000000005
0
LINE
8
BLACK
6
CONTINUOUS
10
90.5881649999999894
20
-102.1551860000000005
11
90.5881629999999944
21
-102.155186999999998
0
LINE
8
BLACK
6
CONTINUOUS
10
90.5881629999999944
20
-102.155186999999998
11
90.4388469999999955
21
-102.2472859999999883
0
LINE
8
BLACK
6
CONTINUOUS
10
90.4388469999999955
20
-102.2472859999999883
11
90.438839999999999
21
-102.2472909999999899
0
LINE
8
BLACK
6
CONTINUOUS
10
90.438839999999999
20
-102.2472909999999899
11
90.3147909999999996
21
-102.3713399999999893
0
LINE
8
BLACK
6
CONTINUOUS
10
90.3147909999999996
20
-102.3713399999999893
11
90.314785999999998
21
-102.3713470000000001
0
LINE
8
BLACK
6
CONTINUOUS
10
90.314785999999998
20
-102.3713470000000001
11
90.2226869999999934
21
-102.520662999999999
0
LINE
8
BLACK
6
CONTINUOUS
10
90.2226869999999934
20
-102.520662999999999
11
90.2226849999999985
21
-102.5206669999999889
0
LINE
8
BLACK
6
CONTINUOUS
10
90.2226849999999985
20
-102.5206669999999889
11
90.213955999999996
21
-102.5470109999999977
0
LINE
8
BLACK
6
CONTINUOUS
10
90.213955999999996
20
-102.5470109999999977
11
90.2037830000000014
21
-102.5777129999999886
0
LINE
8
BLACK
6
CONTINUOUS
10
90.2037830000000014
20
-102.5777129999999886
11
90.2011710000000022
21
-102.5855949999999979
0
LINE
8
BLACK
6
CONTINUOUS
10
90.2011710000000022
20
-102.5855949999999979
11
90.1553049999999985
21
-102.6613559999999978
0
LINE
8
BLACK
6
CONTINUOUS
10
90.1553049999999985
20
-102.6613559999999978
11
90.0811099999999954
21
-102.7097149999999885
0
LINE
8
BLACK
6
CONTINUOUS
10
90.0811099999999954
20
-102.7097149999999885
11
90.0122719999999958
21
-102.7219999999999942
0
LINE
8
BLACK
6
CONTINUOUS
10
90.0122719999999958
20
-102.7219999999999942
11
84.6689209999999974
21
-102.7219999999999942
0
LINE
8
BLACK
6
CONTINUOUS
10
84.6689209999999974
20
-102.7219999999999942
11
84.582577999999998
21
-102.7022929999999974
0
LINE
8
BLACK
6
CONTINUOUS
10
84.582577999999998
20
-102.7022929999999974
11
84.5785759999999982
21
-102.7003100000000018
0
LINE
8
BLACK
6
CONTINUOUS
10
84.5785759999999982
20
-102.7003100000000018
11
84.5740419999999915
21
-102.6979999999999933
0
LINE
8
BLACK
6
CONTINUOUS
10
84.5740419999999915
20
-102.6979999999999933
11
84.4892189999999914
21
-102.6547800000000024
0
LINE
8
BLACK
6
CONTINUOUS
10
84.4892189999999914
20
-102.6547800000000024
11
84.4892139999999898
21
-102.6547779999999932
0
LINE
8
BLACK
6
CONTINUOUS
10
84.4892139999999898
20
-102.6547779999999932
11
84.2945359999999937
21
-102.5915229999999951
0
LINE
8
BLACK
6
CONTINUOUS
10
84.2945359999999937
20
-102.5915229999999951
11
84.2945289999999972
21
-102.5915219999999977
0
LINE
8
BLACK
6
CONTINUOUS
10
84.2945289999999972
20
-102.5915219999999977
11
84.1797349999999938
21
-102.5733400000000017
0
LINE
8
BLACK
6
CONTINUOUS
10
84.1797349999999938
20
-102.5733400000000017
11
84.0923519999999911
21
-102.5594999999999999
0
LINE
8
BLACK
6
CONTINUOUS
10
84.0923519999999911
20
-102.5594999999999999
11
83.8876479999999987
21
-102.5594999999999999
0
LINE
8
BLACK
6
CONTINUOUS
10
83.8876479999999987
20
-102.5594999999999999
11
83.8434649999999948
21
-102.5664979999999957
0
LINE
8
BLACK
6
CONTINUOUS
10
83.8434649999999948
20
-102.5664979999999957
11
83.6854699999999951
21
-102.5915219999999977
0
LINE
8
BLACK
6
CONTINUOUS
10
83.6854699999999951
20
-102.5915219999999977
11
83.6854629999999986
21
-102.5915229999999951
0
LINE
8
BLACK
6
CONTINUOUS
10
83.6854629999999986
20
-102.5915229999999951
11
83.4907869999999974
21
-102.6547769999999957
0
LINE
8
BLACK
6
CONTINUOUS
10
83.4907869999999974
20
-102.6547769999999957
11
83.4907680000000028
21
-102.6547849999999897
0
LINE
8
BLACK
6
CONTINUOUS
10
83.4907680000000028
20
-102.6547849999999897
11
83.3083999999999918
21
-102.7477059999999938
0
LINE
8
BLACK
6
CONTINUOUS
10
83.3083999999999918
20
-102.7477059999999938
11
83.3083900000000028
21
-102.7477119999999928
0
LINE
8
BLACK
6
CONTINUOUS
10
83.3083900000000028
20
-102.7477119999999928
11
83.1427829999999943
21
-102.8680319999999995
0
LINE
8
BLACK
6
CONTINUOUS
10
83.1427829999999943
20
-102.8680319999999995
11
83.1427789999999902
21
-102.8680349999999919
0
LINE
8
BLACK
6
CONTINUOUS
10
83.1427789999999902
20
-102.8680349999999919
11
82.9980350000000016
21
-103.0127789999999948
0
LINE
8
BLACK
6
CONTINUOUS
10
82.9980350000000016
20
-103.0127789999999948
11
82.9980319999999949
21
-103.0127829999999989
0
LINE
8
BLACK
6
CONTINUOUS
10
82.9980319999999949
20
-103.0127829999999989
11
82.8777120000000025
21
-103.1783899999999932
0
LINE
8
BLACK
6
CONTINUOUS
10
82.8777120000000025
20
-103.1783899999999932
11
82.8777059999999892
21
-103.1783999999999963
0
LINE
8
BLACK
6
CONTINUOUS
10
82.8777059999999892
20
-103.1783999999999963
11
82.7847849999999994
21
-103.3607679999999931
0
LINE
8
BLACK
6
CONTINUOUS
10
82.7847849999999994
20
-103.3607679999999931
11
82.7847769999999912
21
-103.360787000000002
0
LINE
8
BLACK
6
CONTINUOUS
10
82.7847769999999912
20
-103.360787000000002
11
82.7215229999999906
21
-103.5554629999999889
0
LINE
8
BLACK
6
CONTINUOUS
10
82.7215229999999906
20
-103.5554629999999889
11
82.7215219999999931
21
-103.5554699999999997
0
LINE
8
BLACK
6
CONTINUOUS
10
82.7215219999999931
20
-103.5554699999999997
11
82.7083009999999916
21
-103.6389449999999925
0
LINE
8
BLACK
6
CONTINUOUS
10
82.7083009999999916
20
-103.6389449999999925
11
82.6894999999999953
21
-103.757647999999989
0
LINE
8
BLACK
6
CONTINUOUS
10
82.6894999999999953
20
-103.757647999999989
11
82.6894999999999953
21
-103.9623519999999957
0
LINE
8
BLACK
6
CONTINUOUS
10
92.6367479999999972
20
-99.998431999999994
11
92.4549880000000002
21
-100.0910429999999991
0
LINE
8
BLACK
6
CONTINUOUS
10
92.4549880000000002
20
-100.0910429999999991
11
92.2609789999999919
21
-100.1540809999999908
0
LINE
8
BLACK
6
CONTINUOUS
10
92.2609789999999919
20
-100.1540809999999908
11
92.0594969999999932
21
-100.1859929999999963
0
LINE
8
BLACK
6
CONTINUOUS
10
92.0594969999999932
20
-100.1859929999999963
11
91.8555029999999988
21
-100.1859929999999963
0
LINE
8
BLACK
6
CONTINUOUS
10
91.8555029999999988
20
-100.1859929999999963
11
91.6540210000000002
21
-100.1540809999999908
0
LINE
8
BLACK
6
CONTINUOUS
10
91.6540210000000002
20
-100.1540809999999908
11
91.4600119999999919
21
-100.0910429999999991
0
LINE
8
BLACK
6
CONTINUOUS
10
91.4600119999999919
20
-100.0910429999999991
11
91.2782519999999948
21
-99.998431999999994
0
LINE
8
BLACK
6
CONTINUOUS
10
91.2782519999999948
20
-99.998431999999994
11
91.2344459999999913
21
-99.9666050000000013
0
LINE
8
BLACK
6
CONTINUOUS
10
91.2344459999999913
20
-99.9666050000000013
11
90.8737739999999974
21
-100.3272769999999952
0
LINE
8
BLACK
6
CONTINUOUS
10
90.8737739999999974
20
-100.3272769999999952
11
90.8737749999999949
21
-100.3272779999999926
0
LINE
8
BLACK
6
CONTINUOUS
10
90.8737749999999949
20
-100.3272779999999926
11
90.9553229999999928
21
-100.3898519999999905
0
LINE
8
BLACK
6
CONTINUOUS
10
90.9553229999999928
20
-100.3898519999999905
11
90.9553259999999995
21
-100.3898549999999972
0
LINE
8
BLACK
6
CONTINUOUS
10
90.9553259999999995
20
-100.3898549999999972
11
91.1596619999999973
21
-100.507829000000001
0
LINE
8
BLACK
6
CONTINUOUS
10
91.1596619999999973
20
-100.507829000000001
11
91.1596770000000021
21
-100.507836999999995
0
LINE
8
BLACK
6
CONTINUOUS
10
91.1596770000000021
20
-100.507836999999995
11
91.3776589999999942
21
-100.598126999999991
0
LINE
8
BLACK
6
CONTINUOUS
10
91.3776589999999942
20
-100.598126999999991
11
91.3776709999999923
21
-100.5981309999999951
0
LINE
8
BLACK
6
CONTINUOUS
10
91.3776709999999923
20
-100.5981309999999951
11
91.6055810000000008
21
-100.6591999999999985
0
LINE
8
BLACK
6
CONTINUOUS
10
91.6055810000000008
20
-100.6591999999999985
11
91.6055899999999923
21
-100.6592019999999934
0
LINE
8
BLACK
6
CONTINUOUS
10
91.6055899999999923
20
-100.6592019999999934
11
91.8395139999999941
21
-100.6899990000000003
0
LINE
8
BLACK
6
CONTINUOUS
10
91.8395139999999941
20
-100.6899990000000003
11
91.8395199999999932
21
-100.6899999999999977
0
LINE
8
BLACK
6
CONTINUOUS
10
91.8395199999999932
20
-100.6899999999999977
11
92.0754799999999989
21
-100.6899999999999977
0
LINE
8
BLACK
6
CONTINUOUS
10
92.0754799999999989
20
-100.6899999999999977
11
92.0754850000000005
21
-100.6899990000000003
0
LINE
8
BLACK
6
CONTINUOUS
10
92.0754850000000005
20
-100.6899990000000003
11
92.3094090000000023
21
-100.6592019999999934
0
LINE
8
BLACK
6
CONTINUOUS
10
92.3094090000000023
20
-100.6592019999999934
11
92.3094179999999938
21
-100.6591999999999985
0
LINE
8
BLACK
6
CONTINUOUS
10
92.3094179999999938
20
-100.6591999999999985
11
92.5373280000000022
21
-100.5981309999999951
0
LINE
8
BLACK
6
CONTINUOUS
10
92.5373280000000022
20
-100.5981309999999951
11
92.5373400000000004
21
-100.598126999999991
0
LINE
8
BLACK
6
CONTINUOUS
10
92.5373400000000004
20
-100.598126999999991
11
92.7553219999999925
21
-100.507836999999995
0
LINE
8
BLACK
6
CONTINUOUS
10
92.7553219999999925
20
-100.507836999999995
11
92.7553259999999966
21
-100.507835
0
LINE
8
BLACK
6
CONTINUOUS
10
92.7553259999999966
20
-100.507835
11
92.9596710000000002
21
-100.3898549999999972
0
LINE
8
BLACK
6
CONTINUOUS
10
92.9596710000000002
20
-100.3898549999999972
11
93.0412230000000022
21
-100.3272769999999952
0
LINE
8
BLACK
6
CONTINUOUS
10
93.0412230000000022
20
-100.3272769999999952
11
93.0412239999999997
21
-100.3272769999999952
0
LINE
8
BLACK
6
CONTINUOUS
10
93.0412239999999997
20
-100.3272769999999952
11
92.6805519999999916
21
-99.9666050000000013
0
LINE
8
BLACK
6
CONTINUOUS
10
92.6805519999999916
20
-99.9666050000000013
11
92.6367479999999972
21
-99.998431999999994
0
LINE
8
BLACK
6
CONTINUOUS
10
93.0341049999999967
20
-98.1669459999999958
11
93.0659319999999894
21
-98.2107519999999994
0
LINE
8
BLACK
6
CONTINUOUS
10
93.0659319999999894
20
-98.2107519999999994
11
93.1585429999999945
21
-98.3925119999999964
0
LINE
8
BLACK
6
CONTINUOUS
10
93.1585429999999945
20
-98.3925119999999964
11
93.2215810000000005
21
-98.5865209999999905
0
LINE
8
BLACK
6
CONTINUOUS
10
93.2215810000000005
20
-98.5865209999999905
11
93.2534929999999918
21
-98.7880029999999891
0
LINE
8
BLACK
6
CONTINUOUS
10
93.2534929999999918
20
-98.7880029999999891
11
93.2534929999999918
21
-98.9919969999999978
0
LINE
8
BLACK
6
CONTINUOUS
10
93.2534929999999918
20
-98.9919969999999978
11
93.2215810000000005
21
-99.1934789999999964
0
LINE
8
BLACK
6
CONTINUOUS
10
93.2215810000000005
20
-99.1934789999999964
11
93.1585429999999945
21
-99.3874879999999905
0
LINE
8
BLACK
6
CONTINUOUS
10
93.1585429999999945
20
-99.3874879999999905
11
93.0659319999999894
21
-99.5692480000000018
0
LINE
8
BLACK
6
CONTINUOUS
10
93.0659319999999894
20
-99.5692480000000018
11
93.0341049999999967
21
-99.6130519999999962
0
LINE
8
BLACK
6
CONTINUOUS
10
93.0341049999999967
20
-99.6130519999999962
11
93.3947769999999906
21
-99.97372399999999
0
LINE
8
BLACK
6
CONTINUOUS
10
93.3947769999999906
20
-99.97372399999999
11
93.3947769999999906
21
-99.9737229999999926
0
LINE
8
BLACK
6
CONTINUOUS
10
93.3947769999999906
20
-99.9737229999999926
11
93.4573549999999926
21
-99.8921709999999905
0
LINE
8
BLACK
6
CONTINUOUS
10
93.4573549999999926
20
-99.8921709999999905
11
93.5753349999999955
21
-99.6878260000000012
0
LINE
8
BLACK
6
CONTINUOUS
10
93.5753349999999955
20
-99.6878260000000012
11
93.5753369999999904
21
-99.687821999999997
0
LINE
8
BLACK
6
CONTINUOUS
10
93.5753369999999904
20
-99.687821999999997
11
93.6656270000000006
21
-99.4698399999999907
0
LINE
8
BLACK
6
CONTINUOUS
10
93.6656270000000006
20
-99.4698399999999907
11
93.6656309999999905
21
-99.4698279999999926
0
LINE
8
BLACK
6
CONTINUOUS
10
93.6656309999999905
20
-99.4698279999999926
11
93.7266999999999939
21
-99.2419179999999983
0
LINE
8
BLACK
6
CONTINUOUS
10
93.7266999999999939
20
-99.2419179999999983
11
93.7267019999999889
21
-99.2419089999999926
0
LINE
8
BLACK
6
CONTINUOUS
10
93.7267019999999889
20
-99.2419089999999926
11
93.7574989999999957
21
-99.0079849999999908
0
LINE
8
BLACK
6
CONTINUOUS
10
93.7574989999999957
20
-99.0079849999999908
11
93.7574999999999932
21
-99.0079799999999892
0
LINE
8
BLACK
6
CONTINUOUS
10
93.7574999999999932
20
-99.0079799999999892
11
93.7574999999999932
21
-98.7720190000000002
0
LINE
8
BLACK
6
CONTINUOUS
10
93.7574999999999932
20
-98.7720190000000002
11
93.7574989999999957
21
-98.7720139999999986
0
LINE
8
BLACK
6
CONTINUOUS
10
93.7574989999999957
20
-98.7720139999999986
11
93.7267019999999889
21
-98.5380899999999968
0
LINE
8
BLACK
6
CONTINUOUS
10
93.7267019999999889
20
-98.5380899999999968
11
93.7266999999999939
21
-98.5380809999999911
0
LINE
8
BLACK
6
CONTINUOUS
10
93.7266999999999939
20
-98.5380809999999911
11
93.6656309999999905
21
-98.3101709999999969
0
LINE
8
BLACK
6
CONTINUOUS
10
93.6656309999999905
20
-98.3101709999999969
11
93.6656270000000006
21
-98.3101589999999987
0
LINE
8
BLACK
6
CONTINUOUS
10
93.6656270000000006
20
-98.3101589999999987
11
93.5753369999999904
21
-98.0921769999999924
0
LINE
8
BLACK
6
CONTINUOUS
10
93.5753369999999904
20
-98.0921769999999924
11
93.5753289999999964
21
-98.0921620000000019
0
LINE
8
BLACK
6
CONTINUOUS
10
93.5753289999999964
20
-98.0921620000000019
11
93.4573549999999926
21
-97.8878259999999898
0
LINE
8
BLACK
6
CONTINUOUS
10
93.4573549999999926
20
-97.8878259999999898
11
93.4573520000000002
21
-97.8878229999999974
0
LINE
8
BLACK
6
CONTINUOUS
10
93.4573520000000002
20
-97.8878229999999974
11
93.3947780000000023
21
-97.8062749999999994
0
LINE
8
BLACK
6
CONTINUOUS
10
93.3947780000000023
20
-97.8062749999999994
11
93.3947769999999906
21
-97.8062740000000019
0
LINE
8
BLACK
6
CONTINUOUS
10
93.3947769999999906
20
-97.8062740000000019
11
93.0341049999999967
21
-98.1669459999999958
0
LINE
8
BLACK
6
CONTINUOUS
10
91.1596770000000021
20
-97.2721619999999945
11
91.1596660000000014
21
-97.2721669999999961
0
LINE
8
BLACK
6
CONTINUOUS
10
91.1596660000000014
20
-97.2721669999999961
11
90.9553269999999969
21
-97.3901429999999948
0
LINE
8
BLACK
6
CONTINUOUS
10
90.9553269999999969
20
-97.3901429999999948
11
90.8737749999999949
21
-97.4527199999999993
0
LINE
8
BLACK
6
CONTINUOUS
10
90.8737749999999949
20
-97.4527199999999993
11
90.8737749999999949
21
-97.4527209999999968
0
LINE
8
BLACK
6
CONTINUOUS
10
90.8737749999999949
20
-97.4527209999999968
11
91.234447000000003
21
-97.8133929999999907
0
LINE
8
BLACK
6
CONTINUOUS
10
91.234447000000003
20
-97.8133929999999907
11
91.2782519999999948
21
-97.7815679999999929
0
LINE
8
BLACK
6
CONTINUOUS
10
91.2782519999999948
20
-97.7815679999999929
11
91.3199999999999932
21
-97.7602959999999968
0
LINE
8
BLACK
6
CONTINUOUS
10
91.3199999999999932
20
-97.7602959999999968
11
91.3199999999999932
21
-97.2057539999999989
0
LINE
8
BLACK
6
CONTINUOUS
10
91.3199999999999932
20
-97.2057539999999989
11
91.1596770000000021
21
-97.2721619999999945
0
LINE
8
BLACK
6
CONTINUOUS
10
92.5949999999999989
20
-97.7602959999999968
11
92.6367479999999972
21
-97.7815679999999929
0
LINE
8
BLACK
6
CONTINUOUS
10
92.6367479999999972
20
-97.7815679999999929
11
92.6805519999999916
21
-97.8133929999999907
0
LINE
8
BLACK
6
CONTINUOUS
10
92.6805519999999916
20
-97.8133929999999907
11
93.0412239999999997
21
-97.4527209999999968
0
LINE
8
BLACK
6
CONTINUOUS
10
93.0412239999999997
20
-97.4527209999999968
11
92.959668999999991
21
-97.3901419999999973
0
LINE
8
BLACK
6
CONTINUOUS
10
92.959668999999991
20
-97.3901419999999973
11
92.7553369999999973
21
-97.2721700000000027
0
LINE
8
BLACK
6
CONTINUOUS
10
92.7553369999999973
20
-97.2721700000000027
11
92.7553219999999925
21
-97.2721619999999945
0
LINE
8
BLACK
6
CONTINUOUS
10
92.7553219999999925
20
-97.2721619999999945
11
92.5949999999999989
21
-97.2057549999999964
0
LINE
8
BLACK
6
CONTINUOUS
10
92.5949999999999989
20
-97.2057549999999964
11
92.5949999999999989
21
-97.7602959999999968
0
LINE
8
BLACK
6
CONTINUOUS
10
68.3857979999999941
20
-96.4375
11
68.4081410000000005
21
-96.4813509999999894
0
LINE
8
BLACK
6
CONTINUOUS
10
68.4081410000000005
20
-96.4813509999999894
11
68.408141999999998
21
-96.4813529999999986
0
LINE
8
BLACK
6
CONTINUOUS
10
68.408141999999998
20
-96.4813529999999986
11
68.5284099999999938
21
-96.6468879999999899
0
LINE
8
BLACK
6
CONTINUOUS
10
68.5284099999999938
20
-96.6468879999999899
11
68.5284159999999929
21
-96.6468950000000007
0
LINE
8
BLACK
6
CONTINUOUS
10
68.5284159999999929
20
-96.6468950000000007
11
68.673103999999995
21
-96.7915829999999886
0
LINE
8
BLACK
6
CONTINUOUS
10
68.673103999999995
20
-96.7915829999999886
11
68.6731109999999916
21
-96.7915890000000019
0
LINE
8
BLACK
6
CONTINUOUS
10
68.6731109999999916
20
-96.7915890000000019
11
68.8386459999999971
21
-96.9118569999999977
0
LINE
8
BLACK
6
CONTINUOUS
10
68.8386459999999971
20
-96.9118569999999977
11
68.8386479999999921
21
-96.9118579999999952
0
LINE
8
BLACK
6
CONTINUOUS
10
68.8386479999999921
20
-96.9118579999999952
11
69.0209729999999979
21
-97.0047569999999979
0
LINE
8
BLACK
6
CONTINUOUS
10
69.0209729999999979
20
-97.0047569999999979
11
69.0209759999999903
21
-97.0047579999999954
0
LINE
8
BLACK
6
CONTINUOUS
10
69.0209759999999903
20
-97.0047579999999954
11
69.2155779999999936
21
-97.0679879999999997
0
LINE
8
BLACK
6
CONTINUOUS
10
69.2155779999999936
20
-97.0679879999999997
11
69.2155899999999917
21
-97.0679909999999921
0
LINE
8
BLACK
6
CONTINUOUS
10
69.2155899999999917
20
-97.0679909999999921
11
69.4176879999999983
21
-97.0999999999999943
0
LINE
8
BLACK
6
CONTINUOUS
10
69.4176879999999983
20
-97.0999999999999943
11
69.6700000000000017
21
-97.0999999999999943
0
LINE
8
BLACK
6
CONTINUOUS
10
69.6700000000000017
20
-97.0999999999999943
11
69.6700000000000017
21
-96.5999999999999943
0
LINE
8
BLACK
6
CONTINUOUS
10
69.6700000000000017
20
-96.5999999999999943
11
69.519999999999996
21
-96.5999999999999943
0
LINE
8
BLACK
6
CONTINUOUS
10
69.519999999999996
20
-96.5999999999999943
11
69.4415860000000009
21
-96.5961479999999995
0
LINE
8
BLACK
6
CONTINUOUS
10
69.4415860000000009
20
-96.5961479999999995
11
69.2877720000000039
21
-96.5655519999999967
0
LINE
8
BLACK
6
CONTINUOUS
10
69.2877720000000039
20
-96.5655519999999967
11
69.1428829999999977
21
-96.5055369999999897
0
LINE
8
BLACK
6
CONTINUOUS
10
69.1428829999999977
20
-96.5055369999999897
11
69.0410579999999925
21
-96.4375
0
LINE
8
BLACK
6
CONTINUOUS
10
69.0410579999999925
20
-96.4375
11
68.3857979999999941
21
-96.4375
0
LINE
8
BLACK
6
CONTINUOUS
10
71.0255369999999999
20
-96.1771169999999955
11
70.9384079999999955
21
-96.3075149999999951
0
LINE
8
BLACK
6
CONTINUOUS
10
70.9384079999999955
20
-96.3075149999999951
11
70.8275149999999911
21
-96.4184079999999994
0
LINE
8
BLACK
6
CONTINUOUS
10
70.8275149999999911
20
-96.4184079999999994
11
70.6971169999999915
21
-96.5055369999999897
0
LINE
8
BLACK
6
CONTINUOUS
10
70.6971169999999915
20
-96.5055369999999897
11
70.5522279999999995
21
-96.5655519999999967
0
LINE
8
BLACK
6
CONTINUOUS
10
70.5522279999999995
20
-96.5655519999999967
11
70.3984140000000025
21
-96.5961479999999995
0
LINE
8
BLACK
6
CONTINUOUS
10
70.3984140000000025
20
-96.5961479999999995
11
70.3199999999999932
21
-96.5999999999999943
0
LINE
8
BLACK
6
CONTINUOUS
10
70.3199999999999932
20
-96.5999999999999943
11
70.1700000000000017
21
-96.5999999999999943
0
LINE
8
BLACK
6
CONTINUOUS
10
70.1700000000000017
20
-96.5999999999999943
11
70.1700000000000017
21
-97.0999999999999943
0
LINE
8
BLACK
6
CONTINUOUS
10
70.1700000000000017
20
-97.0999999999999943
11
70.4223119999999909
21
-97.0999999999999943
0
LINE
8
BLACK
6
CONTINUOUS
10
70.4223119999999909
20
-97.0999999999999943
11
70.624409
21
-97.0679909999999921
0
LINE
8
BLACK
6
CONTINUOUS
10
70.624409
20
-97.0679909999999921
11
70.6244209999999981
21
-97.0679879999999997
0
LINE
8
BLACK
6
CONTINUOUS
10
70.6244209999999981
20
-97.0679879999999997
11
70.8190230000000014
21
-97.0047579999999954
0
LINE
8
BLACK
6
CONTINUOUS
10
70.8190230000000014
20
-97.0047579999999954
11
70.8190259999999938
21
-97.0047569999999979
0
LINE
8
BLACK
6
CONTINUOUS
10
70.8190259999999938
20
-97.0047569999999979
11
71.0013509999999997
21
-96.9118579999999952
0
LINE
8
BLACK
6
CONTINUOUS
10
71.0013509999999997
20
-96.9118579999999952
11
71.0013529999999946
21
-96.9118569999999977
0
LINE
8
BLACK
6
CONTINUOUS
10
71.0013529999999946
20
-96.9118569999999977
11
71.1668880000000001
21
-96.7915890000000019
0
LINE
8
BLACK
6
CONTINUOUS
10
71.1668880000000001
20
-96.7915890000000019
11
71.1668949999999967
21
-96.7915829999999886
0
LINE
8
BLACK
6
CONTINUOUS
10
71.1668949999999967
20
-96.7915829999999886
11
71.3115829999999988
21
-96.6468950000000007
0
LINE
8
BLACK
6
CONTINUOUS
10
71.3115829999999988
20
-96.6468950000000007
11
71.3115889999999979
21
-96.6468879999999899
0
LINE
8
BLACK
6
CONTINUOUS
10
71.3115889999999979
20
-96.6468879999999899
11
71.4318569999999937
21
-96.4813529999999986
0
LINE
8
BLACK
6
CONTINUOUS
10
71.4318569999999937
20
-96.4813529999999986
11
71.4318579999999912
21
-96.4813509999999894
0
LINE
8
BLACK
6
CONTINUOUS
10
71.4318579999999912
20
-96.4813509999999894
11
71.5247569999999939
21
-96.2990259999999978
0
LINE
8
BLACK
6
CONTINUOUS
10
71.5247569999999939
20
-96.2990259999999978
11
71.5247579999999914
21
-96.2990229999999912
0
LINE
8
BLACK
6
CONTINUOUS
10
71.5247579999999914
20
-96.2990229999999912
11
71.5879899999999907
21
-96.1044160000000005
0
LINE
8
BLACK
6
CONTINUOUS
10
71.5879899999999907
20
-96.1044160000000005
11
71.5879899999999907
21
-96.1044129999999939
0
LINE
8
BLACK
6
CONTINUOUS
10
71.5879899999999907
20
-96.1044129999999939
11
71.5966090000000008
21
-96.0499999999999972
0
LINE
8
BLACK
6
CONTINUOUS
10
71.5966090000000008
20
-96.0499999999999972
11
71.0781909999999897
21
-96.0499999999999972
0
LINE
8
BLACK
6
CONTINUOUS
10
71.0781909999999897
20
-96.0499999999999972
11
71.0255369999999999
21
-96.1771169999999955
0
LINE
8
BLACK
6
CONTINUOUS
10
43.4917480000000012
20
-80.8684319999999985
11
43.309987999999997
21
-80.9610429999999894
0
LINE
8
BLACK
6
CONTINUOUS
10
43.309987999999997
20
-80.9610429999999894
11
43.1159789999999958
21
-81.0240809999999954
0
LINE
8
BLACK
6
CONTINUOUS
10
43.1159789999999958
20
-81.0240809999999954
11
42.9144969999999972
21
-81.0559930000000008
0
LINE
8
BLACK
6
CONTINUOUS
10
42.9144969999999972
20
-81.0559930000000008
11
42.7105029999999957
21
-81.0559930000000008
0
LINE
8
BLACK
6
CONTINUOUS
10
42.7105029999999957
20
-81.0559930000000008
11
42.5090209999999971
21
-81.0240809999999954
0
LINE
8
BLACK
6
CONTINUOUS
10
42.5090209999999971
20
-81.0240809999999954
11
42.3150119999999959
21
-80.9610429999999894
0
LINE
8
BLACK
6
CONTINUOUS
10
42.3150119999999959
20
-80.9610429999999894
11
42.1332519999999988
21
-80.8684319999999985
0
LINE
8
BLACK
6
CONTINUOUS
10
42.1332519999999988
20
-80.8684319999999985
11
42.0894459999999953
21
-80.8366049999999916
0
LINE
8
BLACK
6
CONTINUOUS
10
42.0894459999999953
20
-80.8366049999999916
11
41.7287740000000014
21
-81.1972769999999997
0
LINE
8
BLACK
6
CONTINUOUS
10
41.7287740000000014
20
-81.1972769999999997
11
41.7287749999999988
21
-81.1972779999999972
0
LINE
8
BLACK
6
CONTINUOUS
10
41.7287749999999988
20
-81.1972779999999972
11
41.8103229999999968
21
-81.2598519999999951
0
LINE
8
BLACK
6
CONTINUOUS
10
41.8103229999999968
20
-81.2598519999999951
11
41.8103259999999963
21
-81.2598550000000017
0
LINE
8
BLACK
6
CONTINUOUS
10
41.8103259999999963
20
-81.2598550000000017
11
42.0146620000000013
21
-81.3778289999999913
0
LINE
8
BLACK
6
CONTINUOUS
10
42.0146620000000013
20
-81.3778289999999913
11
42.0146769999999989
21
-81.3778369999999995
0
LINE
8
BLACK
6
CONTINUOUS
10
42.0146769999999989
20
-81.3778369999999995
11
42.2326589999999982
21
-81.4681269999999955
0
LINE
8
BLACK
6
CONTINUOUS
10
42.2326589999999982
20
-81.4681269999999955
11
42.2326709999999963
21
-81.4681309999999996
0
LINE
8
BLACK
6
CONTINUOUS
10
42.2326709999999963
20
-81.4681309999999996
11
42.4605809999999977
21
-81.529200000000003
0
LINE
8
BLACK
6
CONTINUOUS
10
42.4605809999999977
20
-81.529200000000003
11
42.4605899999999963
21
-81.529201999999998
0
LINE
8
BLACK
6
CONTINUOUS
10
42.4605899999999963
20
-81.529201999999998
11
42.6945139999999981
21
-81.5599989999999906
0
LINE
8
BLACK
6
CONTINUOUS
10
42.6945139999999981
20
-81.5599989999999906
11
42.6945199999999971
21
-81.5600000000000023
0
LINE
8
BLACK
6
CONTINUOUS
10
42.6945199999999971
20
-81.5600000000000023
11
42.9304799999999958
21
-81.5600000000000023
0
LINE
8
BLACK
6
CONTINUOUS
10
42.9304799999999958
20
-81.5600000000000023
11
42.9304849999999973
21
-81.5599989999999906
0
LINE
8
BLACK
6
CONTINUOUS
10
42.9304849999999973
20
-81.5599989999999906
11
43.1644089999999991
21
-81.529201999999998
0
LINE
8
BLACK
6
CONTINUOUS
10
43.1644089999999991
20
-81.529201999999998
11
43.1644179999999977
21
-81.529200000000003
0
LINE
8
BLACK
6
CONTINUOUS
10
43.1644179999999977
20
-81.529200000000003
11
43.3923279999999991
21
-81.4681309999999996
0
LINE
8
BLACK
6
CONTINUOUS
10
43.3923279999999991
20
-81.4681309999999996
11
43.3923399999999972
21
-81.4681269999999955
0
LINE
8
BLACK
6
CONTINUOUS
10
43.3923399999999972
20
-81.4681269999999955
11
43.6103219999999965
21
-81.3778369999999995
0
LINE
8
BLACK
6
CONTINUOUS
10
43.6103219999999965
20
-81.3778369999999995
11
43.6103260000000006
21
-81.3778349999999904
0
LINE
8
BLACK
6
CONTINUOUS
10
43.6103260000000006
20
-81.3778349999999904
11
43.814670999999997
21
-81.2598550000000017
0
LINE
8
BLACK
6
CONTINUOUS
10
43.814670999999997
20
-81.2598550000000017
11
43.8962229999999991
21
-81.1972769999999997
0
LINE
8
BLACK
6
CONTINUOUS
10
43.8962229999999991
20
-81.1972769999999997
11
43.8962239999999966
21
-81.1972769999999997
0
LINE
8
BLACK
6
CONTINUOUS
10
43.8962239999999966
20
-81.1972769999999997
11
43.5355519999999956
21
-80.8366049999999916
0
LINE
8
BLACK
6
CONTINUOUS
10
43.5355519999999956
20
-80.8366049999999916
11
43.4917480000000012
21
-80.8684319999999985
0
LINE
8
BLACK
6
CONTINUOUS
10
50.6647279999999967
20
-80.5955519999999979
11
50.5109139999999996
21
-80.6261480000000006
0
LINE
8
BLACK
6
CONTINUOUS
10
50.5109139999999996
20
-80.6261480000000006
11
50.3540859999999952
21
-80.6261480000000006
0
LINE
8
BLACK
6
CONTINUOUS
10
50.3540859999999952
20
-80.6261480000000006
11
50.2002719999999982
21
-80.5955519999999979
0
LINE
8
BLACK
6
CONTINUOUS
10
50.2002719999999982
20
-80.5955519999999979
11
50.0731539999999953
21
-80.5428979999999939
0
LINE
8
BLACK
6
CONTINUOUS
10
50.0731539999999953
20
-80.5428979999999939
11
49.7065769999999958
21
-80.909474000000003
0
LINE
8
BLACK
6
CONTINUOUS
10
49.7065769999999958
20
-80.909474000000003
11
49.7065769999999958
21
-80.9094750000000005
0
LINE
8
BLACK
6
CONTINUOUS
10
49.7065769999999958
20
-80.9094750000000005
11
49.7511510000000001
21
-80.9418599999999913
0
LINE
8
BLACK
6
CONTINUOUS
10
49.7511510000000001
20
-80.9418599999999913
11
49.9334729999999993
21
-81.034756999999999
0
LINE
8
BLACK
6
CONTINUOUS
10
49.9334729999999993
20
-81.034756999999999
11
49.9334759999999989
21
-81.0347579999999965
0
LINE
8
BLACK
6
CONTINUOUS
10
49.9334759999999989
20
-81.0347579999999965
11
50.128077999999995
21
-81.0979880000000009
0
LINE
8
BLACK
6
CONTINUOUS
10
50.128077999999995
20
-81.0979880000000009
11
50.1280900000000003
21
-81.0979909999999933
0
LINE
8
BLACK
6
CONTINUOUS
10
50.1280900000000003
20
-81.0979909999999933
11
50.3301879999999997
21
-81.1299999999999955
0
LINE
8
BLACK
6
CONTINUOUS
10
50.3301879999999997
20
-81.1299999999999955
11
50.5348119999999952
21
-81.1299999999999955
0
LINE
8
BLACK
6
CONTINUOUS
10
50.5348119999999952
20
-81.1299999999999955
11
50.7369089999999971
21
-81.0979909999999933
0
LINE
8
BLACK
6
CONTINUOUS
10
50.7369089999999971
20
-81.0979909999999933
11
50.7369209999999953
21
-81.0979880000000009
0
LINE
8
BLACK
6
CONTINUOUS
10
50.7369209999999953
20
-81.0979880000000009
11
50.9315229999999985
21
-81.0347579999999965
0
LINE
8
BLACK
6
CONTINUOUS
10
50.9315229999999985
20
-81.0347579999999965
11
50.9315259999999981
21
-81.034756999999999
0
LINE
8
BLACK
6
CONTINUOUS
10
50.9315259999999981
20
-81.034756999999999
11
51.1138459999999952
21
-80.9418610000000029
0
LINE
8
BLACK
6
CONTINUOUS
10
51.1138459999999952
20
-80.9418610000000029
11
51.158420999999997
21
-80.9094750000000005
0
LINE
8
BLACK
6
CONTINUOUS
10
51.158420999999997
20
-80.9094750000000005
11
51.158420999999997
21
-80.9094729999999913
0
LINE
8
BLACK
6
CONTINUOUS
10
51.158420999999997
20
-80.9094729999999913
11
50.791844999999995
21
-80.5428969999999964
0
LINE
8
BLACK
6
CONTINUOUS
10
50.791844999999995
20
-80.5428969999999964
11
50.6647279999999967
21
-80.5955519999999979
0
LINE
8
BLACK
6
CONTINUOUS
10
54.9247279999999947
20
-80.4755519999999933
11
54.7709139999999977
21
-80.506147999999996
0
LINE
8
BLACK
6
CONTINUOUS
10
54.7709139999999977
20
-80.506147999999996
11
54.6140860000000004
21
-80.506147999999996
0
LINE
8
BLACK
6
CONTINUOUS
10
54.6140860000000004
20
-80.506147999999996
11
54.4602719999999962
21
-80.4755519999999933
0
LINE
8
BLACK
6
CONTINUOUS
10
54.4602719999999962
20
-80.4755519999999933
11
54.4408329999999978
21
-80.4675000000000011
0
LINE
8
BLACK
6
CONTINUOUS
10
54.4408329999999978
20
-80.4675000000000011
11
54.2885519999999957
21
-80.4675000000000011
0
LINE
8
BLACK
6
CONTINUOUS
10
54.2885519999999957
20
-80.4675000000000011
11
53.9665770000000009
21
-80.7894739999999985
0
LINE
8
BLACK
6
CONTINUOUS
10
53.9665770000000009
20
-80.7894739999999985
11
53.9665770000000009
21
-80.7894749999999959
0
LINE
8
BLACK
6
CONTINUOUS
10
53.9665770000000009
20
-80.7894749999999959
11
54.0111509999999981
21
-80.8218600000000009
0
LINE
8
BLACK
6
CONTINUOUS
10
54.0111509999999981
20
-80.8218600000000009
11
54.1934729999999973
21
-80.9147569999999945
0
LINE
8
BLACK
6
CONTINUOUS
10
54.1934729999999973
20
-80.9147569999999945
11
54.1934759999999969
21
-80.914757999999992
0
LINE
8
BLACK
6
CONTINUOUS
10
54.1934759999999969
20
-80.914757999999992
11
54.3880780000000001
21
-80.9779879999999963
0
LINE
8
BLACK
6
CONTINUOUS
10
54.3880780000000001
20
-80.9779879999999963
11
54.3880899999999983
21
-80.9779910000000029
0
LINE
8
BLACK
6
CONTINUOUS
10
54.3880899999999983
20
-80.9779910000000029
11
54.5901879999999977
21
-81.0099999999999909
0
LINE
8
BLACK
6
CONTINUOUS
10
54.5901879999999977
20
-81.0099999999999909
11
54.7948120000000003
21
-81.0099999999999909
0
LINE
8
BLACK
6
CONTINUOUS
10
54.7948120000000003
20
-81.0099999999999909
11
54.9969089999999952
21
-80.9779910000000029
0
LINE
8
BLACK
6
CONTINUOUS
10
54.9969089999999952
20
-80.9779910000000029
11
54.9969210000000004
21
-80.9779879999999963
0
LINE
8
BLACK
6
CONTINUOUS
10
54.9969210000000004
20
-80.9779879999999963
11
55.1915229999999966
21
-80.914757999999992
0
LINE
8
BLACK
6
CONTINUOUS
10
55.1915229999999966
20
-80.914757999999992
11
55.1915259999999961
21
-80.9147569999999945
0
LINE
8
BLACK
6
CONTINUOUS
10
55.1915259999999961
20
-80.9147569999999945
11
55.3738460000000003
21
-80.8218609999999984
0
LINE
8
BLACK
6
CONTINUOUS
10
55.3738460000000003
20
-80.8218609999999984
11
55.418420999999995
21
-80.7894749999999959
0
LINE
8
BLACK
6
CONTINUOUS
10
55.418420999999995
20
-80.7894749999999959
11
55.418420999999995
21
-80.789473000000001
0
LINE
8
BLACK
6
CONTINUOUS
10
55.418420999999995
20
-80.789473000000001
11
55.0518450000000001
21
-80.4228969999999919
0
LINE
8
BLACK
6
CONTINUOUS
10
55.0518450000000001
20
-80.4228969999999919
11
54.9247279999999947
21
-80.4755519999999933
0
LINE
8
BLACK
6
CONTINUOUS
10
43.9422039999999967
20
-80.3974999999999937
11
43.9209320000000005
21
-80.4392479999999921
0
LINE
8
BLACK
6
CONTINUOUS
10
43.9209320000000005
20
-80.4392479999999921
11
43.8891050000000007
21
-80.4830520000000007
0
LINE
8
BLACK
6
CONTINUOUS
10
43.8891050000000007
20
-80.4830520000000007
11
44.2497769999999946
21
-80.8437239999999946
0
LINE
8
BLACK
6
CONTINUOUS
10
44.2497769999999946
20
-80.8437239999999946
11
44.2497769999999946
21
-80.8437229999999971
0
LINE
8
BLACK
6
CONTINUOUS
10
44.2497769999999946
20
-80.8437229999999971
11
44.3123569999999987
21
-80.7621690000000001
0
LINE
8
BLACK
6
CONTINUOUS
10
44.3123569999999987
20
-80.7621690000000001
11
44.3285470000000004
21
-80.7341289999999958
0
LINE
8
BLACK
6
CONTINUOUS
10
44.3285470000000004
20
-80.7341289999999958
11
44.3285470000000004
21
-80.7341279999999983
0
LINE
8
BLACK
6
CONTINUOUS
10
44.3285470000000004
20
-80.7341279999999983
11
44.4303319999999999
21
-80.5578330000000022
0
LINE
8
BLACK
6
CONTINUOUS
10
44.4303319999999999
20
-80.5578330000000022
11
44.4303370000000015
21
-80.5578220000000016
0
LINE
8
BLACK
6
CONTINUOUS
10
44.4303370000000015
20
-80.5578220000000016
11
44.4967439999999996
21
-80.3974999999999937
0
LINE
8
BLACK
6
CONTINUOUS
10
44.4967439999999996
20
-80.3974999999999937
11
43.9422039999999967
21
-80.3974999999999937
0
LINE
8
BLACK
6
CONTINUOUS
10
49.2626309999999989
20
-80.3974999999999937
11
49.3206389999999999
21
-80.5113479999999981
0
LINE
8
BLACK
6
CONTINUOUS
10
49.3206389999999999
20
-80.5113479999999981
11
49.3530239999999978
21
-80.5559209999999979
0
LINE
8
BLACK
6
CONTINUOUS
10
49.3530239999999978
20
-80.5559209999999979
11
49.3530239999999978
21
-80.5559219999999954
0
LINE
8
BLACK
6
CONTINUOUS
10
49.3530239999999978
20
-80.5559219999999954
11
49.5114459999999994
21
-80.3974999999999937
0
LINE
8
BLACK
6
CONTINUOUS
10
49.5114459999999994
20
-80.3974999999999937
11
49.2626309999999989
21
-80.3974999999999937
0
LINE
8
BLACK
6
CONTINUOUS
10
51.4235520000000008
20
-80.4675000000000011
11
51.5119729999999976
21
-80.5559209999999979
0
LINE
8
BLACK
6
CONTINUOUS
10
51.5119729999999976
20
-80.5559209999999979
11
51.5119749999999996
21
-80.5559209999999979
0
LINE
8
BLACK
6
CONTINUOUS
10
51.5119749999999996
20
-80.5559209999999979
11
51.544360999999995
21
-80.5113460000000032
0
LINE
8
BLACK
6
CONTINUOUS
10
51.544360999999995
20
-80.5113460000000032
11
51.5667009999999948
21
-80.4675000000000011
0
LINE
8
BLACK
6
CONTINUOUS
10
51.5667009999999948
20
-80.4675000000000011
11
51.4235520000000008
21
-80.4675000000000011
0
LINE
8
BLACK
6
CONTINUOUS
10
55.6835519999999988
20
-80.3474999999999966
11
55.7719729999999956
21
-80.4359209999999933
0
LINE
8
BLACK
6
CONTINUOUS
10
55.7719729999999956
20
-80.4359209999999933
11
55.7719749999999976
21
-80.4359209999999933
0
LINE
8
BLACK
6
CONTINUOUS
10
55.7719749999999976
20
-80.4359209999999933
11
55.8043610000000001
21
-80.3913459999999986
0
LINE
8
BLACK
6
CONTINUOUS
10
55.8043610000000001
20
-80.3913459999999986
11
55.8267009999999999
21
-80.3474999999999966
0
LINE
8
BLACK
6
CONTINUOUS
10
55.8267009999999999
20
-80.3474999999999966
11
55.6835519999999988
21
-80.3474999999999966
0
LINE
8
BLACK
6
CONTINUOUS
10
51.4235509999999962
20
-79.1924999999999955
11
51.5667019999999994
21
-79.1924999999999955
0
LINE
8
BLACK
6
CONTINUOUS
10
51.5667019999999994
20
-79.1924999999999955
11
51.5443599999999975
21
-79.148651000000001
0
LINE
8
BLACK
6
CONTINUOUS
10
51.5443599999999975
20
-79.148651000000001
11
51.511973999999995
21
-79.1040769999999895
0
LINE
8
BLACK
6
CONTINUOUS
10
51.511973999999995
20
-79.1040769999999895
11
51.4235509999999962
21
-79.1924999999999955
0
LINE
8
BLACK
6
CONTINUOUS
10
53.5806439999999995
20
-79.0286449999999974
11
53.5806359999999984
21
-79.0286569999999955
0
LINE
8
BLACK
6
CONTINUOUS
10
53.5806359999999984
20
-79.0286569999999955
11
53.4971539999999948
21
-79.1924999999999955
0
LINE
8
BLACK
6
CONTINUOUS
10
53.4971539999999948
20
-79.1924999999999955
11
53.8214479999999966
21
-79.1924999999999955
0
LINE
8
BLACK
6
CONTINUOUS
10
53.8214479999999966
20
-79.1924999999999955
11
53.6130239999999958
21
-78.9840760000000017
0
LINE
8
BLACK
6
CONTINUOUS
10
53.6130239999999958
20
-78.9840760000000017
11
53.5806439999999995
21
-79.0286449999999974
0
LINE
8
BLACK
6
CONTINUOUS
10
43.8891050000000007
20
-79.0369460000000004
11
43.9209320000000005
21
-79.0807519999999897
0
LINE
8
BLACK
6
CONTINUOUS
10
43.9209320000000005
20
-79.0807519999999897
11
43.9422039999999967
21
-79.1225000000000023
0
LINE
8
BLACK
6
CONTINUOUS
10
43.9422039999999967
20
-79.1225000000000023
11
44.4967439999999996
21
-79.1225000000000023
0
LINE
8
BLACK
6
CONTINUOUS
10
44.4967439999999996
20
-79.1225000000000023
11
44.4303370000000015
21
-78.962176999999997
0
LINE
8
BLACK
6
CONTINUOUS
10
44.4303370000000015
20
-78.962176999999997
11
44.4303319999999999
21
-78.9621659999999963
0
LINE
8
BLACK
6
CONTINUOUS
10
44.4303319999999999
20
-78.9621659999999963
11
44.4093749999999972
21
-78.9258679999999941
0
LINE
8
BLACK
6
CONTINUOUS
10
44.4093749999999972
20
-78.9258679999999941
11
44.4093739999999997
21
-78.9258659999999992
0
LINE
8
BLACK
6
CONTINUOUS
10
44.4093739999999997
20
-78.9258659999999992
11
44.3123549999999966
21
-78.7578259999999943
0
LINE
8
BLACK
6
CONTINUOUS
10
44.3123549999999966
20
-78.7578259999999943
11
44.3123519999999971
21
-78.7578230000000019
0
LINE
8
BLACK
6
CONTINUOUS
10
44.3123519999999971
20
-78.7578230000000019
11
44.2497779999999992
21
-78.6762749999999897
0
LINE
8
BLACK
6
CONTINUOUS
10
44.2497779999999992
20
-78.6762749999999897
11
44.2497769999999946
21
-78.6762739999999923
0
LINE
8
BLACK
6
CONTINUOUS
10
44.2497769999999946
20
-78.6762739999999923
11
43.8891050000000007
21
-79.0369460000000004
0
LINE
8
BLACK
6
CONTINUOUS
10
49.3396389999999982
20
-79.1225000000000023
11
49.3714480000000009
21
-79.1225000000000023
0
LINE
8
BLACK
6
CONTINUOUS
10
49.3714480000000009
20
-79.1225000000000023
11
49.3530239999999978
21
-79.1040759999999921
0
LINE
8
BLACK
6
CONTINUOUS
10
49.3530239999999978
20
-79.1040759999999921
11
49.3396389999999982
21
-79.1225000000000023
0
LINE
8
BLACK
6
CONTINUOUS
10
50.1280900000000003
20
-78.5620079999999916
11
50.128077999999995
21
-78.5620109999999983
0
LINE
8
BLACK
6
CONTINUOUS
10
50.128077999999995
20
-78.5620109999999983
11
49.9334759999999989
21
-78.6252410000000026
0
LINE
8
BLACK
6
CONTINUOUS
10
49.9334759999999989
20
-78.6252410000000026
11
49.9334729999999993
21
-78.6252420000000001
0
LINE
8
BLACK
6
CONTINUOUS
10
49.9334729999999993
20
-78.6252420000000001
11
49.7511569999999992
21
-78.7181360000000012
0
LINE
8
BLACK
6
CONTINUOUS
10
49.7511569999999992
20
-78.7181360000000012
11
49.7511450000000011
21
-78.7181439999999952
0
LINE
8
BLACK
6
CONTINUOUS
10
49.7511450000000011
20
-78.7181439999999952
11
49.7065759999999983
21
-78.7505239999999986
0
LINE
8
BLACK
6
CONTINUOUS
10
49.7065759999999983
20
-78.7505239999999986
11
50.0731539999999953
21
-79.117100999999991
0
LINE
8
BLACK
6
CONTINUOUS
10
50.0731539999999953
20
-79.117100999999991
11
50.2002719999999982
21
-79.0644479999999987
0
LINE
8
BLACK
6
CONTINUOUS
10
50.2002719999999982
20
-79.0644479999999987
11
50.3540859999999952
21
-79.033851999999996
0
LINE
8
BLACK
6
CONTINUOUS
10
50.3540859999999952
20
-79.033851999999996
11
50.5109139999999996
21
-79.033851999999996
0
LINE
8
BLACK
6
CONTINUOUS
10
50.5109139999999996
20
-79.033851999999996
11
50.6647279999999967
21
-79.0644479999999987
0
LINE
8
BLACK
6
CONTINUOUS
10
50.6647279999999967
20
-79.0644479999999987
11
50.7918439999999975
21
-79.117100999999991
0
LINE
8
BLACK
6
CONTINUOUS
10
50.7918439999999975
20
-79.117100999999991
11
51.1584219999999945
21
-78.7505239999999986
0
LINE
8
BLACK
6
CONTINUOUS
10
51.1584219999999945
20
-78.7505239999999986
11
51.1138479999999973
21
-78.7181389999999936
0
LINE
8
BLACK
6
CONTINUOUS
10
51.1138479999999973
20
-78.7181389999999936
11
50.9315259999999981
21
-78.6252420000000001
0
LINE
8
BLACK
6
CONTINUOUS
10
50.9315259999999981
20
-78.6252420000000001
11
50.9315229999999985
21
-78.6252410000000026
0
LINE
8
BLACK
6
CONTINUOUS
10
50.9315229999999985
20
-78.6252410000000026
11
50.7369209999999953
21
-78.5620109999999983
0
LINE
8
BLACK
6
CONTINUOUS
10
50.7369209999999953
20
-78.5620109999999983
11
50.7369089999999971
21
-78.5620079999999916
0
LINE
8
BLACK
6
CONTINUOUS
10
50.7369089999999971
20
-78.5620079999999916
11
50.5348119999999952
21
-78.5300000000000011
0
LINE
8
BLACK
6
CONTINUOUS
10
50.5348119999999952
20
-78.5300000000000011
11
50.3301879999999997
21
-78.5300000000000011
0
LINE
8
BLACK
6
CONTINUOUS
10
50.3301879999999997
20
-78.5300000000000011
11
50.1280900000000003
21
-78.5620079999999916
0
LINE
8
BLACK
6
CONTINUOUS
10
55.6835509999999942
20
-79.0724999999999909
11
55.8267019999999974
21
-79.0724999999999909
0
LINE
8
BLACK
6
CONTINUOUS
10
55.8267019999999974
20
-79.0724999999999909
11
55.8043599999999955
21
-79.0286509999999964
0
LINE
8
BLACK
6
CONTINUOUS
10
55.8043599999999955
20
-79.0286509999999964
11
55.7719740000000002
21
-78.9840769999999992
0
LINE
8
BLACK
6
CONTINUOUS
10
55.7719740000000002
20
-78.9840769999999992
11
55.6835509999999942
21
-79.0724999999999909
0
LINE
8
BLACK
6
CONTINUOUS
10
54.3880899999999983
20
-78.4420080000000013
11
54.3880780000000001
21
-78.4420109999999937
0
LINE
8
BLACK
6
CONTINUOUS
10
54.3880780000000001
20
-78.4420109999999937
11
54.1934759999999969
21
-78.5052409999999981
0
LINE
8
BLACK
6
CONTINUOUS
10
54.1934759999999969
20
-78.5052409999999981
11
54.1934729999999973
21
-78.5052419999999955
0
LINE
8
BLACK
6
CONTINUOUS
10
54.1934729999999973
20
-78.5052419999999955
11
54.0111569999999972
21
-78.5981359999999967
0
LINE
8
BLACK
6
CONTINUOUS
10
54.0111569999999972
20
-78.5981359999999967
11
54.0111449999999991
21
-78.5981439999999907
0
LINE
8
BLACK
6
CONTINUOUS
10
54.0111449999999991
20
-78.5981439999999907
11
53.9665759999999963
21
-78.6305239999999941
0
LINE
8
BLACK
6
CONTINUOUS
10
53.9665759999999963
20
-78.6305239999999941
11
54.3331540000000004
21
-78.9971010000000007
0
LINE
8
BLACK
6
CONTINUOUS
10
54.3331540000000004
20
-78.9971010000000007
11
54.4602719999999962
21
-78.9444479999999942
0
LINE
8
BLACK
6
CONTINUOUS
10
54.4602719999999962
20
-78.9444479999999942
11
54.6140860000000004
21
-78.9138519999999914
0
LINE
8
BLACK
6
CONTINUOUS
10
54.6140860000000004
20
-78.9138519999999914
11
54.7709139999999977
21
-78.9138519999999914
0
LINE
8
BLACK
6
CONTINUOUS
10
54.7709139999999977
20
-78.9138519999999914
11
54.9247279999999947
21
-78.9444479999999942
0
LINE
8
BLACK
6
CONTINUOUS
10
54.9247279999999947
20
-78.9444479999999942
11
55.0518439999999956
21
-78.9971010000000007
0
LINE
8
BLACK
6
CONTINUOUS
10
55.0518439999999956
20
-78.9971010000000007
11
55.4184219999999996
21
-78.6305239999999941
0
LINE
8
BLACK
6
CONTINUOUS
10
55.4184219999999996
20
-78.6305239999999941
11
55.3738479999999953
21
-78.5981390000000033
0
LINE
8
BLACK
6
CONTINUOUS
10
55.3738479999999953
20
-78.5981390000000033
11
55.1915259999999961
21
-78.5052419999999955
0
LINE
8
BLACK
6
CONTINUOUS
10
55.1915259999999961
20
-78.5052419999999955
11
55.1915229999999966
21
-78.5052409999999981
0
LINE
8
BLACK
6
CONTINUOUS
10
55.1915229999999966
20
-78.5052409999999981
11
54.9969210000000004
21
-78.4420109999999937
0
LINE
8
BLACK
6
CONTINUOUS
10
54.9969210000000004
20
-78.4420109999999937
11
54.9969089999999952
21
-78.4420080000000013
0
LINE
8
BLACK
6
CONTINUOUS
10
54.9969089999999952
20
-78.4420080000000013
11
54.7948120000000003
21
-78.4099999999999966
0
LINE
8
BLACK
6
CONTINUOUS
10
54.7948120000000003
20
-78.4099999999999966
11
54.5901879999999977
21
-78.4099999999999966
0
LINE
8
BLACK
6
CONTINUOUS
10
54.5901879999999977
20
-78.4099999999999966
11
54.3880899999999983
21
-78.4420080000000013
0
LINE
8
BLACK
6
CONTINUOUS
10
42.4605899999999963
20
-77.9907970000000006
11
42.4605809999999977
21
-77.9907989999999955
0
LINE
8
BLACK
6
CONTINUOUS
10
42.4605809999999977
20
-77.9907989999999955
11
42.2326709999999963
21
-78.0518679999999989
0
LINE
8
BLACK
6
CONTINUOUS
10
42.2326709999999963
20
-78.0518679999999989
11
42.2326589999999982
21
-78.051872000000003
0
LINE
8
BLACK
6
CONTINUOUS
10
42.2326589999999982
20
-78.051872000000003
11
42.0146769999999989
21
-78.142161999999999
0
LINE
8
BLACK
6
CONTINUOUS
10
42.0146769999999989
20
-78.142161999999999
11
42.0146659999999983
21
-78.1421670000000006
0
LINE
8
BLACK
6
CONTINUOUS
10
42.0146659999999983
20
-78.1421670000000006
11
41.8103270000000009
21
-78.2601429999999993
0
LINE
8
BLACK
6
CONTINUOUS
10
41.8103270000000009
20
-78.2601429999999993
11
41.7287749999999988
21
-78.3227199999999897
0
LINE
8
BLACK
6
CONTINUOUS
10
41.7287749999999988
20
-78.3227199999999897
11
41.7287749999999988
21
-78.3227210000000014
0
LINE
8
BLACK
6
CONTINUOUS
10
41.7287749999999988
20
-78.3227210000000014
11
42.0894469999999998
21
-78.6833929999999953
0
LINE
8
BLACK
6
CONTINUOUS
10
42.0894469999999998
20
-78.6833929999999953
11
42.1332519999999988
21
-78.6515679999999975
0
LINE
8
BLACK
6
CONTINUOUS
10
42.1332519999999988
20
-78.6515679999999975
11
42.3150119999999959
21
-78.5589569999999924
0
LINE
8
BLACK
6
CONTINUOUS
10
42.3150119999999959
20
-78.5589569999999924
11
42.5090209999999971
21
-78.4959190000000007
0
LINE
8
BLACK
6
CONTINUOUS
10
42.5090209999999971
20
-78.4959190000000007
11
42.7105029999999957
21
-78.4640069999999952
0
LINE
8
BLACK
6
CONTINUOUS
10
42.7105029999999957
20
-78.4640069999999952
11
42.9144969999999972
21
-78.4640069999999952
0
LINE
8
BLACK
6
CONTINUOUS
10
42.9144969999999972
20
-78.4640069999999952
11
43.1159789999999958
21
-78.4959190000000007
0
LINE
8
BLACK
6
CONTINUOUS
10
43.1159789999999958
20
-78.4959190000000007
11
43.309987999999997
21
-78.5589569999999924
0
LINE
8
BLACK
6
CONTINUOUS
10
43.309987999999997
20
-78.5589569999999924
11
43.4917480000000012
21
-78.6515679999999975
0
LINE
8
BLACK
6
CONTINUOUS
10
43.4917480000000012
20
-78.6515679999999975
11
43.5355519999999956
21
-78.6833929999999953
0
LINE
8
BLACK
6
CONTINUOUS
10
43.5355519999999956
20
-78.6833929999999953
11
43.8962239999999966
21
-78.3227210000000014
0
LINE
8
BLACK
6
CONTINUOUS
10
43.8962239999999966
20
-78.3227210000000014
11
43.814668999999995
21
-78.2601420000000019
0
LINE
8
BLACK
6
CONTINUOUS
10
43.814668999999995
20
-78.2601420000000019
11
43.6103370000000012
21
-78.142169999999993
0
LINE
8
BLACK
6
CONTINUOUS
10
43.6103370000000012
20
-78.142169999999993
11
43.6103219999999965
21
-78.142161999999999
0
LINE
8
BLACK
6
CONTINUOUS
10
43.6103219999999965
20
-78.142161999999999
11
43.3923399999999972
21
-78.051872000000003
0
LINE
8
BLACK
6
CONTINUOUS
10
43.3923399999999972
20
-78.051872000000003
11
43.3923279999999991
21
-78.0518679999999989
0
LINE
8
BLACK
6
CONTINUOUS
10
43.3923279999999991
20
-78.0518679999999989
11
43.1644179999999977
21
-77.9907989999999955
0
LINE
8
BLACK
6
CONTINUOUS
10
43.1644179999999977
20
-77.9907989999999955
11
43.1644089999999991
21
-77.9907970000000006
0
LINE
8
BLACK
6
CONTINUOUS
10
43.1644089999999991
20
-77.9907970000000006
11
42.9304849999999973
21
-77.9599999999999937
0
LINE
8
BLACK
6
CONTINUOUS
10
42.9304849999999973
20
-77.9599999999999937
11
42.6945139999999981
21
-77.9599999999999937
0
LINE
8
BLACK
6
CONTINUOUS
10
42.6945139999999981
20
-77.9599999999999937
11
42.4605899999999963
21
-77.9907970000000006
0
LINE
8
BLACK
6
CONTINUOUS
10
79.4700009999999963
20
-75.9399999999999977
11
79.4700009999999963
21
-76.7899829999999923
0
LINE
8
BLACK
6
CONTINUOUS
10
79.4700009999999963
20
-76.7899829999999923
11
79.4804929999999956
21
-76.8926950000000033
0
LINE
8
BLACK
6
CONTINUOUS
10
79.4804929999999956
20
-76.8926950000000033
11
79.4804929999999956
21
-76.8926960000000008
0
LINE
8
BLACK
6
CONTINUOUS
10
79.4804929999999956
20
-76.8926960000000008
11
79.5356409999999983
21
-77.059119999999993
0
LINE
8
BLACK
6
CONTINUOUS
10
79.5356409999999983
20
-77.059119999999993
11
79.627681999999993
21
-77.2083420000000018
0
LINE
8
BLACK
6
CONTINUOUS
10
79.627681999999993
20
-77.2083420000000018
11
79.6276849999999996
21
-77.2083459999999917
0
LINE
8
BLACK
6
CONTINUOUS
10
79.6276849999999996
20
-77.2083459999999917
11
79.7516529999999904
21
-77.3323139999999967
0
LINE
8
BLACK
6
CONTINUOUS
10
79.7516529999999904
20
-77.3323139999999967
11
79.7516569999999945
21
-77.3323170000000033
0
LINE
8
BLACK
6
CONTINUOUS
10
79.7516569999999945
20
-77.3323170000000033
11
79.9008779999999916
21
-77.4243570000000005
0
LINE
8
BLACK
6
CONTINUOUS
10
79.9008779999999916
20
-77.4243570000000005
11
80.0672989999999913
21
-77.4795039999999915
0
LINE
8
BLACK
6
CONTINUOUS
10
80.0672989999999913
20
-77.4795039999999915
11
80.1700289999999995
21
-77.4899989999999974
0
LINE
8
BLACK
6
CONTINUOUS
10
80.1700289999999995
20
-77.4899989999999974
11
81.0199989999999985
21
-77.4899989999999974
0
LINE
8
BLACK
6
CONTINUOUS
10
81.0199989999999985
20
-77.4899989999999974
11
81.019999999999996
21
-77.4899979999999999
0
LINE
8
BLACK
6
CONTINUOUS
10
81.019999999999996
20
-77.4899979999999999
11
81.019999999999996
21
-76.9899999999999949
0
LINE
8
BLACK
6
CONTINUOUS
10
81.019999999999996
20
-76.9899999999999949
11
80.2199999999999989
21
-76.9899999999999949
0
LINE
8
BLACK
6
CONTINUOUS
10
80.2199999999999989
20
-76.9899999999999949
11
80.124329000000003
21
-76.9709699999999941
0
LINE
8
BLACK
6
CONTINUOUS
10
80.124329000000003
20
-76.9709699999999941
11
80.0432229999999976
21
-76.9167769999999962
0
LINE
8
BLACK
6
CONTINUOUS
10
80.0432229999999976
20
-76.9167769999999962
11
79.9890299999999996
21
-76.8356709999999907
0
LINE
8
BLACK
6
CONTINUOUS
10
79.9890299999999996
20
-76.8356709999999907
11
79.9699999999999989
21
-76.7399999999999949
0
LINE
8
BLACK
6
CONTINUOUS
10
79.9699999999999989
20
-76.7399999999999949
11
79.9699999999999989
21
-75.9399999999999977
0
LINE
8
BLACK
6
CONTINUOUS
10
79.9699999999999989
20
-75.9399999999999977
11
79.4700009999999963
21
-75.9399999999999977
0
LINE
8
BLACK
6
CONTINUOUS
10
82.5699999999999932
20
-76.3275000000000006
11
82.5699999999999932
21
-76.7399999999999949
0
LINE
8
BLACK
6
CONTINUOUS
10
82.5699999999999932
20
-76.7399999999999949
11
82.5509699999999924
21
-76.8356709999999907
0
LINE
8
BLACK
6
CONTINUOUS
10
82.5509699999999924
20
-76.8356709999999907
11
82.4967769999999945
21
-76.9167769999999962
0
LINE
8
BLACK
6
CONTINUOUS
10
82.4967769999999945
20
-76.9167769999999962
11
82.4156710000000032
21
-76.9709699999999941
0
LINE
8
BLACK
6
CONTINUOUS
10
82.4156710000000032
20
-76.9709699999999941
11
82.3199999999999932
21
-76.9899999999999949
0
LINE
8
BLACK
6
CONTINUOUS
10
82.3199999999999932
20
-76.9899999999999949
11
81.519999999999996
21
-76.9899999999999949
0
LINE
8
BLACK
6
CONTINUOUS
10
81.519999999999996
20
-76.9899999999999949
11
81.519999999999996
21
-77.4899989999999974
0
LINE
8
BLACK
6
CONTINUOUS
10
81.519999999999996
20
-77.4899989999999974
11
82.3699769999999916
21
-77.4899989999999974
0
LINE
8
BLACK
6
CONTINUOUS
10
82.3699769999999916
20
-77.4899989999999974
11
82.3699829999999906
21
-77.4899979999999999
0
LINE
8
BLACK
6
CONTINUOUS
10
82.3699829999999906
20
-77.4899979999999999
11
82.4726950000000016
21
-77.4795060000000007
0
LINE
8
BLACK
6
CONTINUOUS
10
82.4726950000000016
20
-77.4795060000000007
11
82.4726959999999991
21
-77.4795060000000007
0
LINE
8
BLACK
6
CONTINUOUS
10
82.4726959999999991
20
-77.4795060000000007
11
82.6391199999999913
21
-77.424357999999998
0
LINE
8
BLACK
6
CONTINUOUS
10
82.6391199999999913
20
-77.424357999999998
11
82.7883420000000001
21
-77.3323170000000033
0
LINE
8
BLACK
6
CONTINUOUS
10
82.7883420000000001
20
-77.3323170000000033
11
82.78834599999999
21
-77.3323139999999967
0
LINE
8
BLACK
6
CONTINUOUS
10
82.78834599999999
20
-77.3323139999999967
11
82.912313999999995
21
-77.2083459999999917
0
LINE
8
BLACK
6
CONTINUOUS
10
82.912313999999995
20
-77.2083459999999917
11
82.9123170000000016
21
-77.2083420000000018
0
LINE
8
BLACK
6
CONTINUOUS
10
82.9123170000000016
20
-77.2083420000000018
11
83.0043569999999988
21
-77.0591209999999904
0
LINE
8
BLACK
6
CONTINUOUS
10
83.0043569999999988
20
-77.0591209999999904
11
83.0595039999999898
21
-76.8926999999999907
0
LINE
8
BLACK
6
CONTINUOUS
10
83.0595039999999898
20
-76.8926999999999907
11
83.0699999999999932
21
-76.7899699999999967
0
LINE
8
BLACK
6
CONTINUOUS
10
83.0699999999999932
20
-76.7899699999999967
11
83.0699999999999932
21
-76.3275000000000006
0
LINE
8
BLACK
6
CONTINUOUS
10
83.0699999999999932
20
-76.3275000000000006
11
82.5699999999999932
21
-76.3275000000000006
0
LINE
8
BLACK
6
CONTINUOUS
10
81.519999999999996
20
-74.3900000000000006
11
82.3199999999999932
21
-74.3900000000000006
0
LINE
8
BLACK
6
CONTINUOUS
10
82.3199999999999932
20
-74.3900000000000006
11
82.4156710000000032
21
-74.4090300000000013
0
LINE
8
BLACK
6
CONTINUOUS
10
82.4156710000000032
20
-74.4090300000000013
11
82.4967769999999945
21
-74.4632229999999993
0
LINE
8
BLACK
6
CONTINUOUS
10
82.4967769999999945
20
-74.4632229999999993
11
82.5509699999999924
21
-74.5443289999999905
0
LINE
8
BLACK
6
CONTINUOUS
10
82.5509699999999924
20
-74.5443289999999905
11
82.5699999999999932
21
-74.6400000000000006
0
LINE
8
BLACK
6
CONTINUOUS
10
82.5699999999999932
20
-74.6400000000000006
11
82.5699999999999932
21
-75.0524999999999949
0
LINE
8
BLACK
6
CONTINUOUS
10
82.5699999999999932
20
-75.0524999999999949
11
83.0699989999999957
21
-75.0524999999999949
0
LINE
8
BLACK
6
CONTINUOUS
10
83.0699989999999957
20
-75.0524999999999949
11
83.0699989999999957
21
-74.5900219999999905
0
LINE
8
BLACK
6
CONTINUOUS
10
83.0699989999999957
20
-74.5900219999999905
11
83.0699979999999982
21
-74.5900159999999914
0
LINE
8
BLACK
6
CONTINUOUS
10
83.0699979999999982
20
-74.5900159999999914
11
83.0595059999999989
21
-74.4873039999999946
0
LINE
8
BLACK
6
CONTINUOUS
10
83.0595059999999989
20
-74.4873039999999946
11
83.0595059999999989
21
-74.4873029999999972
0
LINE
8
BLACK
6
CONTINUOUS
10
83.0595059999999989
20
-74.4873029999999972
11
83.0043579999999963
21
-74.3208789999999908
0
LINE
8
BLACK
6
CONTINUOUS
10
83.0043579999999963
20
-74.3208789999999908
11
82.9123170000000016
21
-74.1716569999999962
0
LINE
8
BLACK
6
CONTINUOUS
10
82.9123170000000016
20
-74.1716569999999962
11
82.912313999999995
21
-74.1716529999999921
0
LINE
8
BLACK
6
CONTINUOUS
10
82.912313999999995
20
-74.1716529999999921
11
82.78834599999999
21
-74.0476850000000013
0
LINE
8
BLACK
6
CONTINUOUS
10
82.78834599999999
20
-74.0476850000000013
11
82.7883420000000001
21
-74.0476819999999947
0
LINE
8
BLACK
6
CONTINUOUS
10
82.7883420000000001
20
-74.0476819999999947
11
82.6391210000000029
21
-73.9556419999999974
0
LINE
8
BLACK
6
CONTINUOUS
10
82.6391210000000029
20
-73.9556419999999974
11
82.4727000000000032
21
-73.9004949999999923
0
LINE
8
BLACK
6
CONTINUOUS
10
82.4727000000000032
20
-73.9004949999999923
11
82.369969999999995
21
-73.8900000000000006
0
LINE
8
BLACK
6
CONTINUOUS
10
82.369969999999995
20
-73.8900000000000006
11
81.519999999999996
21
-73.8900000000000006
0
LINE
8
BLACK
6
CONTINUOUS
10
81.519999999999996
20
-73.8900000000000006
11
81.519999999999996
21
-74.3900000000000006
0
LINE
8
BLACK
6
CONTINUOUS
10
90.1574999999999989
20
-99.0079849999999908
11
90.1882969999999915
21
-99.2419089999999926
0
LINE
8
BLACK
6
CONTINUOUS
10
90.1882969999999915
20
-99.2419089999999926
11
90.1882990000000007
21
-99.2419179999999983
0
LINE
8
BLACK
6
CONTINUOUS
10
90.1882990000000007
20
-99.2419179999999983
11
90.2493679999999898
21
-99.4698279999999926
0
LINE
8
BLACK
6
CONTINUOUS
10
90.2493679999999898
20
-99.4698279999999926
11
90.2493719999999939
21
-99.4698399999999907
0
LINE
8
BLACK
6
CONTINUOUS
10
90.2493719999999939
20
-99.4698399999999907
11
90.3396619999999899
21
-99.687821999999997
0
LINE
8
BLACK
6
CONTINUOUS
10
90.3396619999999899
20
-99.687821999999997
11
90.3396699999999981
21
-99.6878370000000018
0
LINE
8
BLACK
6
CONTINUOUS
10
90.3396699999999981
20
-99.6878370000000018
11
90.4576419999999928
21
-99.8921689999999955
0
LINE
8
BLACK
6
CONTINUOUS
10
90.4576419999999928
20
-99.8921689999999955
11
90.5202209999999923
21
-99.9737229999999926
0
LINE
8
BLACK
6
CONTINUOUS
10
90.5202209999999923
20
-99.9737229999999926
11
90.8808920000000029
21
-99.6130509999999987
0
LINE
8
BLACK
6
CONTINUOUS
10
90.8808920000000029
20
-99.6130509999999987
11
90.8490680000000026
21
-99.5692480000000018
0
LINE
8
BLACK
6
CONTINUOUS
10
90.8490680000000026
20
-99.5692480000000018
11
90.7564569999999975
21
-99.3874879999999905
0
LINE
8
BLACK
6
CONTINUOUS
10
90.7564569999999975
20
-99.3874879999999905
11
90.6934189999999916
21
-99.1934789999999964
0
LINE
8
BLACK
6
CONTINUOUS
10
90.6934189999999916
20
-99.1934789999999964
11
90.6615070000000003
21
-98.9919969999999978
0
LINE
8
BLACK
6
CONTINUOUS
10
90.6615070000000003
20
-98.9919969999999978
11
90.6615070000000003
21
-98.7880029999999891
0
LINE
8
BLACK
6
CONTINUOUS
10
90.6615070000000003
20
-98.7880029999999891
11
90.6934189999999916
21
-98.5865209999999905
0
LINE
8
BLACK
6
CONTINUOUS
10
90.6934189999999916
20
-98.5865209999999905
11
90.7564569999999975
21
-98.3925119999999964
0
LINE
8
BLACK
6
CONTINUOUS
10
90.7564569999999975
20
-98.3925119999999964
11
90.8490680000000026
21
-98.2107519999999994
0
LINE
8
BLACK
6
CONTINUOUS
10
90.8490680000000026
20
-98.2107519999999994
11
90.8808930000000004
21
-98.1669469999999933
0
LINE
8
BLACK
6
CONTINUOUS
10
90.8808930000000004
20
-98.1669469999999933
11
90.5202209999999923
21
-97.8062749999999994
0
LINE
8
BLACK
6
CONTINUOUS
10
90.5202209999999923
20
-97.8062749999999994
11
90.5202199999999948
21
-97.8062749999999994
0
LINE
8
BLACK
6
CONTINUOUS
10
90.5202199999999948
20
-97.8062749999999994
11
90.4576429999999903
21
-97.8878270000000015
0
LINE
8
BLACK
6
CONTINUOUS
10
90.4576429999999903
20
-97.8878270000000015
11
90.3396669999999915
21
-98.0921659999999918
0
LINE
8
BLACK
6
CONTINUOUS
10
90.3396669999999915
20
-98.0921659999999918
11
90.3396619999999899
21
-98.0921769999999924
0
LINE
8
BLACK
6
CONTINUOUS
10
90.3396619999999899
20
-98.0921769999999924
11
90.2493719999999939
21
-98.3101589999999987
0
LINE
8
BLACK
6
CONTINUOUS
10
90.2493719999999939
20
-98.3101589999999987
11
90.2493679999999898
21
-98.3101709999999969
0
LINE
8
BLACK
6
CONTINUOUS
10
90.2493679999999898
20
-98.3101709999999969
11
90.1882990000000007
21
-98.5380809999999911
0
LINE
8
BLACK
6
CONTINUOUS
10
90.1882990000000007
20
-98.5380809999999911
11
90.1882969999999915
21
-98.5380899999999968
0
LINE
8
BLACK
6
CONTINUOUS
10
90.1882969999999915
20
-98.5380899999999968
11
90.1574999999999989
21
-98.7720139999999986
0
LINE
8
BLACK
6
CONTINUOUS
10
90.1574999999999989
20
-98.7720139999999986
11
90.1574999999999989
21
-99.0079849999999908
0
LINE
8
BLACK
6
CONTINUOUS
10
41.0124999999999957
20
-79.8779849999999954
11
41.0432969999999955
21
-80.1119089999999971
0
LINE
8
BLACK
6
CONTINUOUS
10
41.0432969999999955
20
-80.1119089999999971
11
41.0432989999999975
21
-80.1119180000000028
0
LINE
8
BLACK
6
CONTINUOUS
10
41.0432989999999975
20
-80.1119180000000028
11
41.1043680000000009
21
-80.3398279999999971
0
LINE
8
BLACK
6
CONTINUOUS
10
41.1043680000000009
20
-80.3398279999999971
11
41.1043719999999979
21
-80.3398399999999953
0
LINE
8
BLACK
6
CONTINUOUS
10
41.1043719999999979
20
-80.3398399999999953
11
41.194662000000001
21
-80.5578220000000016
0
LINE
8
BLACK
6
CONTINUOUS
10
41.194662000000001
20
-80.5578220000000016
11
41.194669999999995
21
-80.5578369999999921
0
LINE
8
BLACK
6
CONTINUOUS
10
41.194669999999995
20
-80.5578369999999921
11
41.3126419999999968
21
-80.7621690000000001
0
LINE
8
BLACK
6
CONTINUOUS
10
41.3126419999999968
20
-80.7621690000000001
11
41.3752209999999963
21
-80.8437229999999971
0
LINE
8
BLACK
6
CONTINUOUS
10
41.3752209999999963
20
-80.8437229999999971
11
41.7358919999999998
21
-80.4830510000000032
0
LINE
8
BLACK
6
CONTINUOUS
10
41.7358919999999998
20
-80.4830510000000032
11
41.7040679999999995
21
-80.4392479999999921
0
LINE
8
BLACK
6
CONTINUOUS
10
41.7040679999999995
20
-80.4392479999999921
11
41.6114570000000015
21
-80.2574879999999951
0
LINE
8
BLACK
6
CONTINUOUS
10
41.6114570000000015
20
-80.2574879999999951
11
41.5484189999999955
21
-80.063479000000001
0
LINE
8
BLACK
6
CONTINUOUS
10
41.5484189999999955
20
-80.063479000000001
11
41.5165069999999972
21
-79.8619970000000023
0
LINE
8
BLACK
6
CONTINUOUS
10
41.5165069999999972
20
-79.8619970000000023
11
41.5165069999999972
21
-79.6580029999999937
0
LINE
8
BLACK
6
CONTINUOUS
10
41.5165069999999972
20
-79.6580029999999937
11
41.5484189999999955
21
-79.4565209999999951
0
LINE
8
BLACK
6
CONTINUOUS
10
41.5484189999999955
20
-79.4565209999999951
11
41.6114570000000015
21
-79.262512000000001
0
LINE
8
BLACK
6
CONTINUOUS
10
41.6114570000000015
20
-79.262512000000001
11
41.7040679999999995
21
-79.0807519999999897
0
LINE
8
BLACK
6
CONTINUOUS
10
41.7040679999999995
20
-79.0807519999999897
11
41.7358929999999972
21
-79.0369469999999978
0
LINE
8
BLACK
6
CONTINUOUS
10
41.7358929999999972
20
-79.0369469999999978
11
41.3752209999999963
21
-78.6762749999999897
0
LINE
8
BLACK
6
CONTINUOUS
10
41.3752209999999963
20
-78.6762749999999897
11
41.3752199999999988
21
-78.6762749999999897
0
LINE
8
BLACK
6
CONTINUOUS
10
41.3752199999999988
20
-78.6762749999999897
11
41.3126430000000013
21
-78.7578269999999918
0
LINE
8
BLACK
6
CONTINUOUS
10
41.3126430000000013
20
-78.7578269999999918
11
41.1946669999999955
21
-78.9621659999999963
0
LINE
8
BLACK
6
CONTINUOUS
10
41.1946669999999955
20
-78.9621659999999963
11
41.194662000000001
21
-78.962176999999997
0
LINE
8
BLACK
6
CONTINUOUS
10
41.194662000000001
20
-78.962176999999997
11
41.1043719999999979
21
-79.1801590000000033
0
LINE
8
BLACK
6
CONTINUOUS
10
41.1043719999999979
20
-79.1801590000000033
11
41.1043680000000009
21
-79.1801710000000014
0
LINE
8
BLACK
6
CONTINUOUS
10
41.1043680000000009
20
-79.1801710000000014
11
41.0432989999999975
21
-79.4080809999999957
0
LINE
8
BLACK
6
CONTINUOUS
10
41.0432989999999975
20
-79.4080809999999957
11
41.0432969999999955
21
-79.4080900000000014
0
LINE
8
BLACK
6
CONTINUOUS
10
41.0432969999999955
20
-79.4080900000000014
11
41.0124999999999957
21
-79.6420140000000032
0
LINE
8
BLACK
6
CONTINUOUS
10
41.0124999999999957
20
-79.6420140000000032
11
41.0124999999999957
21
-79.8779849999999954
0
LINE
8
BLACK
6
CONTINUOUS
10
79.4699999999999989
20
-75.4399999999999977
11
79.9699999999999989
21
-75.4399999999999977
0
LINE
8
BLACK
6
CONTINUOUS
10
79.9699999999999989
20
-75.4399999999999977
11
79.9699999999999989
21
-74.6400000000000006
0
LINE
8
BLACK
6
CONTINUOUS
10
79.9699999999999989
20
-74.6400000000000006
11
79.9890299999999996
21
-74.5443289999999905
0
LINE
8
BLACK
6
CONTINUOUS
10
79.9890299999999996
20
-74.5443289999999905
11
80.0432229999999976
21
-74.4632229999999993
0
LINE
8
BLACK
6
CONTINUOUS
10
80.0432229999999976
20
-74.4632229999999993
11
80.124329000000003
21
-74.4090300000000013
0
LINE
8
BLACK
6
CONTINUOUS
10
80.124329000000003
20
-74.4090300000000013
11
80.2199999999999989
21
-74.3900000000000006
0
LINE
8
BLACK
6
CONTINUOUS
10
80.2199999999999989
20
-74.3900000000000006
11
81.019999999999996
21
-74.3900000000000006
0
LINE
8
BLACK
6
CONTINUOUS
10
81.019999999999996
20
-74.3900000000000006
11
81.019999999999996
21
-73.8900000000000006
0
LINE
8
BLACK
6
CONTINUOUS
10
81.019999999999996
20
-73.8900000000000006
11
80.170022000000003
21
-73.8900000000000006
0
LINE
8
BLACK
6
CONTINUOUS
10
80.170022000000003
20
-73.8900000000000006
11
80.1700159999999897
21
-73.890000999999998
0
LINE
8
BLACK
6
CONTINUOUS
10
80.1700159999999897
20
-73.890000999999998
11
80.0673039999999929
21
-73.9004929999999973
0
LINE
8
BLACK
6
CONTINUOUS
10
80.0673039999999929
20
-73.9004929999999973
11
80.0673029999999954
21
-73.9004929999999973
0
LINE
8
BLACK
6
CONTINUOUS
10
80.0673029999999954
20
-73.9004929999999973
11
79.9008790000000033
21
-73.955641
0
LINE
8
BLACK
6
CONTINUOUS
10
79.9008790000000033
20
-73.955641
11
79.7516569999999945
21
-74.0476819999999947
0
LINE
8
BLACK
6
CONTINUOUS
10
79.7516569999999945
20
-74.0476819999999947
11
79.7516529999999904
21
-74.0476850000000013
0
LINE
8
BLACK
6
CONTINUOUS
10
79.7516529999999904
20
-74.0476850000000013
11
79.6276849999999996
21
-74.1716529999999921
0
LINE
8
BLACK
6
CONTINUOUS
10
79.6276849999999996
20
-74.1716529999999921
11
79.627681999999993
21
-74.1716569999999962
0
LINE
8
BLACK
6
CONTINUOUS
10
79.627681999999993
20
-74.1716569999999962
11
79.5356419999999957
21
-74.3208779999999933
0
LINE
8
BLACK
6
CONTINUOUS
10
79.5356419999999957
20
-74.3208779999999933
11
79.4804949999999906
21
-74.487298999999993
0
LINE
8
BLACK
6
CONTINUOUS
10
79.4804949999999906
20
-74.487298999999993
11
79.4699999999999989
21
-74.5900290000000012
0
LINE
8
BLACK
6
CONTINUOUS
10
79.4699999999999989
20
-74.5900290000000012
11
79.4699999999999989
21
-75.4399999999999977
0
CIRCLE
8
BLACK
10
50.4324999999999974
20
-84.8299999999999983
40
0.4
0
CIRCLE
8
BLACK
10
50.4324999999999974
20
-79.8299999999999983
40
0.4
0
CIRCLE
8
BLACK
10
54.6924999999999955
20
-74.7099999999999937
40
0.4
0
CIRCLE
8
BLACK
10
54.6924999999999955
20
-79.7099999999999937
40
0.4
0
CIRCLE
8
BLACK
10
42.8125
20
-84.7599999999999909
40
0.65
0
CIRCLE
8
BLACK
10
42.8125
20
-79.7599999999999909
40
0.65
0
CIRCLE
8
BLACK
10
42.8125
20
-74.7599999999999909
40
0.65
0
CIRCLE
8
BLACK
10
39.4899999999999949
20
-144.5900000000000034
40
1.25
0
CIRCLE
8
BLACK
10
84.0799999999999983
20
-113.2999999999999972
40
0.4
0
CIRCLE
8
BLACK
10
76.4599999999999937
20
-113.2999999999999972
40
0.4
0
CIRCLE
8
BLACK
10
74.1499999999999915
20
-143.9599999999999795
40
0.4
0
CIRCLE
8
BLACK
10
76.6899999999999977
20
-143.9599999999999795
40
0.4
0
CIRCLE
8
BLACK
10
79.2299999999999898
20
-143.9599999999999795
40
0.4
0
CIRCLE
8
BLACK
10
91.957499999999996
20
-103.8900000000000006
40
0.65
0
CIRCLE
8
BLACK
10
91.957499999999996
20
-98.8900000000000006
40
0.65
0
CIRCLE
8
BLACK
10
92.3100000000000023
20
-120.3499999999999943
40
0.4
0
CIRCLE
8
BLACK
10
92.3100000000000023
20
-122.8900000000000006
40
0.4
0
CIRCLE
8
BLACK
10
92.3100000000000023
20
-125.4299999999999926
40
0.4
0
CIRCLE
8
BLACK
10
94.4899999999999949
20
-72.7199999999999989
40
1.25
0
CIRCLE
8
BLACK
10
81.539999999999992
20
-122.9299999999999926
40
0.5
0
CIRCLE
8
BLACK
10
78.0099999999999909
20
-135.9000000000000057
40
0.4
0
CIRCLE
8
BLACK
10
78.0099999999999909
20
-133.3599999999999852
40
0.4
0
CIRCLE
8
BLACK
10
78.0099999999999909
20
-130.8199999999999932
40
0.4
0
CIRCLE
8
BLACK
10
78.0099999999999909
20
-128.2800000000000011
40
0.4
0
CIRCLE
8
BLACK
10
70.3900000000000006
20
-128.2800000000000011
40
0.4
0
CIRCLE
8
BLACK
10
70.3900000000000006
20
-130.8199999999999932
40
0.4
0
CIRCLE
8
BLACK
10
70.3900000000000006
20
-133.3599999999999852
40
0.4
0
CIRCLE
8
BLACK
10
70.3900000000000006
20
-135.9000000000000057
40
0.4
0
CIRCLE
8
BLACK
10
56.0999999999999943
20
-93.2999999999999972
40
0.4
0
CIRCLE
8
BLACK
10
56.0999999999999943
20
-88.2999999999999972
40
0.4
0
CIRCLE
8
BLACK
10
69.5999999999999943
20
-113.2199999999999989
40
0.4
0
CIRCLE
8
BLACK
10
67.0600000000000023
20
-113.2199999999999989
40
0.4
0
CIRCLE
8
BLACK
10
64.519999999999996
20
-113.2199999999999989
40
0.4
0
CIRCLE
8
BLACK
10
88.4699999999999989
20
-113.3099999999999881
40
0.5
0
CIRCLE
8
BLACK
10
64.4699999999999989
20
-139.9899999999999807
40
0.4
0
CIRCLE
8
BLACK
10
64.4699999999999989
20
-147.6099999999999852
40
0.4
0
CIRCLE
8
BLACK
10
70.4500000000000028
20
-103.6899999999999977
40
0.4
0
CIRCLE
8
BLACK
10
62.8299999999999983
20
-103.6899999999999977
40
0.4
0
CIRCLE
8
BLACK
10
82.8199999999999932
20
-90.7999999999999972
40
0.5
0
CIRCLE
8
BLACK
10
64.4500000000000028
20
-130.8599999999999852
40
0.4
0
CIRCLE
8
BLACK
10
64.4500000000000028
20
-135.8599999999999852
40
0.4
0
CIRCLE
8
BLACK
10
51.4799999999999969
20
-93.4299999999999926
40
0.4
0
CIRCLE
8
BLACK
10
43.8599999999999994
20
-93.4299999999999926
40
0.4
0
CIRCLE
8
BLACK
10
62.2999999999999972
20
-88.1799999999999926
40
0.4
0
CIRCLE
8
BLACK
10
62.2999999999999972
20
-90.7199999999999989
40
0.4
0
CIRCLE
8
BLACK
10
62.2999999999999972
20
-93.2599999999999909
40
0.4
0
CIRCLE
8
BLACK
10
62.2999999999999972
20
-95.7999999999999972
40
0.4
0
CIRCLE
8
BLACK
10
69.9200000000000017
20
-95.7999999999999972
40
0.4
0
CIRCLE
8
BLACK
10
69.9200000000000017
20
-93.2599999999999909
40
0.4
0
CIRCLE
8
BLACK
10
69.9200000000000017
20
-90.7199999999999989
40
0.4
0
CIRCLE
8
BLACK
10
69.9200000000000017
20
-88.1799999999999926
40
0.4
0
CIRCLE
8
BLACK
10
76.2999999999999972
20
-90.6799999999999926
40
0.4
0
CIRCLE
8
BLACK
10
76.2999999999999972
20
-98.2999999999999972
40
0.4
0
CIRCLE
8
BLACK
10
53.1599999999999966
20
-130.9699999999999989
40
0.4
0
CIRCLE
8
BLACK
10
55.6999999999999957
20
-130.9699999999999989
40
0.4
0
CIRCLE
8
BLACK
10
58.2399999999999949
20
-130.9699999999999989
40
0.4
0
CIRCLE
8
BLACK
10
58.769999999999996
20
-140.0999999999999943
40
0.5
0
CIRCLE
8
BLACK
10
83.9899999999999949
20
-103.8599999999999994
40
0.4
0
CIRCLE
8
BLACK
10
76.3699999999999903
20
-103.8599999999999994
40
0.4
0
CIRCLE
8
BLACK
10
53.0700000000000003
20
-115.8499999999999943
40
0.4
0
CIRCLE
8
BLACK
10
53.0700000000000003
20
-123.4699999999999989
40
0.4
0
CIRCLE
8
BLACK
10
50.509999999999998
20
-103.7349999999999994
40
0.4
0
CIRCLE
8
BLACK
10
53.0499999999999972
20
-103.7349999999999994
40
0.4
0
CIRCLE
8
BLACK
10
55.5899999999999963
20
-103.7349999999999994
40
0.4
0
CIRCLE
8
BLACK
10
81.269999999999996
20
-75.6899999999999977
40
0.65
0
CIRCLE
8
BLACK
10
76.269999999999996
20
-75.6899999999999977
40
0.65
0
CIRCLE
8
BLACK
10
84.8399999999999892
20
-128.3100000000000023
40
0.4
0
CIRCLE
8
BLACK
10
84.8399999999999892
20
-135.9300000000000068
40
0.4
0
CIRCLE
8
BLACK
10
67.039999999999992
20
-120.3599999999999994
40
0.4
0
CIRCLE
8
BLACK
10
74.6599999999999966
20
-120.3599999999999994
40
0.4
0
CIRCLE
8
BLACK
10
46.2999999999999972
20
-115.7399999999999949
40
0.5
0
CIRCLE
8
BLACK
10
93.6400000000000006
20
-144.789999999999992
40
1.25
0
CIRCLE
8
WHITE
10
50.4324999999999974
20
-84.8299999999999983
40
0.4
0
CIRCLE
8
WHITE
10
50.4324999999999974
20
-79.8299999999999983
40
0.4
0
CIRCLE
8
WHITE
10
54.6924999999999955
20
-74.7099999999999937
40
0.4
0
CIRCLE
8
WHITE
10
54.6924999999999955
20
-79.7099999999999937
40
0.4
0
CIRCLE
8
WHITE
10
42.8125
20
-84.7599999999999909
40
0.65
0
CIRCLE
8
WHITE
10
42.8125
20
-79.7599999999999909
40
0.65
0
CIRCLE
8
WHITE
10
42.8125
20
-74.7599999999999909
40
0.65
0
CIRCLE
8
WHITE
10
39.4899999999999949
20
-144.5900000000000034
40
1.25
0
CIRCLE
8
WHITE
10
84.0799999999999983
20
-113.2999999999999972
40
0.4
0
CIRCLE
8
WHITE
10
76.4599999999999937
20
-113.2999999999999972
40
0.4
0
CIRCLE
8
WHITE
10
74.1499999999999915
20
-143.9599999999999795
40
0.4
0
CIRCLE
8
WHITE
10
76.6899999999999977
20
-143.9599999999999795
40
0.4
0
CIRCLE
8
WHITE
10
79.2299999999999898
20
-143.9599999999999795
40
0.4
0
CIRCLE
8
WHITE
10
91.957499999999996
20
-103.8900000000000006
40
0.65
0
CIRCLE
8
WHITE
10
91.957499999999996
20
-98.8900000000000006
40
0.65
0
CIRCLE
8
WHITE
10
92.3100000000000023
20
-120.3499999999999943
40
0.4
0
CIRCLE
8
WHITE
10
92.3100000000000023
20
-122.8900000000000006
40
0.4
0
CIRCLE
8
WHITE
10
92.3100000000000023
20
-125.4299999999999926
40
0.4
0
CIRCLE
8
WHITE
10
94.4899999999999949
20
-72.7199999999999989
40
1.25
0
CIRCLE
8
WHITE
10
81.539999999999992
20
-122.9299999999999926
40
0.5
0
CIRCLE
8
WHITE
10
78.0099999999999909
20
-135.9000000000000057
40
0.4
0
CIRCLE
8
WHITE
10
78.0099999999999909
20
-133.3599999999999852
40
0.4
0
CIRCLE
8
WHITE
10
78.0099999999999909
20
-130.8199999999999932
40
0.4
0
CIRCLE
8
WHITE
10
78.0099999999999909
20
-128.2800000000000011
40
0.4
0
CIRCLE
8
WHITE
10
70.3900000000000006
20
-128.2800000000000011
40
0.4
0
CIRCLE
8
WHITE
10
70.3900000000000006
20
-130.8199999999999932
40
0.4
0
CIRCLE
8
WHITE
10
70.3900000000000006
20
-133.3599999999999852
40
0.4
0
CIRCLE
8
WHITE
10
70.3900000000000006
20
-135.9000000000000057
40
0.4
0
CIRCLE
8
WHITE
10
56.0999999999999943
20
-93.2999999999999972
40
0.4
0
CIRCLE
8
WHITE
10
56.0999999999999943
20
-88.2999999999999972
40
0.4
0
CIRCLE
8
WHITE
10
69.5999999999999943
20
-113.2199999999999989
40
0.4
0
CIRCLE
8
WHITE
10
67.0600000000000023
20
-113.2199999999999989
40
0.4
0
CIRCLE
8
WHITE
10
64.519999999999996
20
-113.2199999999999989
40
0.4
0
CIRCLE
8
WHITE
10
88.4699999999999989
20
-113.3099999999999881
40
0.5
0
CIRCLE
8
WHITE
10
64.4699999999999989
20
-139.9899999999999807
40
0.4
0
CIRCLE
8
WHITE
10
64.4699999999999989
20
-147.6099999999999852
40
0.4
0
CIRCLE
8
WHITE
10
70.4500000000000028
20
-103.6899999999999977
40
0.4
0
CIRCLE
8
WHITE
10
62.8299999999999983
20
-103.6899999999999977
40
0.4
0
CIRCLE
8
WHITE
10
82.8199999999999932
20
-90.7999999999999972
40
0.5
0
CIRCLE
8
WHITE
10
64.4500000000000028
20
-130.8599999999999852
40
0.4
0
CIRCLE
8
WHITE
10
64.4500000000000028
20
-135.8599999999999852
40
0.4
0
CIRCLE
8
WHITE
10
51.4799999999999969
20
-93.4299999999999926
40
0.4
0
CIRCLE
8
WHITE
10
43.8599999999999994
20
-93.4299999999999926
40
0.4
0
CIRCLE
8
WHITE
10
62.2999999999999972
20
-88.1799999999999926
40
0.4
0
CIRCLE
8
WHITE
10
62.2999999999999972
20
-90.7199999999999989
40
0.4
0
CIRCLE
8
WHITE
10
62.2999999999999972
20
-93.2599999999999909
40
0.4
0
CIRCLE
8
WHITE
10
62.2999999999999972
20
-95.7999999999999972
40
0.4
0
CIRCLE
8
WHITE
10
69.9200000000000017
20
-95.7999999999999972
40
0.4
0
CIRCLE
8
WHITE
10
69.9200000000000017
20
-93.2599999999999909
40
0.4
0
CIRCLE
8
WHITE
10
69.9200000000000017
20
-90.7199999999999989
40
0.4
0
CIRCLE
8
WHITE
10
69.9200000000000017
20
-88.1799999999999926
40
0.4
0
CIRCLE
8
WHITE
10
76.2999999999999972
20
-90.6799999999999926
40
0.4
0
CIRCLE
8
WHITE
10
76.2999999999999972
20
-98.2999999999999972
40
0.4
0
CIRCLE
8
WHITE
10
53.1599999999999966
20
-130.9699999999999989
40
0.4
0
CIRCLE
8
WHITE
10
55.6999999999999957
20
-130.9699999999999989
40
0.4
0
CIRCLE
8
WHITE
10
58.2399999999999949
20
-130.9699999999999989
40
0.4
0
CIRCLE
8
WHITE
10
58.769999999999996
20
-140.0999999999999943
40
0.5
0
CIRCLE
8
WHITE
10
83.9899999999999949
20
-103.8599999999999994
40
0.4
0
CIRCLE
8
WHITE
10
76.3699999999999903
20
-103.8599999999999994
40
0.4
0
CIRCLE
8
WHITE
10
53.0700000000000003
20
-115.8499999999999943
40
0.4
0
CIRCLE
8
WHITE
10
53.0700000000000003
20
-123.4699999999999989
40
0.4
0
CIRCLE
8
WHITE
10
50.509999999999998
20
-103.7349999999999994
40
0.4
0
CIRCLE
8
WHITE
10
53.0499999999999972
20
-103.7349999999999994
40
0.4
0
CIRCLE
8
WHITE
10
55.5899999999999963
20
-103.7349999999999994
40
0.4
0
CIRCLE
8
WHITE
10
81.269999999999996
20
-75.6899999999999977
40
0.65
0
CIRCLE
8
WHITE
10
76.269999999999996
20
-75.6899999999999977
40
0.65
0
CIRCLE
8
WHITE
10
84.8399999999999892
20
-128.3100000000000023
40
0.4
0
CIRCLE
8
WHITE
10
84.8399999999999892
20
-135.9300000000000068
40
0.4
0
CIRCLE
8
WHITE
10
67.039999999999992
20
-120.3599999999999994
40
0.4
0
CIRCLE
8
WHITE
10
74.6599999999999966
20
-120.3599999999999994
40
0.4
0
CIRCLE
8
WHITE
10
46.2999999999999972
20
-115.7399999999999949
40
0.5
0
CIRCLE
8
WHITE
10
93.6400000000000006
20
-144.789999999999992
40
1.25
  0
ENDSEC
  0
EOF
